i,t,Zx,Zy,Zz,v_rec,J_eff
0,0.0,0.0,0.0,0.0,,0.012419987844840427
1,0.02776,0.288540743118649,0.210355432125637,0.024432136911035185,3.2012039139466926,-0.1408647181473311
2,0.05552,-0.19606250803980696,-0.27386666301834095,-0.01552589367708243,3.2543067454923182,0.012629557379514787
3,0.08327999999999999,0.11280323573096983,-0.08803682405572544,-0.3767492180104044,3.2218034496001957,-0.14146744465928507
4,0.11104,-0.19302151620740454,0.10571898745455141,0.42396790432759046,3.300276110340886,0.012840925470326857
5,0.1388,-0.05229681476922837,0.2049545280050164,0.010639712860992967,3.212490580383639,-0.1420731623524172
6,0.16655999999999999,0.12392290163900349,-0.0817042249439584,-0.0005987968695449764,3.1988993942110118,0.013054102052258175
7,0.19432,0.2738935264620899,0.20239692015116884,-0.3663612628167352,3.2181658179061117,-0.14268188809605992
8,0.22208,-0.18725474925889482,-0.2578320862027282,0.41239946871667144,3.339242601033614,0.013269097064857016
9,0.24984,0.11387109752194964,-0.06933537580085228,-0.002422509170342785,3.227675550587336,-0.1432936388818572
10,0.2776,-0.1845226584374065,0.08784785759506589,0.013527598463622115,3.1990005016378507,0.01348592045140698
11,0.30536,-0.036462640156098694,0.1975532101075413,-0.35670378240265643,3.207901605387992,-0.14390843182497626
12,0.33311999999999997,0.10410623700274811,-0.08289299070181284,0.401630840512633,3.2852831662088935,0.013704582158079737
13,0.36088,0.26066124048437606,0.195261694811235,-0.014799413046643367,3.2241119793451336,-0.14452628416533145
14,0.38864,-0.17934599392487122,-0.24334624089537876,0.026902465701903272,3.24150069186755,0.013925092133072463
15,0.4164,0.11495247542190526,-0.05218837540283386,-0.34773345641550313,3.222283257851432,-0.1451472132688235
16,0.44416,-0.17689566909385934,0.0714521237147565,0.3916145448678552,3.2812653322415724,0.01414746032572805
17,0.47192,-0.02193173186449489,0.190926429294143,-0.026533178561662207,3.214457940498514,-0.14577123662859184
18,0.49968,0.08594318395505596,-0.08409496188999262,0.03957201525158105,3.1955043515555377,0.014371696685640131
19,0.52744,0.24871903482982158,0.18887775012790578,-0.33940958725203774,3.2193542109031714,-0.1463983718662818
20,0.5552,-0.17225731320357401,-0.2302723125226059,0.38230598071162636,3.315627485522753,0.014597811161740248
21,0.58296,0.11604753126025094,-0.036455728525123576,-0.03766344482858497,3.227485595793062,-0.14702863673332583
22,0.61072,-0.17006404521423857,0.056398842045778746,0.05157967357494206,3.1965685571782076,0.01482581370136915
23,0.63848,-0.008586465474010818,0.18500653985621196,-0.3316939416980447,3.210781526972622,-0.14766204911224023
24,0.6662399999999999,0.06928496726203917,-0.0853103044494786,0.37366324723053707,3.2705149933021773,0.015055714249330186
25,0.694,0.23795321294301458,0.183179520787299,-0.04822746379803444,3.2246134553614834,-0.14829862701793534
26,0.72176,-0.16591683501630494,-0.21848570779580428,0.06296625140328982,3.2336379535874156,0.015287522746926727
27,0.74952,0.11715642904550329,-0.022009820404496935,-0.32455060213648756,3.223120686542708,-0.1489383885990418
28,0.77728,-0.16395812422626715,0.04256691109043101,0.3656469808332977,3.2679003428713127,0.015521249130980172
29,0.80504,0.0036803075645537447,0.1797319478857275,-0.05826024450140685,3.2165538434654977,-0.14958135213925125
30,0.8328,0.05399606691219537,-0.08653918645794799,0.07377010178754442,3.195382356785168,0.01575690333283209
31,0.86056,0.22826023716411095,0.1781073077462605,-0.31794582674587024,3.220784304743849,-0.15022753605867328
32,0.88832,-0.16025911465572168,-0.20787296456536974,0.35822020196627746,3.297989229337473,0.01599449527732729
33,0.91608,0.11827933499867822,-0.008734402207713585,-0.06779468858012806,3.2277442468402566,-0.1508769589152063
34,0.94384,-0.15851447387410528,0.02984601485827823,0.08402726860067533,3.196991956352542,0.016234034881778873
35,0.9716,0.014966194788760906,0.17504657158801917,-0.3118479181454345,3.2136428408653264,-0.15152963940592554
36,0.99936,0.03995303531255609,-0.0877817781615085,0.35134817118438527,3.2602356567621222,0.01647553205491488
37,1.02712,0.2195458226161329,0.1736067551034209,-0.07686171762752271,3.225452781322263,-0.1521855963684861
38,1.05488,-0.15522456157281506,-0.19833075896540486,0.09377162606906247,3.229165603419444,0.016718996695806815
39,1.08264,0.11941641758733586,0.0034764232318068994,-0.30622709997668074,3.224245212161755,-0.15284484878254206
40,1.1104,-0.15367533659166185,0.01813566040689786,0.3449982539179234,3.2586029003362205,0.016964438692777882
41,1.13816,0.02536011416006835,0.1708993497604558,-0.08549039283813545,3.2187443690802797,-0.15350741577118227
42,1.16592,0.02704342003532069,-0.08903825200702009,0.10303500987498983,3.1972983312304155,0.01721186792229351
43,1.19368,0.21172411195723734,0.16962837365795408,-0.30105540094156813,3.2224073054790754,-0.15417331660238182
44,1.22144,-0.15075891732027588,-0.18976500116347994,0.3391397934098614,3.284815342198061,0.017461294247831834
45,1.2492,0.1205678475602867,0.014719125169620983,-0.09370802742942264,3.2283732139201997,-0.1548425706904702
46,1.27696,-0.14938812346231783,0.0073443012672081,0.11184734033968477,3.1991855251964365,0.01771272751873431
47,1.30472,0.034943069523036746,0.16724379413715962,-0.29630654584675353,3.216479415824998,-0.15551519759761717
48,1.3324799999999999,0.015164782692024509,-0.09030878267501725,0.3337439913297611,3.2531972874294506,0.0179661775690365
49,1.36024,0.20471692377895698,0.16612710698816063,-0.10154029227261899,3.2265718941840706,-0.15619121703533362
50,1.388,-0.14681278008546142,-0.18209001180554027,0.12023673816551646,3.227013750643047,0.018221654216279186
51,1.41576,0.12173379798297859,0.02508158627804845,-0.29195585323048256,3.225607612394273,-0.156870648865992
52,1.44352,-0.14560495333850235,-0.002611460913681113,0.32878379560044235,3.2522544527667248,0.01847916726029821
53,1.47128,0.0437888568707098,0.16403758168388893,-0.10901131514317729,3.2210108473621486,-0.15755351310436172
54,1.49904,0.00422380535392268,-0.09159354711324785,0.1282296331870268,3.2004375225843105,0.01873872648199435
55,1.5268,0.19845306807621932,0.1630619362542659,-0.2879801391743388,3.2241912780424866,-0.15823982991916352
56,1.55456,-0.14334117165407423,-0.17522777195253245,0.32423379500151994,3.275007409347327,0.01900034164208167
57,1.58232,0.12291444427358104,0.03464386890430808,-0.11614377397636089,3.229314937103098,-0.15892961963464128
58,1.61008,-0.14228223308992685,-0.011807603494375901,0.13585086655328266,3.2024354352457554,0.019264022479815318
59,1.63784,0.05196470759289533,0.16124218327698825,-0.2843576269261091,3.2192945938121023,-0.15962290273215105
60,1.6656,-0.005864523296310584,-0.09289272457084359,0.32007012014030484,3.248517519399457,0.019529778711697067
61,1.69336,0.19286772280208048,0.16039552026881237,-0.12295898449025888,3.227929464726945,-0.16031969985176941
62,1.72112,-0.14030314301708818,-0.16910723994866744,0.1431237867384903,3.2264499588643494,0.01979762003015939
63,1.74888,0.1241099642397845,0.04347891296003706,-0.28106786198262557,3.2271737045953777,-0.16102003179391902
64,1.77664,-0.1393802753092961,-0.020313345084575024,0.31627035040531265,3.24806309969376,0.020067556102227595
65,1.8044,0.05953187433245165,0.158822525518774,-0.12947698251659456,3.223344658783524,-0.161723919521013
66,1.83216,-0.015177649198545667,-0.0942064966331387,0.15007033975382095,3.2042715717359695,0.02033959656815945
67,1.85992,0.18790186605481496,0.15809386768672945,-0.2780916323026634,3.226115905970542,-0.16243138415911845
68,1.88768,-0.1376614151717089,-0.16366372924708977,0.3128134265408885,3.267765687885817,0.020613751040062703
69,1.91544,0.12532053811633503,0.05165317154480496,-0.13571660135911612,3.2305269635988427,-0.1631424469996384
70,1.9432,-0.13686295013217503,-0.028191748704763542,0.15671115391084484,3.206280366084882,0.02089002910048851
71,1.97096,0.06654616457234486,0.1567466827317603,-0.2754108933399265,3.222097353615597,-0.1638571295010129
72,1.99872,-0.02378612801624508,-0.0955350472571514,0.3096795685033077,3.245572560273425,0.021168440301003087
73,2.02648,0.18350175893188708,0.15612603844827488,-0.14169554448003102,3.229496162537422,-0.16457545329043996
74,2.05424,-0.13538205197516534,-0.15883834175222256,0.1630656194657943,3.2269758619786204,0.02144899416073523
75,2.082,0.1265463486033216,0.05922718986127089,-0.27300869760488833,3.228919985723632,-0.16529744016561565
76,2.10976,-0.1346973681262385,-0.03550027113396863,0.3068501982792454,3.2454679649663167,0.021731700164899642
77,2.13752,0.07305842661879744,0.15498559643822785,-0.14743045379678116,3.225743735626693,-0.1660231120964939
78,2.16528,-0.03175424000724589,-0.09687856280774762,0.16915196345397038,3.208465377372745,0.022016567763296933
79,2.19304,0.17961847452874555,0.15446387186404192,-0.2708691284818594,3.228168893715881,-0.16675249122706673
80,2.2208,-0.1334341621906312,-0.15457745172389303,0.3043078673667976,3.2625053978016316,0.022303606368789093
81,2.24856,0.12778758090523762,0.06625613248337406,-0.15293697385439067,3.2319779573649043,-0.1674855998771642
82,2.27632,-0.13285359147701756,-0.042291263248406284,0.17498732000491604,3.2104291148463986,0.022592825355749385
83,2.30408,0.07911499222926849,0.1535128198721618,-0.2689772380441944,3.2248998200468546,-0.1682224605442752
84,2.33184,-0.039140550039873545,-0.09823723209450308,0.30203618863735654,3.2439209602705414,0.02288423405848905
85,2.3596,0.1762074689641513,0.1530817389643472,-0.15822981212258708,3.2312513345525984,-0.16896309590538866
86,2.38736,-0.13178962812000583,-0.15083223573076887,0.18058779641140493,3.2282545885926193,0.023177841769657183
87,2.41512,0.1290444227708369,0.07279026358701554,-0.2673189886260911,3.230830591887672,-0.16970752881885587
88,2.44288,-0.13130437094484051,-0.0486124257250167,0.30001977231367527,3.2440711734047127,0.023473657738615143
89,2.47064,0.08475807975465105,0.15230428528959516,-0.1633227956518356,3.2282102229788925,-0.17045578232627429
90,2.4984,-0.045998417650012946,-0.09961124640928165,0.18596853520879897,3.2128130246916666,0.023771691169785968
91,2.52616,0.17322819068146794,0.1519563169476148,-0.2658811979240352,3.230343499870474,-0.1712078796543915
92,2.55392,-0.13042285845090162,-0.14755824454353278,0.29824416581545005,3.258796520080379,0.024071951220976724
93,2.58168,0.13031706453380504,0.07887538434114374,-0.16822892430827216,3.2336448538185025,-0.17196384421703237
94,2.60944,-0.13002490629314142,-0.05450722409335755,0.19114377250581682,3.2147040296599063,0.02437444700167435
95,2.6372,0.09002616131960024,0.1513380920428663,-0.2646514874146562,3.227715676231111,-0.17272369961704692
96,2.6649599999999998,-0.052376461597672876,-0.10100079956455,0.2966957972387789,3.243249697187763,0.024679187571315223
97,2.69272,0.17064372461019683,0.1510663837557006,-0.17296042079422674,3.2331806681021744,-0.17348746964828018
98,2.72048,-0.1293105631570178,-0.1447150132251362,0.1961268927931873,3.2300602247776133,0.024986181937526802
99,2.74824,0.1316056991542696,0.08455323128236372,-0.2636182338886556,3.2328951740622687,-0.1742551782975658
100,2.776,-0.12899262809363476,-0.06001526676368804,0.29536192224997726,3.243589794477382,0.025295439054341895
101,2.80376,0.09495429725030244,0.1505943135659238,-0.177528777648536,3.230748928009956,-0.1750268497467409
102,2.83152,-0.05831898298353368,-0.10240608793244702,0.2009304804429776,3.2171940744562657,0.02560696782038519
103,2.85928,0.16842046807698968,0.1503926309801647,-0.26277052391257016,3.232636848376382,-0.17580250837468378
104,2.88704,-0.12843154848399269,-0.14226570600959998,0.29423057418749954,3.2563207222753685,0.025920777077031214
105,2.9148,0.13291052226116956,0.08986183915488705,-0.1819448014091096,3.2355108197283764,-0.17658217875937576
106,2.94256,-0.1281869990008459,-0.06517264933520371,0.2055663680985237,3.219002472166352,0.02623687560653442
107,2.97032,0.09957444067248697,0.15005482158323996,-0.26209811104151154,3.2305591781886145,-0.17736588567998487
108,2.99808,-0.06386635062347838,-0.10382731048462818,0.2932905171781758,3.2433362389194067,0.026555272130129724
109,3.02584,0.16652783563307902,0.14991749346383446,-0.186218654109185,3.235274540596163,-0.178153654118975
110,3.0536,-0.12776653022850873,-0.14017679286512164,0.21004568214280891,3.2322428272042267,0.02687597530610359
111,3.08136,0.1342317321955104,0.09483587138681268,-0.26159137561671186,3.235107410460032,-0.1789455092642368
112,3.10912,-0.12758933275877057,-0.07001226819343973,0.2925312020856906,3.2438220375639872,0.027198993727835824
113,3.13688,0.10391571494157201,0.14970312600552443,-0.19035989226834898,3.233366303352366,-0.1797414765112448
114,3.16464,-0.06905535204899285,-0.10526466883290586,0.2143788854217872,3.221543953708546,0.027524335921811374
115,3.1924,0.1649379902179731,0.14962499410801583,-0.26124128699174826,3.235048774592965,-0.18054158146523674
116,3.22016,-0.1272979636784132,-0.13841775491435743,0.29194272512022795,3.254840615200652,0.02785201034560192
117,3.24792,0.1355695300545281,0.0995069210906722,-0.1943775035296671,3.237563781085552,-0.18134584994341954
118,3.27568,-0.12718262935751795,-0.074564106137261,0.2185758173884784,3.223270740434716,0.02818202538581642
119,3.30344,0.10800466632921987,0.14952422911262286,-0.261039368040748,3.233444567830284,-0.1821543079771992
120,3.3312,-0.07391951320069275,-0.10671836727070688,0.2915157889485474,3.2440219293191785,0.02851438935602047
121,3.35896,0.1636255983095754,0.1495006025286847,-0.19827994108511998,3.237526849114314,-0.18296698181443558
122,3.38672,-0.12700988872731794,-0.13696081613710737,0.22264573182364616,3.2347043070290433,0.028849110494624214
123,3.41448,0.13692411973678642,0.10390378521838872,-0.2609776618107515,3.2374639619569328,-0.1837838979217239
124,3.44224,-0.1269514248990144,-0.07885549253124371,0.29124166615347014,3.244623528843835,0.029186196962738713
125,3.47,0.11186549417419245,0.14950449274891464,-0.2020751560229529,3.2360697909415324,-0.1846050829867003
126,3.49776,-0.0784893896084487,-0.10818861281536978,0.22659733227945364,3.225834035060081,0.029525656841999925
127,3.52552,0.16256760692064415,0.1495311063260892,-0.2610487001887263,3.2375810388747484,-0.1854305639203747
128,3.55328,-0.12688778880983237,-0.13578069901045808,0.2911121649008764,3.2541778184985133,0.029867498132360178
129,3.58104,0.13829570798823565,0.10805271426604252,-0.20577062772246837,3.239795353274439,-0.18626036785948988
130,3.6088,-0.12688165485946573,-0.08291134025648887,0.2304388053836446,3.227486541336255,0.030211728749845464
131,3.63656,0.11552026050832484,0.14963151737030542,-0.26124547446155943,3.2363857466846353,-0.1870945221689066
132,3.66432,-0.0827928316022558,-0.1096756152513044,0.2911195966808919,3.245193344692803,0.030558356524281738
133,3.69208,0.16174304049251592,0.1497044938424779,-0.20937339241421482,3.239934176330958,-0.18793305444401567
134,3.71984,-0.12691846242442212,-0.13485440195073523,0.23417785213349024,3.2373818644192247,0.030907389196984852
135,3.7476,0.13968450444925812,0.11197763971003821,-0.2615614076547052,3.239963736451533,-0.1887759925131778
136,3.77536,-0.12696052955340292,-0.08675436153003235,0.2912567459979963,3.2458906781610044,0.0312588344184175
137,3.80312,0.11898908098897436,0.14989403188552414,-0.21289007001638785,3.238867407940453,-0.1896233644401904
138,3.83088,-0.0868552258709186,-0.11117958717403773,0.23782171730092994,3.2300583322212026,0.031612699745811684
139,3.85864,0.16113281591098932,0.15000984738310613,-0.26199032854206955,3.2402367925585667,-0.19047519852678252
140,3.8864,-0.1270899061209382,-0.13416099661223257,0.2915168418923569,3.254197288869284,0.03196899264075565
141,3.91416,0.1410907217027303,0.11570038116156547,-0.21632688935157593,3.242200057630009,-0.1913315233151372
142,3.94192,-0.12717642071081017,-0.09040526447825752,0.24137721706300289,3.231647296191442,0.032327720466745535
143,3.96968,0.1222902988058517,0.1502817933288027,-0.26252644722620777,3.239396117784251,-0.1921923675904429
144,3.99744,-0.0906997154788381,-0.11270074403517127,0.2918935311817961,3.2467692364396137,0.03268889048670133
145,4.0252,0.1607195740276831,0.1504372459671419,-0.21968971184168087,3.2424951929879855,-0.19305776038347394
146,4.05296,-0.12739120793008207,-0.13368144327127343,0.24485076496476724,3.2402366438172057,0.033052509860445646
147,4.08072,0.14251457532312864,0.11924083504892548,-0.2631643321940055,3.2426073691914667,-0.19392773097319843
148,4.10848,-0.1275187581759788,-0.09388293218145757,0.2923808533204935,3.2475490135788263,0.033418585642147246
149,4.13624,0.1254406430812976,0.15078549548695502,-0.22298405377294306,3.2417674942436814,-0.19480230888941752
150,4.164,-0.09434740026285035,-0.11423930418827435,0.24824839631543616,3.2342246909492234,0.03378712477772603
151,4.19176,0.16048752621447124,0.1509776767583946,-0.26389888875874606,3.2430202172409257,-0.19568152391543236
152,4.21952,-0.12781245030334865,-0.1333984226822541,0.2929732167767881,3.2547960896815313,0.03415813410222126
153,4.24728,0.14395628392671167,0.12261714647580729,-0.22621510721744,3.244774743093521,-0.19656540609074266
154,4.27504,-0.1279779358252079,-0.09720458575345131,0.2515757911123669,3.235762407447203,0.03453162033712108
155,4.3028,0.12845537314750496,0.15139668568213782,-0.26472533880484633,3.2424885338198552,-0.19745398571377454
156,4.33056,-0.0978175193595628,-0.11579548893574067,0.2936653768383566,3.24869137845786,0.03490759008765414
157,4.35832,0.1604223146099968,0.1516229544016527,-0.2293877596922143,3.245210227459763,-0.19834729334463952
158,4.38608,-0.1283446217151165,-0.1332961829362965,0.2548382955818289,3.2432459869753347,0.03528604984004178
159,4.41384,0.1454160692228074,0.1258458657565295,-0.26563920175660466,3.245396854566258,-0.1992453598079238
160,4.4416,-0.12854522588104297,-0.10038593288060471,0.2944524147585765,3.2495449893653596,0.0356670059587109
161,4.46936,0.13134840996073233,0.15210768898285848,-0.23250661263228187,3.244778566970458,-0.20014821619550927
162,4.49712,-0.10112761745742282,-0.11736952257663523,0.25804094242009873,3.2383490200611846,0.03605046468346746
163,4.52488,0.1605108848369377,0.15236564755951404,-0.26663627669705253,3.245936282991562,-0.2010558938694267
164,4.55264,-0.12897953615425717,-0.13336039998426197,0.29532971816309345,3.2558953082921995,0.03643643212662877
165,4.5804,0.14689415606623926,0.12894209099532122,-0.23557599874916726,3.2475181557880384,-0.20196842446473984
166,4.60816,-0.1292127008741305,-0.10344130311750627,0.26118846981338995,3.2398482027132824,0.036824914270115396
167,4.63592,0.13413245580011426,0.1529115391807081,-0.26771262556747194,3.2456753104835654,-0.20288583989246267
168,4.66368,-0.10429369622550407,-0.11896163245556003,0.29629296264050575,3.250918140471164,0.03721591696250191
169,4.69144,0.16074137007767988,0.15319901200750868,-0.23859999834228449,3.2480809539731563,-0.20380817234250853
170,4.7192,-0.129709759801584,-0.13357805060529843,0.26428533931037823,3.246398158945443,0.03760944591602547
171,4.74696,0.14839077251092486,0.13191959795473576,-0.2688645573823283,3.2483352845567235,-0.204735454286673
172,4.77472,-0.12997316257059272,-0.10638377112079776,0.2973380944456727,3.251840220566384,0.03800550670355259
173,4.80248,0.1368191032962853,0.15380191592942263,-0.24158245462641403,3.2479092450642297,-0.20566771848164983
174,4.83024,-0.10733035224143463,-0.12057204901256781,0.2673357526166299,3.2424515681857433,0.03840410475550288
175,4.858,0.16110298549532268,0.15411692970263066,-0.270088613398317,3.2489905881845855,-0.20660499797208015
176,4.88576,-0.13052854425225432,-0.1339372967108474,0.2984613142484715,3.2574342062141644,0.03880524535672941
177,4.91352,0.14990614986468176,0.13479095834719446,-0.2445269881347102,3.2504306161407794,-0.20754732609363702
178,4.94128,-0.13082007724369707,-0.1092252688972366,0.27034366737605303,3.243924679572655,0.03920893364335518
179,4.96904,0.1394189347417645,0.15477308749671684,-0.27138155317992096,3.248968278000474,-0.20849473647614306
180,4.9968,-0.11025090262289938,-0.12220100583415469,0.2996590618648919,3.253419963851312,0.03961517459956643
181,5.02456,0.16158593207732305,0.15511385329257796,-0.2474370102530787,3.2511101656216734,-0.20944726304672373
182,5.05232,-0.1314297656994236,-0.13442737997309637,0.2733128120005625,3.249688770231875,0.04002397305435923
183,5.08008,0.1514405227452756,0.13756764758248205,-0.27274034150735715,3.251426662658263,-0.21040494003299573
184,5.10784,-0.13174751672402346,-0.11197668804606316,0.30092800191116026,3.2544074131049823,0.04043533367824259
185,5.1356,0.14194161255012577,0.1558198586283753,-0.2503157359383961,3.2511682191946485,-0.21136780196628996
186,5.16336,-0.11306749945968891,-0.12384873970536353,0.27624669960544873,3.246554569342276,0.04084926097989465
187,5.19112,0.16218130906143208,0.15618475558054157,-0.27416213607605977,3.252189255341695,-0.21233588368491293
188,5.21888,-0.13240786954753542,-0.13503852585706322,0.3022650103251759,3.259365956747174,0.04126575930277271
189,5.24664,0.15299412913774912,0.1402601429118688,-0.25316619566986964,3.2535137749150485,-0.2133092203374416
190,5.2744,-0.1327501047128205,-0.11464797288830003,0.2791486411044707,3.2480134545932984,0.04168483282167694
191,5.30216,0.14439596165361862,0.15693752306874537,-0.27564427593991986,3.2523788533331426,-0.21428784738605652
192,5.3299199999999995,-0.11579123404539722,-0.1255154906630295,0.3036671617029043,3.256176166094985,0.04210648553926588
193,5.35768,0.16288103417854516,0.15732508350366908,-0.25599124667986317,3.2543016084307417,-0.21527180060991286
194,5.38544,-0.1334578199710664,-0.13576185621766335,0.2820217575154326,3.253118360048789,0.042530721282523776
195,5.4132,0.15456721045307079,0.14287801282561155,-0.27718427065338747,3.2546757715325474,-0.21626111610854673
196,5.44096,-0.1338229678892203,-0.11724820529597983,0.30513171740053524,3.257227479828683,0.04295754369918092
197,5.46872,0.1467900445584616,0.1581218203224535,-0.25879358350771475,3.254564250380975,-0.21725583030532153
198,5.49648,-0.1184322318187385,-0.12720150205020425,0.2848689915239363,3.250680798041524,0.04338695625408295
199,5.52424,0.16367777101538616,0.15853071622276246,-0.2787797900702502,3.2555388654323005,-0.21825597995091162
200,5.552,-0.1345750539777442,-0.13658930969793742,0.3066561143561831,3.2616545152110716,0.04381896222551174
201,5.57976,0.1561600115881434,0.1454299984841579,-0.26157574791743987,3.25677042772889,-0.21926160212682483
202,5.60752,-0.13496169138385714,-0.1197856819617683,0.2876931183501198,3.252136511838936,0.04425356470145539
203,5.63528,0.14913122971286663,0.15936889627921214,-0.28042865475945905,3.2559181219036666,-0.22027273424896487
204,5.66304,-0.12099973884327261,-0.1289070205717916,0.3082379545877026,3.2591726745385863,0.044690766575827934
205,5.6908,0.164564862862134,0.159797926956671,-0.26434013821775415,3.2576598597650848,-0.2212894140712322
206,5.71856,-0.13575543957460495,-0.13751356923275865,0.29049675596049274,3.2566907728632777,0.045130570544637316
207,5.74632,0.15777278098721348,0.14792408789376185,-0.2821288270007559,3.2580880791843447,-0.22231167968916593
208,5.77408,-0.1361622782295742,-0.12226798478339337,0.30987499532581453,3.260287487617155,0.04557297910210126
209,5.80184,0.1514262537844193,0.16067526735732068,-0.2670890180205176,3.2581061863395413,-0.22333956954362547
210,5.8296,-0.12350220058039602,-0.13063229635143309,0.29328237466442875,3.2548527233228812,0.046017994536711196
211,5.85736,0.16553627246674976,0.16112334822755284,-0.2838784023251153,3.2590464186061623,-0.22437312242451338
212,5.88512,-0.13699523767109004,-0.13852799602441485,0.31156513974419814,3.264272301083306,0.04646561892724203
213,5.91288,0.15940577070472597,0.15036758347382767,-0.2698245244715304,3.2602043734045356,-0.22541237747454057
214,5.94064,-0.13742111243463886,-0.12470204497713384,0.29605230613249317,3.25631547727707,0.04691585413870855
215,5.9684,0.1536812783902198,0.16203778785219802,-0.28567560156712124,3.2595969219154792,-0.22645737419303044
216,5.99616,-0.12594733364311905,-0.13237758298968064,0.31330642825052907,3.2624004114132696,0.04736870181826852
217,6.02392,0.16658652716935068,0.1625039402129587,-0.2725486759855581,3.261190239268018,-0.22750815243976868
218,6.05168,-0.13829106738601996,-0.13962656941298118,0.298808751871533,3.2604120757912685,0.04782416339106883
219,6.07944,0.16105923646966974,0.15276716360555412,-0.2875187633983871,3.261669673001692,-0.228564752438893
220,6.1072,-0.1387349253555227,-0.12709420147982706,0.31509703030461,3.263579188412864,0.048282240056036624
221,6.13496,0.1559019417747217,0.16345362020426824,-0.2752633795155405,3.261802988337902,-0.22962721478282805
222,6.16272,-0.12834219115682283,-0.1341431376234967,0.30155379118935444,3.259092052533183,0.04874293278161522
223,6.19048,0.16771066893696263,0.16393696192782387,-0.28940633731299475,3.2627193131323913,-0.23069558043626254
224,6.21824,-0.1396398744550068,-0.1408038321158878,0.31693523673179314,3.267198465594369,0.04920624230144263
225,6.2459999999999996,0.1627334377514591,0.15512893869886601,-0.2779704373841287,3.263820305556279,-0.2317698907401711
226,6.27376,-0.14010076507511424,-0.12945025414895486,0.30428938867982486,3.26057123485148,0.04967216910997044
227,6.30152,0.15809340588605597,0.16492020792600937,-0.2913368770376793,3.2634259271568253,-0.23285018741588004
228,6.32928,-0.1306932222973361,-0.13592922098712149,0.318819452501809,3.2658541368317944,0.05014071345802809
229,6.35704,0.1689042088617812,0.16541994498416035,-0.2806715537039975,3.264898743942871,-0.2339365125691793
230,6.3848,-0.14103890246194242,-0.14205484035797503,0.30701740125737864,3.2642898438636196,0.05061187534832505
231,6.41256,0.16442863782740158,0.15745850226672387,-0.29330903434113453,3.2654272141556633,-0.2350289086944786
232,6.44032,-0.1415159685184772,-0.13177551222491773,0.32074818994492454,3.2670979619653804,0.05108565453089514
233,6.46808,0.16026039926142807,0.16643525095119518,-0.2833683404117824,3.2656637638869217,-0.23612741867901083
234,6.49584,-0.13300632652579988,-0.13773609747435214,0.30973958476815533,3.263419524617939,0.0515620504984807
235,6.5236,0.17016308572504113,0.16695066969874553,-0.29532155321836234,3.2665653369258982,-0.23723208580708033
236,6.55136,-0.14248566664285195,-0.14337511845603576,0.3227200623790483,3.2704175844761325,0.052041062481854486
237,6.57912,0.1661451038518023,0.15976097745228263,-0.2860623229389908,3.2676237297004596,-0.23834295376435988
238,6.60688,-0.1429781360621661,-0.1340748384782122,0.3124576002033544,3.2649237607739208,0.05252268944508083
239,6.63464,0.16240725609555273,0.1679966831904999,-0.29737326442744333,3.267415725996966,-0.2394600666422344
240,6.6624,-0.13528690299345886,-0.13956403520227578,0.32473377812299387,3.2695316149770144,0.05300693008071497
241,6.69016,0.17148362826409952,0.16852714333959912,-0.2887549455418279,3.2687920013816436,-0.24058346894219163
242,6.71792,-0.14397793003286524,-0.14476061746074234,0.3151730195388483,3.26833269480423,0.05349378280493884
243,6.74568,0.16788310692675662,0.1620410594146404,-0.2994630803574725,3.269367907056683,-0.24171320558026388
244,6.77344,-0.14448510841488252,-0.13635268942653095,0.3267881348726108,3.270842050140868,0.053983245752632594
245,6.8012,0.16453795183274392,0.16960265209689712,-0.29144757631055124,3.2696978023118644,-0.24284932189151615
246,6.82896,-0.13753989554732038,-0.14141330607650485,0.3178873312236415,3.267854859498101,0.05447531677238247
247,6.85672,0.17286252081266318,0.17014758032070992,-0.3015899902076874,3.2705926678312944,-0.24399186363458542
248,6.88448,-0.14551368174750925,-0.14620767749427901,0.3288820144178989,3.273918661972192,0.05496999342142295
249,6.91224,0.16964292217468677,0.1643030539427361,-0.2941415118777274,3.2716209002175844,-0.24514087699626919
250,6.94,-0.14603494556707639,-0.13861315197246227,0.3206019453384024,3.269392093840603,0.05546727296051389
251,6.96776,0.16665613559290182,0.171251500061823,-0.3037530554590233,3.2715768954630176,-0.24629640859616564
252,6.99552,-0.13976983372918758,-0.14328418585796066,0.3310143776805425,3.2734330094956827,0.05596715234874884
253,7.02328,0.17429677201354324,0.17181038417147174,-0.29683798184359234,3.272877236829114,-0.2474585054913636
254,7.05104,-0.14709111720815393,-0.14771299345426883,0.3233181984440133,3.2725499924716215,0.05646962823829929
255,7.0788,0.17142482881267937,0.16655091263399674,-0.30595140562046397,3.2734994801020236,-0.24862721518118583
256,7.10656,-0.14762590762516312,-0.14085997678119913,0.3331842600525477,3.2748119988141626,0.05697469696908736
257,7.13432,0.16876515971397318,0.17294174747904845,-0.2995381529356177,3.2739146113830806,-0.24980258561198324
258,7.16208,-0.14198087012557506,-0.1451769542312567,0.32603735813887824,3.272416801781883,0.057482354563391846
259,7.18984,0.17578368633013716,0.1735141311227795,-0.3081842342336201,3.2748098800609,-0.2509846651819827
260,7.2176,-0.148708620138415,-0.14927358378397113,0.33539076701782594,3.2776943648206673,0.05799259672038291
261,7.24536,0.1732291102286822,0.16878826494432403,-0.30224313291835686,3.2758187729615877,-0.2521735027461881
262,7.27312,-0.14925643736246685,-0.14309660868918256,0.32876062734259953,3.273994387496621,0.05850541881058843
263,7.30088,0.17086810666826793,0.17467207732776002,-0.31045079511997054,3.2759200700260984,-0.2533691476213349
264,7.32864,-0.14417681439412972,-0.1470918948747324,0.3376330700396697,3.2775604423815516,0.05902081587028611
265,7.3564,0.17732083810726754,0.17525755516583633,-0.3049539742686689,3.277162250958541,-0.25457164959090056
266,7.38416,-0.1503647461737649,-0.15088676203548998,0.3314891483225693,3.276951663844214,0.05953878259582579
267,7.41192,0.17505605405962213,0.17101844738866862,-0.3127503988561386,3.2778301750269687,-0.25578105891016895
268,7.43968,-0.15092514433398524,-0.14532621440866278,0.3399104026980949,3.2790102484939823,0.06005931333787763
269,7.46744,0.17296781358706137,0.17644132113959468,-0.30767167763051534,3.278323953939837,-0.25699742631135125
270,7.4952,-0.14636116426314663,-0.1490292955321915,0.3342240064790282,3.2771232184309746,0.06058240209560753
271,7.52296,0.17890604795425583,0.17703953445257054,-0.315082409463466,3.279225955024258,-0.25822080300876216
272,7.55072,-0.15205820794068786,-0.1525501109771149,0.3422220570619927,3.2817404278611426,0.06110804251077677
273,7.57848,0.17690595227150901,0.17324453014654698,-0.3103971950626597,3.280224970367445,-0.25945124070405434
274,7.60624,-0.15263079041571437,-0.1475517077695381,0.33696623390319747,3.2787480082027964,0.06163622786176681
275,7.634,0.17506689460701993,0.17824844622645414,-0.3174462412989668,3.2804560051771237,-0.2606887915915102
276,7.66176,-0.14853713377432567,-0.15098944808640208,0.3445673802819401,3.2819176702781894,0.062166951057528286
277,7.68952,0.1805373612433756,0.17885907891826433,-0.3131314330918021,3.281655406077989,-0.2619335083633915
278,7.71728,-0.1537878614745263,-0.15426145901811783,0.33971681272221566,3.281548092058411,0.06270020463145193
279,7.74504,0.1787791012415914,0.17546934130417494,-0.31984135613553555,3.282368742930591,-0.26318544421534695
280,7.7728,-0.15437227664169795,-0.1497757727183072,0.3469457713903811,3.283440832313665,0.0632359807351621
281,7.80056,0.17716776123294223,0.18009254405690936,-0.31587525558292034,3.2829358839327534,-0.26444465285188234
282,7.82832,-0.15070767901482382,-0.1529726486344158,0.34247667824378275,3.2819912243579954,0.06377427113223062
283,7.85608,0.18221302853528354,0.18071531901765114,-0.3222672604200073,3.283850295362296,-0.2657111884918869
284,7.88384,-0.1555526938568489,-0.15601885874455443,0.3493566782966847,3.286055189104854,0.06431506719181304
285,7.9116,0.1806758018426335,0.1776954889442432,-0.31862948643788447,3.284847756676076,-0.26698510587422325
286,7.93936,-0.15614863122328668,-0.15200088427437794,0.3452467219126306,3.2836696573082538,0.06485835988220082
287,7.96712,0.17927264089397643,0.1819728196790284,-0.32472350269836137,3.285195636134289,-0.26826646026337797
288,7.99488,-0.15287552156272632,-0.15497919756476675,0.3517995949653483,3.2865098457953668,0.06540413976429471
289,8.022639999999999,0.1839314877598414,0.1826074954754454,-0.3213949121327373,3.2863656190879054,-0.2695553074551741
290,8.0504,-0.1573518119638046,-0.15782056737803615,0.3480277940902164,3.286350060073432,0.0659523969849941
291,8.07816,0.1825963595293859,0.17992538127554433,-0.3272096711980091,3.2871244455833577,-0.2708517037825464
292,8.10592,-0.15795899864540167,-0.15422932762612088,0.35427405876631834,3.2881091521964656,0.06650312127050385
293,8.13368,0.1813835938546838,0.18388858209657585,-0.3241722841034128,3.287760781626698,-0.2721557061213805
294,8.16144,-0.15504316985007585,-0.15700939963661567,0.350820706668337,3.287037319527566,0.06705630191955668
295,8.1892,0.185691347996053,0.18453494996111455,-0.3297253915577065,3.2886927413934584,-0.2734673718964159
296,8.21696,-0.15918443222661452,-0.15966502898622176,0.35677964798707146,3.2906392235705924,0.06761192779654841
297,8.24472,0.18454108442732714,0.18216124497753397,-0.32696232098907096,3.2896960214584703,-0.27478675908721406
298,8.27248,-0.159802629743987,-0.1564632155327984,0.3536262355267299,3.2887755020820175,0.06816998732458994
299,8.30024,0.18350252862793487,0.18583923551384474,-0.33227032469621315,3.2901501321630193,-0.27611392623419206
300,8.328,-0.15721293862940414,-0.15906356406090216,0.3593159794967203,3.2913433409505433,0.06873046847847
301,8.35576,0.18749137470878627,0.1864971166057503,-0.32976571074167677,3.2913023599432365,-0.2774489324447221
302,8.38352,-0.16104987131417464,-0.16155085828905044,0.356445122844109,3.2913687277829364,0.06929335877752918
303,8.41128,0.18651029142375086,0.18440514191930044,-0.33484416481135115,3.2921070610050216,-0.27879183739929864
304,8.43904,-0.16167887267738923,-0.1587045041836967,0.361882706553003,3.2930218125024457,0.06985864527844676
305,8.4668,0.18563121602352495,0.18782427137194585,-0.3325831126099292,3.292809387905186,-0.28014270135777397
306,8.49456,-0.15938696671313168,-0.1611420045835765,0.35927807927152,3.292277527501919,0.07042631456793487
307,8.52232,0.18933047631265362,0.18849351428623864,-0.3374466375016224,3.293763589448669,-0.2815015851656602
308,8.55008,-0.16294753765578573,-0.16347682591866594,0.36447951674356266,3.2954950533436245,0.0709963527553431
309,8.57784,0.18850430026128484,0.1866589843982084,-0.33541515900515884,3.294779270038026,-0.28286855026050245
310,8.6056,-0.16358716471219353,-0.16095500765229678,0.3621257859763616,3.2940813071616075,0.07156874546517057
311,8.63336,0.18777130195447253,0.189843261106276,-0.3400774980030171,3.2953309470496497,-0.28424365867832113
312,8.66112,-0.16156723314011454,-0.16324503957098213,0.3671061300534436,3.296425616490935,0.07214347782948341
313,8.68888,0.19120769194499782,0.1905237396086034,-0.33826245725635057,3.296475654686955,-0.2856269730601256
314,8.71664,-0.1648769237293395,-0.16544184500365042,0.3649888965649162,3.2966156310205603,0.07272053448023973
315,8.7444,0.19052343563392346,0.18892454903053751,-0.34273652953409406,3.297326892574152,-0.28701855665849907
316,8.77216,-0.16552702475113987,-0.16321641107104068,0.3697622970512251,3.2981864964092744,0.07329989954151751
317,8.79992,0.1899243191120889,0.19189584956116157,-0.3411255912610232,3.2980928377387886,-0.2884184733442562
318,8.82768,-0.16375557190985665,-0.16537299209746298,0.367868038890764,3.297727529560098,0.07388155662164562
319,8.85544,0.19312218034046272,0.1925874605284907,-0.3454235417428278,3.299073611756419,-0.2898267876131733
320,8.8832,-0.16683759904696416,-0.16744495895974204,0.37244779718666143,3.3006269171484637,0.07446548880523966
321,8.91096,0.1925680272856658,0.1912034894146483,-0.34400512303828273,3.3001076197222896,-0.2912435645927921
322,8.93872,-0.1674980465372102,-0.16549028264106147,0.3707638167560048,3.2996025613588005,0.07505167864513652
323,8.96648,0.19209169761102235,0.1939817490033958,-0.3481383692491154,3.3007498662824304,-0.2926688700493014
324,8.99424,-0.16595368541239525,-0.16752619003527347,0.3751624371931393,3.3017651255020763,0.07564010815422996
325,9.022,0.19507320970923636,0.19468441055229918,-0.34690159418999467,3.3018960923514524,-0.29410277039449023
326,9.04976,-0.1688292037762037,-0.16948533037971938,0.3736768115117997,3.3021026947392356,0.0762307587972043
327,9.07752,0.19463841011184965,0.19349734767647075,-0.3508808702772035,3.3027947811275116,-0.29554533269278005
328,9.10528,-0.16949989247386155,-0.16777808458105659,0.37790604958866203,3.303611874451931,0.07682361148216844
329,9.13304,0.19427477469645846,0.1961007336815976,-0.34981552727565685,3.3036226929506265,-0.2969966246683332
330,9.1608,-0.16816315667045562,-0.1697049661468749,0.3766075835643499,3.3034027912400203,0.07741864655218347
331,9.18856,0.19706014852979206,0.1968143834675185,-0.35365092537263987,3.30463407766539,-0.29845671471224094
332,9.21632,-0.17085144294033738,-0.17156223092472428,0.3806784912694504,3.3060405869263674,0.07801584377668774
333,9.24408,0.19673492426328124,0.19580756499733382,-0.35274742710621987,3.3056918009917857,-0.29992567188978925
334,9.27184,-0.1715322880067447,-0.17008118311020273,0.37955667379206315,3.305354597150906,0.07861518234281499
335,9.2996,0.19647480359745714,0.19825263488306416,-0.3564484361986902,3.3064190514770413,-0.30140356594780465
336,9.32736,-0.17038546050008388,-0.17190965817969878,0.3834796421906132,3.3073712429749165,0.07921664084660641
337,9.35512,0.1990824571749182,0.19897722855543226,-0.35569778196178836,3.307574835194076,-0.3028904673220815
338,9.38288,-0.17290408114648576,-0.1736750321280156,0.38252460487930895,3.3078422552485103,0.07982019728411502
339,9.41064,0.19885791525325816,0.19813549121524623,-0.35927332440745546,3.308522119650917,-0.3043864471448918
340,9.4384,-0.1735950165171339,-0.17240085755156428,0.38630940412867,3.309307537585851,0.08042582904239866
341,9.46616,0.1986929616029243,0.20043733644411288,-0.3586670647378356,3.30941097444981,-0.3058915772525761
342,9.49392,-0.17262197368651172,-0.17414060896347155,0.3855118825718454,3.3093186798891194,0.08103351289040375
343,9.52168,0.20113968029708562,0.2011728462435357,-0.3621255305812225,3.310456776078422,-0.30740593019321893
344,9.54944,-0.1749869377947426,-0.17582319703009802,0.3891676995210299,3.311743221955471,0.08164322496973889
345,9.5772,0.2010077340675951,0.2004823935826297,-0.3616557340242889,3.3115431629748384,-0.3089295792344083
346,9.60496,-0.17568791468174202,-0.1747383086347415,0.3885189968586866,3.311352701707247,0.08225494078533066
347,9.63272,0.2009303574299174,0.20265477067384757,-0.36500501323984674,3.312351082551897,-0.31046259837108203
348,9.66048,-0.1748739842633851,-0.17639816651018744,0.39205447037782154,3.3132542153067854,0.08286863519597011
349,9.68824,0.20323143990580925,0.2034011841588357,-0.3646642351215788,3.3135236318603227,-0.3120050623334595
350,9.716,-0.17709988272575,-0.17800627257140592,0.3915464230848982,3.3138470881587945,0.08348428240473973
351,9.74376,0.20318473727776026,0.20284946475611645,-0.36791174791022274,3.3145208702687508,-0.31355704659506034
352,9.77152,-0.1778108682576489,-0.1770946660695027,0.39496967726175575,3.315283949218817,0.08410185594932489
353,9.79928,0.20318803794777082,0.20490491465486918,-0.3676930009975,3.3154701941206257,-0.31511862738081486
354,9.82704,-0.17714269997564352,-0.17868268411683044,0.3945946229995378,3.315490572891017,0.08472132869220624
355,9.8548,0.2053574290756768,0.20566223354667743,-0.3708457262541367,3.316554039031023,-0.3166898816752585
356,9.88256,-0.17924283226794419,-0.1802238826753244,0.39791329833195765,3.3177432532808204,0.08534267281073384
357,9.91032,0.20538928715723886,0.20523783008729868,-0.370742453188502,3.3176736826780053,-0.3182708872308233
358,9.93808,-0.17996380825476457,-0.17947099545575385,0.39766404574270275,3.3176122192449484,0.08596585978707753
359,9.96584,0.20546699431589252,0.20718778688772335,-0.37380695525101776,3.3185589981190953,-0.3198617225762152
360,9.9936,-0.17942925599919032,-0.18099452047094378,0.4008853284479531,3.3194251253439946,0.08659086039805648
361,10.02136,0.20751740622920656,0.20795602602291238,-0.37381300264880707,3.3197548331647964,-0.32146246702488834
362,10.04912,-0.18141574564917246,-0.18247572196032974,0.4007551287754101,3.320130439872907,0.08721764470484376
363,10.07688,0.20762175180124337,0.20764855427718676,-0.37679545643232326,3.3208035833181366,-0.32307320068360945
364,10.10464,-0.18214670746161365,-0.18186830458938813,0.4038857783302292,3.3215524121376085,0.08784618204254672
365,10.1324,0.20776816758793323,0.2095034442488478,-0.3769050505505513,3.3218133865597106,-0.32469400446112107
366,10.16016,-0.18173472198398571,-0.18333403975915474,0.4038682987558099,3.3219339568846094,0.08847644100965893
367,10.18792,0.20971118994368657,0.21028263063010386,-0.37981126516447994,3.322938766388702,-0.32632496007689754
368,10.21568,-0.18361862174054072,-0.1847615500255101,0.40691467377400264,3.324050292868236,0.08910838945738396
369,10.24344,0.2098825052498971,0.21008264745155528,-0.3800189890379538,3.324095977552401,-0.3279661500699982
370,10.2712,-0.18435957729328775,-0.18428754921826,0.4070039723650252,3.3241486450720337,0.08974199447883131
371,10.29896,0.21009245383034775,0.21185197923450436,-0.38285442997750324,3.3250563345153688,-0.32961765780802177
372,10.32672,-0.1840601084812632,-0.18570161177876174,0.40997205491303573,3.325895869737595,0.09037722239807731
373,10.35448,0.2119386542357049,0.21264215117110633,-0.3831552019383361,3.3262814102544556,-0.3312795674961557
374,10.38224,-0.185851496103229,-0.18708118625870723,0.4101625570857104,3.3267060612661576,0.09101403875909621
375,10.41,0.21217192761502396,0.21254107070927727,-0.385925011936581,3.327383418353491,-0.3329519641863298
376,10.43776,-0.18660246493321092,-0.18672963829770836,0.41305797553053025,3.328125047316338,0.09165240831455528
377,10.46552,0.21244070879910493,0.21423351746564592,-0.38631406543264707,3.328454140850533,-0.334634933786469
378,10.49328,-0.18640637281017722,-0.18809761205250386,0.4133444519362368,3.3286645186587296,0.0922922950144749
379,10.52104,0.2141997242812182,0.21503472379573774,-0.3890230840540793,3.329624451666252,-0.33632856306985126
380,10.5488,-0.18811443831164365,-0.18943450512106644,0.4161725024143131,3.3306750631247244,0.09293366199474871
381,10.57656,0.21449040521067939,0.21502474119111262,-0.38949594868798776,3.330823321064325,-0.3380329396845664
382,10.60432,-0.1888754507429021,-0.18919543879065845,0.41655004816324126,3.3309777119913173,0.09357647156552719
383,10.63208,0.21481375221441823,0.21664821543092,-0.3921487307395796,3.331857163856895,-0.33974815216308374
384,10.659839999999999,-0.1887744244142677,-0.19052242194662777,0.4193157147536942,3.332679146219445,0.09422068519945961
385,10.6876,0.21649437253278977,0.21746051481845796,-0.39270121445448347,3.3331169749770875,-0.3414742899319235
386,10.71536,-0.1904075495286547,-0.19182143186591225,0.4197797298951086,3.3335882427317864,0.09486626351979038
387,10.74312,0.2168383306875703,0.21753453671220854,-0.39530204728570534,3.3342741669732567,-0.34321144332143855
388,10.77088,-0.19117864591623648,-0.19168578005333445,0.42248770357554066,3.335014782359092,0.09551316628831744
389,10.79864,0.2172123716698293,0.2190962584470698,-0.3959302196287083,3.335406632557842,-0.34495970357570266
390,10.8264,-0.1911651297536507,-0.19297642879238355,0.42303387475880316,3.33569822859067,0.09616135239319805
391,10.85416,0.2188226151990641,0.21991971874695376,-0.3984831393876294,3.336625208992713,-0.3467191628625119
392,10.88192,-0.19273096031085457,-0.19424193865364545,0.42568857121725523,3.337629343355333,0.09681077983661023
393,10.90968,0.21921610317151125,0.22007129999773356,-0.3991833157857372,3.337869661009964,-0.3484899142834945
394,10.93744,-0.19351219035682227,-0.194201457843973,0.426312854462326,3.338115469894976,0.09746140572226496
395,10.9652,0.21963732620876308,0.22157785881785605,-0.4016921226942854,3.3389761314641992,-0.35027205188433763
396,10.99296,-0.19357931677477108,-0.1954600260110782,0.4289184308344943,3.339788449010492,0.09811318624276597
397,11.02072,0.22118450905468504,0.2224125565033384,-0.40246084968177476,3.3402758023245718,-0.35206567066512595
398,11.04848,-0.19508482862375548,-0.19669604102778082,0.4296170353449304,3.3407918501241003,0.09876607666681698
399,11.07624,0.2216241284060778,0.22263584255756477,-0.40492912238942425,3.341490277396996,-0.3538708665907964
400,11.104,-0.19587625075903176,-0.19674323798861112,0.43217740594158993,3.3422353478871774,0.09942003132627424
401,11.13176,0.22208934959873425,0.2240932541743305,-0.4057631637291959,3.3426856561166485,-0.3556877366017124
402,11.15952,-0.1960177789958368,-0.1979736132428262,0.43294677889711114,3.3430514175678634,0.10007500360304142
403,11.18728,0.22358014855171626,0.22493927382133427,-0.4081942728007735,3.3439558012611235,-0.3575163786243531
404,11.21504,-0.1974693380486491,-0.19918379472037925,0.43546562998276483,3.3449259304339996,0.10073094591580808
405,11.2428,0.2240628188996217,0.22522894823277706,-0.40909059644572315,3.345249640372294,-0.35935689158212625
406,11.27056,-0.19827101887497714,-0.19931185973499904,0.43630244225225284,3.345578359436184,0.1013878097066239
407,11.29832,0.22456915333072103,0.2266427059808483,-0.41148771703566245,3.346428492969767,-0.36120937540630016
408,11.32608,-0.19848127924267137,-0.20051759647913986,0.43878324593234797,3.347238071015288,0.10204554542731528
409,11.35384,0.22600966320623056,0.22750013980430878,-0.41244348287936355,3.347772854858466,-0.3630739310470609
410,11.3816,-0.19988469616450388,-0.20170529275797766,0.4396843786517201,3.34833236136613,0.10270410252573266
411,11.40936,0.22653259407682141,0.2278513764437786,-0.4148096066415772,3.3490468807504383,-0.36495066048469293
412,11.43712,-0.20069670995132227,-0.20190803882294603,0.4421304059223075,3.349801280591599,0.10336342943183514
413,11.46488,0.2270774293687866,0.2292264981926183,-0.4158221550106328,3.350306657782155,-0.3668396667408852
414,11.49264,-0.20097055306664846,-0.20309238819951836,0.44309293788505844,3.3507408483336563,0.10402347354360493
415,11.5204,0.2284732152361001,0.2300954456304093,-0.4181601012902021,3.3516316695141652,-0.36874105389016776
416,11.54816,-0.20233113308977724,-0.20426066284171684,0.4455072708955195,3.3525786115124996,0.10468418121279238
417,11.57592,0.22903388043494888,0.23050386516730245,-0.41922694213349765,3.3529786205671455,-0.3706549270714742
418,11.60368,-0.2031535613212788,-0.2045324702968954,0.4465284667068815,3.3533832806602404,0.10534549773048602
419,11.63144,0.2296148526728197,0.231844936051882,-0.4215393684835967,3.3542301513915658,-0.37258139249983807
420,11.6592,-0.20348631187356242,-0.2056984075121825,0.4489140102832947,3.355043111783321,0.10600736731251205
421,11.68696,0.2309709974281884,0.232725503392289,-0.42265817121639415,3.355623809057263,-0.3745205574782209
422,11.71472,-0.20480890017038345,-0.20685006497772876,0.44999130923192565,3.356225903641607,0.10666973308465304
423,11.74248,0.23156711170504402,0.2331871336670641,-0.4249475832812383,3.356959819040582,-0.37647253040947315
424,11.77024,-0.20564183113845658,-0.20718583108425045,0.4523508017057674,3.3577279319766746,0.10733253706768982
425,11.798,0.23218208351525052,0.23449834501099182,-0.42611616724459017,3.35828576929984,-0.3784374208084343
426,11.82576,-0.20602924578974385,-0.2083360802991332,0.4534818073096649,3.3587837821598914,0.10799572016226255
427,11.85352,0.2335032312151107,0.23539064506006696,-0.4283849280467387,3.3596689636268526,-0.38041533931416693
428,11.88128,-0.20731826880131765,-0.20947368933601226,0.4558178306938462,3.360602147018926,0.10865922213354673
429,11.90904,0.23413272901819798,0.2359018850007086,-0.4296012535450867,3.361072706966554,-0.38240639770233353
430,11.9368,-0.20816179724045752,-0.20986878236090006,0.4570003008797966,3.3615476574394045,0.1093229815957442
431,11.96456,0.23477976961076535,0.23718706977173187,-0.4318515922131181,3.3623976944309937,-0.3844107088977131
432,11.99232,-0.20860002628939717,-0.2110058393657017,0.4593152904315002,3.3632194904622894,0.10998693599638755
433,12.02008,0.2360701649435258,0.23809122155719936,-0.43311375209518876,3.363845083551734,-0.38642838698686033
434,12.04784,-0.20985952937055916,-0.21213175431797957,0.4605471283098328,3.3644892911900577,0.11065102160045251
435,12.0756,0.23673118107715216,0.23864880832368124,-0.43534777206558883,3.3652456748240183,-0.38845954723091036
436,12.10336,-0.21071375613119708,-0.21258197172349522,0.46284338151723303,3.3660314820511053,0.11131517347427902
437,12.13112,0.23740854807637385,0.23991147343120015,-0.43665398381580184,3.366639842449248,-0.39050430607853265
438,12.15888,-0.2111993086050298,-0.21370812459477725,0.4641226267159618,3.3671980416898526,0.11197932546929494
439,12.18664,0.23867207231755835,0.2408276019398894,-0.4388736705408682,3.3680845743565424,-0.392562781179029
440,12.2144,-0.2124329903149297,-0.21482450481465665,0.4664023117436726,3.369012262535283,0.11264341020554484
441,12.24216,0.23936292433343556,0.24142858100884756,-0.440222268850457,3.3695487766232524,-0.3946350913955856
442,12.26992,-0.2132980220719495,-0.2153260351863219,0.4677271322682712,3.37008949849962,0.11330735905501853
443,12.29768,0.24006904723766745,0.24267193672547177,-0.44242949704209655,3.3709484322333783,-0.3967213568186758
444,12.32544,-0.21382773394091392,-0.2164433831059029,0.46999229589426156,3.371783963154029,0.11397110212477396
445,12.3532,0.24130925100245007,0.24360017267153317,-0.44381892683099944,3.3724538692387886,-0.3988216987796205
446,12.38096,-0.21503897727851795,-0.21755221063914595,0.4713609804813635,3.3731400637871403,0.11463456823986053
447,12.40872,0.2420284231702711,0.24424187059903749,-0.4460154672685005,3.3739218025904436,-0.4009362398643017
448,12.43648,-0.21591492627202677,-0.21810159901903658,0.47361355555611023,3.3747289573990393,0.11529768492602879
449,12.46424,0.24276188829572126,0.2454688573630701,-0.4474442771308336,3.3753864846111563,-0.403065103927036
450,12.491999999999999,-0.21648593150776488,-0.21921206941944413,0.4750245064913393,3.3760020707275102,0.11596037839223428
451,12.51976,0.24398202137488484,0.2464093369844883,-0.44963180305899203,3.3768961668393227,-0.4052084161046118
452,12.54752,-0.21767783236514887,-0.22031516511845703,0.47726631894812116,3.3778256484146993,0.11662257351292554
453,12.57528,0.2447281500914917,0.24708933660819582,-0.45109863910655257,3.378424508151579,-0.4073663028304839
454,12.60304,-0.21856481617084172,-0.2209092814401202,0.4787180453200573,3.3790274557645614,0.11728419381011836
455,12.6308,0.24548768686784306,0.24830264944102315,-0.4532787322489452,3.379900435833285,-0.40953889184913883
456,12.65856,-0.2191745203952363,-0.22201464562603873,0.4809508207635595,3.3807541442271565,0.1179451614352506
457,12.68632,0.24669072540769216,0.2492555143221719,-0.45478233232874354,3.381468161285872,-0.4117263122306245
458,12.71408,-0.2203499134771654,-0.22311368383115684,0.48244193212754066,3.3821965260328932,0.11860539715081611
459,12.74184,0.2474625859167244,0.24997163218544974,-0.4569564885394443,3.38300636190071,-0.41392869438525054
460,12.7696,-0.22124805480386683,-0.22374969417960114,0.4846673020262912,3.3838382532010165,0.11926482031177293
461,12.79736,0.2482470544142216,0.25117374293696215,-0.4584956768027101,3.3845440955061075,-0.4161461700784602
462,12.82512,-0.2218941112973678,-0.22485158156155322,0.4861965024533357,3.3852149916803604,0.11992334884672715
463,12.85288,0.249435725677752,0.2521391398551596,-0.46066531137833594,3.386122215621076,-0.4183788724458771
464,12.88064,-0.22305559373350572,-0.22594810347854125,0.48841600995996154,3.387059966218491,0.12058089923888349
465,12.9084,0.2502322199831087,0.2528894056551723,-0.4622389931798098,3.387718413748413,-0.42062693600852874
466,12.93616,-0.22396502024570034,-0.22662344392342462,0.4899820924475966,3.3883808806795015,0.12123738650676702
467,12.96392,0.25104059956149727,0.2540825832713321,-0.4644054458524672,3.38927257649508,-0.42289049668824774
468,12.99168,-0.22464530810481242,-0.2277233549877765,0.4921971978694373,3.3901485312533364,0.12189272418470531
469,13.01944,0.2522174044869643,0.2550606640655534,-0.4660126029600692,3.390906793058274,-0.42516969182325837
470,13.0472,-0.22579526096071742,-0.22881878087814825,0.4937990390926167,3.3916777875966715,0.1225468243030717
471,13.07496,0.2530375503538307,0.25584330194498867,-0.46817714259052956,3.392518352335457,-0.42746466018394236
472,13.10272,-0.22671610512408497,-0.2295311336507748,0.4960111250338733,3.393378158883597,0.12319959736828873
473,13.13048,0.2538689293333226,0.25702963093436787,-0.4698168286866984,3.3941319052528764,-0.42977554198879475
474,13.15824,-0.22742870937646106,-0.23063045177910182,0.49764768041549123,3.3948566612982964,0.12385095234258464
475,13.186,0.25503616308708577,0.25802055239444355,-0.47198065767596253,3.395782041321325,-0.4321024789205683
476,13.21376,-0.2285693172511503,-0.2317260920694706,0.49985805661081095,3.3967338612338707,0.12450079662349808
477,13.24152,0.2558790840337707,0.25883396391264873,-0.47365199413309395,3.3974498733640566,-0.43444561414261035
478,13.26928,-0.22950171619930818,-0.23247336387467996,0.5015283556925545,3.3981698791184427,0.12514903602313773
479,13.29704,0.2567326502971337,0.2600153611729915,-0.4758162525694143,3.399084566151507,-0.436805092315392
480,13.3248,-0.23024490970199477,-0.23357336611544977,0.5037382635507544,3.399986533324756,0.12579557474717973
481,13.35256,0.25789242100010284,0.2610192849477898,-0.47751842448288656,3.4007894720212875,-0.4391810596132393
482,13.38032,-0.23137817858311327,-0.23467043152266134,0.5054414056462051,3.4016038045851023,0.12644031537360906
483,13.40808,0.2587573371925761,0.26186203358175764,-0.47968419404028284,3.4024776503269485,-0.4415736637412585
484,13.43584,-0.2323222740039452,-0.2354507337953417,0.5076520225217057,3.403368387164911,0.12708315883120097
485,13.4636,0.25963236963556635,0.26304026373327194,-0.4814164465035582,3.404170013898378,-0.44398305395247095
486,13.49136,-0.23309450096589934,-0.23655260068170653,0.5093871726346929,3.4049477252924,0.12772400437773165
487,13.51912,0.26078661542659093,0.26405735625650956,-0.48358475410689855,3.405895849038993,-0.44640938106514916
488,13.54688,-0.23422227449828584,-0.2376522114418838,0.5115996158431749,3.4068669804832483,0.12836274957792243
489,13.57464,0.2616728353954868,0.2649281532955127,-0.48534638871412683,3.407639171057911,-0.44885279748036444
490,13.6024,-0.2351782125383878,-0.23846384237483512,0.5133660008354146,3.4084153654252702,0.12899929028111057
491,13.63016,0.2625686961502461,0.26610484265452344,-0.4875182099849352,3.409356999139304,-0.45131345719974614
492,13.65792,-0.2359780735225767,-0.239568666873965,0.5155813314292188,3.410288502585186,0.12963352059864364
493,13.68568,0.2637192007352342,0.2671352750869862,-0.48930858154737017,3.411136817688628,-0.45379151584345395
494,13.71344,-0.2371020478321316,-0.24067186115574554,0.5173782364222331,3.411995422212454,0.13026533288099246
495,13.7412,0.2646261138422622,0.26803296679682564,-0.4914848440436679,3.4129050479636738,-0.45628713066837184
496,13.76896,-0.23806997901805343,-0.24151328934108487,0.5195974627400828,3.413829606336803,0.1308946176945806
497,13.79672,0.2655422412050408,0.26920961611151495,-0.4933033575070304,3.4146794325761545,-0.4588004605865218
498,13.82448,-0.23889621729136534,-0.24262208501286842,0.5214242277373098,3.4155096723668152,0.1315212637983215
499,13.85224,0.2666906480273317,0.2702535642985952,-0.4954849437697185,3.4164847686216766,-0.4613316661836997
500,13.88,-0.24001795449347701,-0.24372982658796752,0.5236483087420617,3.417479995763023,0.13214515811987199
501,13.90776,0.267617717614569,0.271177120242512,-0.4973310513204258,3.418307533598145,-0.46388090973834617
502,13.93552,-0.240998033668568,-0.24459967612836622,0.5255043254579149,3.419139116094366,0.13276618573157817
503,13.96328,0.2685536196152805,0.2723551163016274,-0.49951880173796087,3.4201113954309155,-0.46644835524064177
504,13.99104,-0.24184952277953894,-0.24571338456437214,0.527734173875216,3.421075768870302,0.1333842298261305
505,14.0188,0.2697014447707261,0.2734127607452026,-0.5013920000868701,3.4219704017084647,-0.4690341684118392
506,14.04656,-0.24297046328980912,-0.24682656980209267,0.5296188827586532,3.4228744189639775,0.13399917169190995
507,14.07432,0.2706482019322213,0.2743612631585998,-0.5035867155892769,3.4238222938753093,-0.47163851672383506
508,14.10208,-0.24396284956559847,-0.24772360676097233,0.5318553680286047,3.4247834756870277,0.1346108906880233
509,14.12984,0.2716034504889245,0.2755418893741408,-0.5054865434222747,3.425682126458808,-0.4742615694189857
510,14.1576,-0.2448385820406758,-0.24884310436826054,0.5337682554695238,3.426564888154682,0.13521926421902816
511,14.18536,0.2727520944981305,0.2766134152179204,-0.5076889880148768,3.427570896934299,-0.4769034975301625
512,14.21312,-0.24596005579519076,-0.24996256861464347,0.5360122065227276,3.4285946313584126,0.1358241677093413
513,14.24088,0.2737181324186704,0.2775860493432371,-0.5096150236003038,3.4294771713890473,-0.4795644739010624
514,14.26864,-0.24696491251634184,-0.25088568868614963,0.5379528022302127,3.4303638235591323,0.13642547457731863
515,14.2964,0.27469235802517306,0.2787704953991335,-0.5118259267469242,3.431370245565293,-0.48224467320676956
516,14.32416,-0.2478639895751767,-0.2520117928747699,0.5402050100988862,3.4323706774083598,0.13702305620901553
517,14.35192,0.27584311656534644,0.279856092426703,-0.5137777856904173,3.433312790199334,-0.48494427197457257
518,14.37968,-0.24898722625802236,-0.253138316271679,0.5421728846409918,3.4342635524540834,0.13761678193161148
519,14.40744,0.276828085376178,0.28085213772316014,-0.5159978445552189,3.4352521363247246,-0.48766344860504546
520,14.4352,-0.25000472098000426,-0.25408653356190564,0.5444341049151988,3.436252684020246,0.13820651898649886
521,14.46296,0.2778209722756003,0.2820415083737676,-0.5179751776931351,3.437201059681009,-0.4904023833933933
522,14.49072,-0.25092634317915746,-0.25522000838968817,0.5464288674105875,3.4381367095155055,0.1387921325020312
523,14.51848,0.27897504596531675,0.28314137101864423,-0.5202050592497154,3.4391773422793745,-0.49316125855106596
524,14.54624,-0.25205248154616855,-0.2563543211842062,0.5486998225490266,3.440233696175731,0.13937348546592562
525,14.574,0.27997864807111994,0.28416019316921515,-0.5222075506728322,3.4411713218348856,-0.49594025822764437
526,14.60176,-0.2530827860248817,-0.2573267580048422,0.5507211185013626,3.442113150527961,0.13995043869731255
527,14.62952,0.28098992987248483,0.2853555162639956,-0.5244478936886694,3.443157057488755,-0.4987395685330088
528,14.65728,-0.25402624474743346,-0.25846831932832304,0.5530025000055825,3.444196629582075,0.14052285081843252
529,14.68504,0.28214843319439586,0.2864698436310981,-0.5264752588883646,3.445187588470571,-0.5015593775597843
530,14.7128,-0.2551563411272521,-0.25961110671836085,0.5550500092721339,3.4461866071938694,0.14109057822596796
531,14.74056,0.2831704190298988,0.28751088727600566,-0.528726675792227,3.4472183686549536,-0.5043998754060762
532,14.76832,-0.25619963131992773,-0.2606069843027713,0.5573424797325207,3.4482609912867694,0.14165347506200862
533,14.79608,0.284199874728668,0.2887131210799679,-0.5307786599218073,3.449260242424056,-0.5072612541984965
534,14.82384,-0.2571643010358602,-0.26175730447875367,0.5594159146189468,3.450249479626576,0.14221139318464665
535,14.8516,0.2853638441675963,0.28984211697797785,-0.5330417385612791,3.451328271140069,-0.510143708115484
536,14.87936,-0.2582993370821553,-0.2629092110366955,0.5617201096403196,3.452421120117839,0.14276418213819345
537,14.90712,0.2864040083459676,0.2909048991103562,-0.5351181148055822,3.4534142952755538,-0.5130474334109261
538,14.93488,-0.2593557931589344,-0.2639278410964984,0.5638192131141003,3.454411785286855,0.143311689123014
539,14.96264,0.2874514587129592,0.2921149389836494,-0.5373934201014298,3.455496405528703,-0.5159726284380897
540,14.9904,-0.2603411243878845,-0.26508755327479916,0.5661357431282823,3.4565781267992692,0.1438537589649678
541,15.01816,0.28862186017994607,0.293258811967812,-0.5394939881482342,3.4576194882862965,-0.5189194936738537
542,15.04592,-0.26148201415001776,-0.2662491869872963,0.5682602871437145,3.4586684444977567,0.1443902340844603
543,15.07368,0.28968003799849606,0.2943429159329394,-0.5417820636519313,3.4597458772624274,-0.5218882317432693
544,15.10144,-0.2625518205156821,-0.2672899640348322,0.5705897391160074,3.460833273375281,0.1449209544650916
545,15.129199999999999,0.2907453423048117,0.295561600427358,-0.5439066482591068,3.461884780370986,-0.5248790474444303
546,15.15696,-0.2635573334297828,-0.26845966607916777,0.5727395230441152,3.4629286042847687,0.14544575762189604
547,15.18472,0.29192307791141076,0.29672056385234113,-0.5462080176194645,3.4640489574392053,-0.5278921477736751
548,15.21248,-0.26470492980322186,-0.2696316020378138,0.5750824620801886,3.465181994605083,0.1459644785691723
549,15.24024,0.2929991421832427,0.2978256338971053,-0.5483564672721614,3.4662315236577728,-0.5309277419511177
550,15.268,-0.2657882751286234,-0.27069399640657943,0.5772573112373058,3.467285498375699,0.14647694978789227
551,15.29576,0.2940821952317572,0.29905375032214354,-0.5506716356166438,3.4684139817392645,-0.5339860414465185
552,15.32352,-0.2668135537387366,-0.2718742544772702,0.5796142820966192,3.4695408175647224,0.1469830011926832
553,15.35128,0.29526810947315413,0.30022802240463364,-0.5528438212691726,3.470634317859014,-0.5370672600054932
554,15.37904,-0.26796865435106665,-0.2730570382518138,0.5818140463657777,3.4717350547774073,0.14748246009837973
555,15.4068,0.2963619676562282,0.3013537587286847,-0.55517327650515,3.4728606922941005,-0.540171613676075
556,15.43456,-0.2690657316138619,-0.2741405897530293,0.584185574887293,3.4739955701716028,0.14797515118613405
557,15.46232,0.29746269709284096,0.3025920482351014,-0.557369090402523,3.4751009267628374,-0.5432993208356263
558,15.49008,-0.2701104184875844,-0.27533194158221663,0.5864101274269132,3.4762006098273317,0.14846089646908356
559,15.51784,0.29865758249318325,0.3037818521258736,-0.5597133044434017,3.477365834532539,-0.5464506022181145
560,15.5456,-0.27127377107100925,-0.27652609230516867,0.5887967218725041,3.4785426172152634,0.14893951525756338
561,15.57336,0.29976917409083476,0.30492800639027784,-0.5619326590178173,3.479649612136604,-0.5496256809417525
562,15.60112,-0.27238477760536495,-0.27763040446417525,0.5910459579072199,3.4807612010413145,0.14941082412385934
563,15.62888,0.30088753797111517,0.30617716861489014,-0.5642920889386851,3.4819366498789086,-0.5528247825370115
564,15.65664,-0.2734485690698275,-0.27883336235153516,0.5934481102278699,3.483111547890496,0.1498746368664933
565,15.6844,0.30209214023970055,0.3073827324801468,-0.5665349157765299,3.4842590947890053,-0.5560481349750124
566,15.71216,-0.2746208763665341,-0.2800393755404741,0.5957219459166299,3.485413612493737,0.150330764474037
567,15.73992,0.30322143444900496,0.30854910373333716,-0.5689100049036828,3.4865900412958477,-0.5592959686963053
568,15.76768,-0.275746013921528,-0.2811641103617291,0.5981401329461986,3.4877751370316,0.15077901508843994
569,15.79544,0.3043574190380635,0.30980980104489275,-0.5711762537788856,3.4889361373129066,-0.5625685166400393
570,15.8232,-0.2768286557082207,-0.28237916391619483,0.6004385043230926,3.490093203081028,0.15121919396786934
571,15.85096,0.30557244178072723,0.31103135815671723,-0.5735674327173416,3.4913065501841447,-0.5658660142735288
572,15.87872,-0.27801057995086687,-0.28359751405775824,0.6028731889041502,3.4925305404842133,0.15165110344905375
573,15.90648,0.30671943536724094,0.31221778914115567,-0.5758570706871804,3.4936963938364087,-0.5691886996222336
574,15.93424,-0.27915005475735605,-0.28474238727178003,0.6051960508876834,3.4948670058748883,0.152074542909118
575,15.962,0.30787305315267594,0.3134906505236054,-0.5782647582900389,3.496092502305852,-0.5725368133001423
576,15.98976,-0.2802513380500617,-0.28597000592253674,0.6076476829336435,3.4973184152280004,0.1524893087269081
577,16.01752,0.309099162178793,0.3147284393594261,-0.5805777688497364,3.4985220821997594,-0.5759105985405876
578,16.045279999999998,-0.28144350505590693,-0.2872011488399736,0.6099950084004421,3.4997325340650147,0.15289519424379172
579,16.07304,0.31026387755815343,0.31593481316569505,-0.5830023731330152,3.50096240607344,-0.5793103012274763
580,16.1008,-0.28259752790169057,-0.2883659255897949,0.6124640258979753,3.502200499863726,0.15329198972392918
581,16.12856,0.3114351654577563,0.31722043777199077,-0.585338755425681,3.503419128266796,-0.5827361699269686
582,16.15632,-0.28371728575211297,-0.2896065608877645,0.6148358048171596,3.5046353337582743,0.15367948231400544
583,16.18408,0.31267299271970567,0.318474702123,-0.5877806744320444,3.5059000248055514,-0.5861884559195909
584,16.21184,-0.2849202886658985,-0.2908509359119988,0.6173226347726277,3.5071746249751206,0.15405745600241327
585,16.2396,0.3138554762283572,0.319700939161056,-0.5901404425107413,3.5084009880388374,-0.5896674132328044
586,16.26736,-0.2860890749790393,-0.29203542684049916,0.6197188733973185,3.5096322900542023,0.15442569157787964
587,16.29512,0.31504449397593187,0.3209998995676776,-0.5926000651253367,3.510910920108764,-0.5931732986740338
588,16.32288,-0.287227179057901,-0.2932895145696716,0.6222239327307534,3.5121908261534687,0.15478396658752824
589,16.35064,0.3162946411746197,0.3222708886561959,-0.59498324726424,3.513452848358304,-0.5967063718641621
590,16.3784,-0.2884415817754888,-0.29454754653208653,0.6246446528433954,3.5147215390620064,0.15513205529436153
591,16.40616,0.3174949615135493,0.3235169439162576,-0.5974609539856623,3.5160075830661426,-0.600266895271504
592,16.43392,-0.28962535171571263,-0.2957516042350649,0.6271683492333379,3.517301514066864,0.1554697286341614
593,16.46168,0.31870179020773404,0.324829789106021,-0.5998675920374767,3.5185799379325764,-0.6038551342462626
594,16.48944,-0.29078170937001324,-0.2970195663513394,0.6296135874417285,3.5198572597369915,0.15579675417179348
595,16.5172,0.319964832094816,0.32611775771184087,-0.6023637557067073,3.5211765132796606,-0.6074713570554813
596,16.54496,-0.29200804967196436,-0.29829166741489294,0.6321563201240439,3.5225050967917073,0.15611289605690662
597,16.57272,0.3211830789316719,0.3273836182898859,-0.6047939045036719,3.5237938621088305,-0.6111158349185003
598,16.60048,-0.2932070282300935,-0.29951518322790616,0.6346261272051525,3.525087761632772,0.15641791497901697
599,16.62824,0.32240781973403826,0.32871087638816887,-0.6073088909936721,3.526422636827939,-0.6147888420429258
600,16.656,-0.29438157981986607,-0.3007974296415661,0.6371882877287626,3.5277595580906516,0.15671156812196627
601,16.68376,0.32368430713878893,0.3300160849839575,-0.6097626177896631,3.5290823301134213,-0.6184906556611198
602,16.71152,-0.29562037224157606,-0.30208400098541305,0.639682728017606,3.530411715060115,0.1569936091177428
603,16.73928,0.32492058985510125,0.3313017678490898,-0.6122967866581407,3.5317567475774743,-0.622221556067222
604,16.76704,-0.2968347893469918,-0.30332690207530866,0.6422647009598971,3.5331094276232786,0.15726378799965654
605,16.7948,0.326163362825083,0.33264394863641916,-0.6147741706095224,3.5344499920483665,-0.6259818266547197
606,16.82256,-0.29802750583731796,-0.3046238322918528,0.6447838517809029,3.535790615688124,0.15752185115485343
607,16.85032,0.32745382543141643,0.3339666635322998,-0.6173278757172471,3.5371676707360606,-0.6297717539545624
608,16.87808,-0.29927924429998376,-0.305925265663324,0.6473860154254185,3.5385536097794557,0.1577675412761624
609,16.90584,0.328708272002878,0.33527221351532316,-0.619829007400285,3.5399068975188874,-0.6335916276738457
610,16.9336,-0.3005093349361583,-0.307187512398024,0.6499299665638795,3.5412655293488826,0.15800059731325902
611,16.96136,0.3299692150582419,0.33662981073726683,-0.622402597497189,3.54265980616707,-0.6374417407350648
612,16.98912,-0.3017202157224041,-0.30849951703080486,0.6525526935427449,3.544056825411599,0.15822075442313654
613,17.01688,0.3312741639551606,0.33797030423474483,-0.6249275784599605,3.5454429005352712,-0.6413223893159565
614,17.04464,-0.30298537594697456,-0.30981619617740863,0.6551215467541092,3.546835586564981,0.15842774391986944
615,17.0724,0.33254691995405083,0.3392957922191833,-0.6275213977411283,3.5482425222588962,-0.6452338728899356
616,17.10016,-0.30423138027514574,-0.3110977797499112,0.6577652046575001,3.549656948705926,0.15862129322366253
617,17.12792,0.3338261879466817,0.34066928571267874,-0.6300703400880109,3.551062173404767,-0.6491764942671396
618,17.15568,-0.3054604512213916,-0.31242524191687576,0.6603590732123893,3.552468485551793,0.15880112580916467
619,17.18344,0.3351461179734035,0.342027836268116,-0.6326847287215478,3.5539066226971214,-0.6531505596360963
620,17.2112,-0.3067394929457161,-0.31375754390989613,0.663024025167224,3.555353312731884,0.15896696115304196
621,17.23896,0.33643734568327205,0.34337335756665227,-0.6352577547284788,3.5567734603883157,-0.6571563786060141
622,17.26672,-0.30800165643682226,-0.3150584841946539,0.6656430334302076,3.558199176468341,0.15911851468079308
623,17.29448,0.33773510958101977,0.344763215220256,-0.6378930493571259,3.5596560741487178,-0.6611942642497288
624,17.32224,-0.309248968109296,-0.3164017808104298,0.6683296386501119,3.561116350319834,0.15925549771279401
625,17.35,0.3390705014862001,0.34614010761814235,-0.6404902911159431,3.562568441198184,-0.6652645331472982
626,17.37776,-0.3105423371269322,-0.3177500772707149,0.6709739216903848,3.5640271884826933,0.1593776174095567
627,17.40552,0.3403803791198671,0.3475057805190279,-0.6431468253342046,3.5654990503013035,-0.6693675054302726
628,17.43328,-0.31182091070195483,-0.3190704208925468,0.6736825359988667,3.56697831822563,0.15948457671619154
629,17.46104,0.34169682528608314,0.3489124600830658,-0.6457684244244936,3.5684508961983625,-0.673503504826644
630,17.4888,-0.31308653678094917,-0.3204299238661662,0.6763522392311103,3.569925479410619,0.15957607430605442
631,17.51656,0.3430481477188754,0.35030798561937904,-0.6484465292329417,3.5714280400755594,-0.6776728587064969
632,17.54432,-0.31439466681848555,-0.3217945821018028,0.6790832155597747,3.572938921997266,0.1596518045235681
633,17.57208,0.34437686873166773,0.3516939500888178,-0.6510926364199068,3.5744284770187544,-0.6818758981283666
634,17.59984,-0.315689906997393,-0.3231344006993239,0.6817784944135752,3.5759238392263732,0.15971145732619774
635,17.6276,0.34571219829488004,0.35311790085006506,-0.653792640658235,3.577446656228749,-0.6861129578863273
636,17.65536,-0.3169739428526744,-0.3245104780470116,0.6845321832770977,3.578973438991495,0.15975471822556764
637,17.68312,0.3470799096440557,0.3545323575260524,-0.6564634156152186,3.5804944196153654,-0.6903843765578179
638,17.71088,-0.3182972573009787,-0.3258918621117743,0.687253202893423,3.58202214467013,0.15978126822770586
639,17.73864,0.3484276821349921,0.3559387740538779,-0.6591856463755283,3.583562073857519,-0.694690496552221
640,17.7664,-0.31960942636049566,-0.32725125077899364,0.6900299528429159,3.5851093878181577,0.15979078377239742
641,17.79416,0.3497821104419079,0.35738043838815736,-0.6618812574298848,3.586652185660769,-0.6990316641602186
642,17.82192,-0.3209119877766108,-0.3286442676606621,0.69277688779623,3.588197815367951,0.15978293667162566
643,17.84968,0.35116666053788925,0.3588141311149198,-0.6646260404516037,3.5897682195752525,-0.7034082296039295
644,17.87744,-0.32225090129009076,-0.3300427393413911,0.6955770458525357,3.5913467999670914,0.15975739404709513
645,17.9052,0.3525337067322466,0.360241179692096,-0.6673466643527259,3.592908514981855,-0.7078205470878522
646,17.93296,-0.32358026743055757,-0.3314218152326464,0.6983500798972451,3.5944762904977985,0.15971381826680695
647,17.96072,0.35390746287795205,0.36170099450706966,-0.6701143244004882,3.596068419958018,-0.7122689748506283
648,17.98848,-0.32490148946971176,-0.3328321349200317,0.7011739919656164,3.5976650635308838,0.15965186688067845
649,18.01624,0.35530929457135324,0.36315423532136926,-0.6728601461088669,3.599257972411953,-0.7167538752176412
650,18.044,-0.32625640944648043,-0.3342480546604276,0.7039733178056149,3.600857752176457,0.1595711925551827
651,18.07176,0.3566958503787151,0.36460211453895136,-0.6756510073346041,3.6024690182981867,-0.7212756146544681
652,18.09952,-0.32760324696810955,-0.3356469557452194,0.706821329073155,3.6040877038559422,0.15947144300699168
653,18.12728,0.3580891768085788,0.36608051261836505,-0.678422219830868,3.6057037635876696,-0.725834563821208
654,18.15504,-0.3289432829594606,-0.3370749405289487,0.7096471481533272,3.6073234071110294,0.15935226093560384
655,18.1828,0.35950872743772155,0.3675536209101328,-0.6812366061212992,3.6089651701298067,-0.7304310976276964
656,18.21056,-0.3303146109142083,-0.33850866829667,0.712519603470497,3.6106150400229597,0.15921328395493317
657,18.23832,0.36091504208022024,0.36902254717033645,-0.6840334102342689,3.6122518704010975,-0.7350655952896361
658,18.26608,-0.3316792004030756,-0.33992755225222426,0.7153721257891187,3.61389502940173,0.15905414452384797
659,18.29384,0.36232819425857377,0.37051995843006097,-0.6868716455449152,3.615559973864928,-0.7397384403856468
660,18.3216,-0.33303822104835024,-0.3413735642945256,0.7182693700365445,3.617229950389203,0.1588744698756317
661,18.34936,0.36376589701742224,0.37201326118212136,-0.6896942497977608,3.6188979949127256,-0.7444500209152745
662,18.37712,-0.3344263538887476,-0.34282546039793793,0.7211488139775902,3.620573071875226,0.15867388194634202
663,18.40488,0.3651922327234483,0.37350346801307804,-0.6925566584745488,3.6222590829953343,-0.7492007293579626
664,18.43264,-0.33580898241290935,-0.34426450362848865,0.724071192419344,3.6239525981660834,0.15845199730205878
665,18.4604,0.36662547886465857,0.37502032067846347,-0.6954052789482157,3.6256451404852137,-0.7539909627330201
666,18.48816,-0.3371871749992223,-0.3457289057677335,0.7269777846037878,3.6273419579260304,0.15820842706498572
667,18.51592,0.36808176408168297,0.37653415271905344,-0.6982921860376816,3.629058706109434,-0.7588211226605934
668,18.54368,-0.33859250621578146,-0.34719933162816624,0.7299256432282571,3.630783558625917,0.15794277683839453
669,18.57144,0.36952839584085606,0.3780458901856849,-0.7011670462507978,3.632498662169482,-0.7636916154236797
670,18.5992,-0.3399934675319372,-0.3486587284010157,0.7328596183835139,3.6342203776395854,0.15765464663037265
671,18.62696,0.3709820166988884,0.379582611898999,-0.7040787777998538,3.63596176333231,-0.7686028520311927
672,18.65472,-0.3413910352435886,-0.3501418849138098,0.7358333042329137,3.637708676001398,0.15734363077637242
673,18.682479999999998,0.37245731303653884,0.38111731616770556,-0.7069801086044082,3.6394552379252145,-0.7735552482821078
674,18.71024,-0.34281395602210163,-0.3516312037987362,0.7387949050796399,3.6412090262900643,0.1570093178605197
675,18.738,0.37392452841221246,0.3826508503719303,-0.709916991950586,3.6429733394347754,-0.7785492248307155
676,18.76576,-0.34423355079327805,-0.3531111654881203,0.7417947665691779,3.64474528624765,0.15665129063566374
677,18.79352,0.3753988171252456,0.3842078692379735,-0.7128450314427026,3.646517715159881,-0.7835852072529973
678,18.82128,-0.3456507121151227,-0.35461344281423746,0.7447842437247068,3.64829506203579,0.15626912594214315
679,18.84904,0.37689355270895464,0.3857637970657791,-0.7158073954957445,3.6500905481388486,-0.7886636261141552
680,18.8768,-0.347091612380076,-0.356122020536405,0.7478106309523588,3.6518941953541657,0.15586239462524226
681,18.90456,0.3783816517049757,0.3873194097299916,-0.7187623889409424,3.653690933960764,-0.793784917037325
682,18.93232,-0.3485301484048454,-0.3576227749670887,0.7508282428501007,3.6554945834753347,0.15543066145130585
683,18.96008,0.37987691369204507,0.38889715530738667,-0.7217505644565704,3.657316174358969,-0.7989495207734914
684,18.98784,-0.34996713661057977,-0.35914454240216453,0.7538815078979164,3.6591437705185736,0.1549734850224937
685,19.0156,0.3813915171770047,0.3904746667115646,-0.7247327642289508,3.6609724126205734,-0.804157883272633
686,19.04336,-0.35142640600727576,-0.36067274798934457,0.7569275207221171,3.6628085055381505,0.15449041769013916
687,19.07112,0.382900812155859,0.3920526548399911,-0.7277470840756076,3.6646548375829933,-0.8094104557561351
688,19.09888,-0.3528841984610778,-0.36219453887269193,0.7600080179499258,3.6665089739102483,0.15398100546668503
689,19.12664,0.38441736506290647,0.39365155908509636,-0.7307567496104418,3.668364882704773,-0.8147076947904821
690,19.1544,-0.3543412611804803,-0.363736169233256,0.7630827055852192,3.670226314254323,0.15344478793617217
691,19.18216,0.3859522666462506,0.3952510230797713,-0.733797549029761,3.672104432499561,-0.8200500623622785
692,19.20992,-0.3558192900030123,-0.36528437557297105,0.7661907919175782,3.673990821834625,0.15288129816323776
693,19.23768,0.38748308229611406,0.3968516986929247,-0.7368349467890173,3.6758727650269396,-0.8254380259546099
694,19.26544,-0.3572966616921918,-0.366827462028987,0.7692944359128291,3.677761934397523,0.1522900626006109
695,19.2932,0.3890212559891826,0.3984721968628392,-0.7399025636507556,3.6796676462329163,-0.8308720586247916
696,19.32096,-0.35877406055199484,-0.36838933229410964,0.7724304711200197,3.6815798306556107,0.15167060099505364
697,19.34872,0.3905768883746647,0.4000939917860921,-0.7429679671011336,3.683494304556355,-0.8363526390835208
698,19.37648,-0.3602712406236897,-0.3699579167574217,0.7755633606659907,3.6854164824577667,0.15102242629173207
699,19.40424,0.3921295617232444,0.40171768172412053,-0.746062742153255,3.687348721579558,-0.8418802517754784
700,19.432,-0.3617685222529268,-0.3715225729169617,0.7787277076398288,3.689288973405296,0.15034504453696956
701,19.45976,0.3936896983269081,0.4033602132448241,-0.7491564317563396,3.6912321519838374,-0.8474553869614122
702,19.48752,-0.36326653258657887,-0.3731050648505311,0.781890139560259,3.6931814290982397,0.14963795477935987
703,19.51528,0.3952664976486768,0.40500472710329644,-0.7522787088709337,3.695146230242906,-0.8530785408017216
704,19.54304,-0.36478325809904133,-0.3746944098987236,0.785083164585474,3.6971194606748394,0.14890064896919447
705,19.5708,0.39684137812206044,0.4066517728945553,-0.755400972085127,3.6990903909323,-0.8587502154416029
706,19.59856,-0.3663007885528983,-0.376280924580708,0.7882754433411957,3.7010688796570723,0.14813261185617682
707,19.62632,0.39842383210150356,0.40831678219984396,-0.7585510985007997,3.7030627943037295,-0.8644709190977735
708,19.65408,-0.36781969917502755,-0.37788442533811895,0.7914975163630882,3.7050636428390935,0.14733332088537915
709,19.68184,0.40002223881314736,0.40998441303187955,-0.7617022297947175,3.707067898051229,-0.870241166146818
710,19.7096,-0.3693563674915009,-0.3794949191158988,0.7947199540688561,3.7090801381528276,0.14650224609140633
711,19.73736,0.40161968833820727,0.41165517082354997,-0.7648805563560896,3.711102355996266,-0.8760614772151949
712,19.76512,-0.3708944941308817,-0.38110359557496226,0.7979714489579341,3.7131328302958675,0.1456388499907305
713,19.79288,0.4032248266236757,0.41334310817009745,-0.7680608572331503,3.715167273889617,-0.8819323792709526
714,19.82064,-0.3724346071727696,-0.3827284982977963,0.8012243654116716,3.717208370667773,0.1447425874721514
715,19.8484,0.40484528635832934,0.41503426442854036,-0.7712677386280662,3.7192640773192154,-0.8878544057171727
716,19.87616,-0.37399161960114913,-0.3843605352164534,0.804505660225941,3.7213284156883084,0.14381290568534344
717,19.90392,0.40646567950753426,0.41672910497658705,-0.7744775176620419,3.723392335558963,-0.8938280964872083
718,19.93168,-0.3755506985755265,-0.3859916909570136,0.8077893829501639,3.7254641640575112,0.14284924392744758
719,19.95944,0.40809388166017857,0.41844042724017333,-0.777713312657077,3.727550544229708,-0.8998539981417477
720,19.9872,-0.37711232937837774,-0.3876383953591178,0.8111008601957276,3.729644318034078,0.14185103352766443
721,20.01496,0.4097368460671546,0.42015552819603824,-0.7809528855383971,3.731742512316111,-0.9059326639677415
722,20.04272,-0.37869009191887937,-0.38929237667292615,0.8144157244909255,3.7338489993832154,0.14081769772980002
723,20.07048,0.41138057024493313,0.4218748369122439,-0.7842179572132449,3.7359654641037414,-0.9120646540792562
724,20.09824,-0.38027048849521977,-0.3909463433261689,0.8177577713815335,3.738090462514878,0.13974865157272687
725,20.126,0.4130322286633487,0.42361000836994717,-0.7874876468058876,3.7402203818546202,-0.9182505355202858
726,20.15376,-0.38185396555844864,-0.3926152562743934,0.8211041203913423,3.7423574948142253,0.13864330176870154
727,20.18152,0.41469815622646583,0.42534948453827753,-0.7907823627871802,3.7445085172390478,-0.9244908823695785
728,20.20928,-0.38345288963064605,-0.3942915906534076,0.8244771291075192,3.7466684149240455,0.13750104657950368
729,20.23704,0.41636561189655097,0.42709366159249795,-0.7940824991960143,3.7488295559355196,-0.9307862758475227
730,20.2648,-0.3850549785400415,-0.3959687139141647,0.8278553138955425,3.7509989745901007,0.13632127569033314
731,20.29256,0.4180411320635915,0.4288531546954361,-0.7974072318911339,3.7531822792970853,-0.9371373044251483
732,20.32032,-0.38666064352220997,-0.3976602500069053,0.8312596818439104,3.755373439854975,0.1351033700814226
733,20.34808,0.419730488906133,0.4306174482847735,-0.8007381525396061,3.7575699509747347,-0.9435445639352913
734,20.37584,-0.3882811466758995,-0.39935935410919843,0.8346700614820909,3.759775089460415,0.1338467018973138
735,20.4036,0.4214220898595932,0.4323869087609687,-0.804093279371023,3.761990279821036,-0.9500086576859847
736,20.43136,-0.38990531247899096,-0.4010599937301506,0.83810619155549,3.764214313300744,0.13255063431373904
737,20.45912,0.4231218906293047,0.43417120490200745,-0.807455329089119,3.766444146337254,-0.9565301965761144
738,20.48688,-0.39153352024942445,-0.4027745758767403,0.8415491332239647,3.76868170535204,0.13121452140205075
739,20.51464,0.4248351513103333,0.4359607702890175,-0.8108412327297921,3.77093265803013,-0.9631097992134162
740,20.5424,-0.39317602686356046,-0.40449687492305114,0.8450174340629744,3.7731927682660125,0.12983770799114785
741,20.57016,0.42655132497426335,0.4377559443939861,-0.8142347638522214,3.775455601695551,-0.9697480920348664
742,20.59792,-0.394822664335937,-0.40622140476410784,0.8484933131613783,3.777727101761849,0.1284195295268416
743,20.62568,0.428275838899051,0.43956553467469467,-0.817651832462591,3.7800120026699133,-0.9764457094295158
744,20.65344,-0.3964737830754072,-0.40795946476803524,0.851994199417831,3.782305227832731,0.12695931192859167
745,20.6812,0.4300134872056417,0.4413808389056179,-0.8210772049371918,3.7846046668761746,-0.983203293863853
746,20.70896,-0.39813872504917197,-0.4097053931217286,0.8555033996880533,3.7869130945803278,0.12545637144355465
747,20.73672,0.43175467499275666,0.4432021722297369,-0.8245258324042852,3.789231715300748,-0.990021496009733
748,20.76448,-0.3998082395880206,-0.4114542012528456,0.8590372922911343,3.791559519981724,0.12391001449788919
749,20.79224,0.43350434869115584,0.4450375582307718,-0.8279834139106592,3.7938939452877225,-0.9969009748749657
750,20.82,-0.401482650937244,-0.41321618040172703,0.8625802059515612,3.7962366263598626,0.12231953754523667
751,20.84776,0.4352668784309792,0.4468790815515156,-0.8314640000898339,3.798592345546458,-1.0038423979366142
752,20.87552,-0.4031704683771626,-0.4149861821569468,0.8661475323770839,3.8009575416681476,0.12068422691232289
753,20.90328,0.43703353613061535,0.4487270353811475,-0.8349541661682609,3.8033267912742033,-1.0108464412770746
754,20.93104,-0.40486327643055153,-0.41675967101302774,0.8697245602683988,3.805705117767371,0.11900335864161093
755,20.9588,0.43880883069630194,0.4505887299401783,-0.8384671171281088,3.8080965167385137,-1.0179137897230226
756,20.98656,-0.4065613756855868,-0.4185460206782398,0.8733257548118435,3.810496718025681,0.11727619833091857
757,21.01432,0.4405967464949017,0.4524569663570127,-0.8419902513188122,3.8129039444205888,-1.025045136987286
758,21.04208,-0.4082725175924824,-0.4203405502591046,0.8769373065544864,3.8153205478477346,0.11550200096994873
759,21.06984,0.44238934470620245,0.4543320180385971,-0.8455359795897478,3.8177475464299415,-1.032241185813733
760,21.0976,-0.40998904711277695,-0.42213913684600085,0.8805728106084045,3.8201841009136372,0.11368001077364231
761,21.12536,0.4441907361591419,0.4562205460398511,-0.8490924735826239,3.8226280529361976,-1.0395026481252474
762,21.15312,-0.41171124346672977,-0.42395031909487024,0.8842193047718283,3.8250807929547217,0.11180946101228117
763,21.18088,0.4460045542661875,0.4581160039128432,-0.8526713984096826,3.8275463555328346,-1.0468302451748754
764,21.20864,-0.4134461684262318,-0.4257698418685866,0.8878895671082044,3.830021750445184,0.10988957383825809
765,21.2364,0.44782357887451774,0.4600186472690386,-0.8562616522046236,3.8325024073083105,-1.0542247077002291
766,21.26416,-0.41518685934926625,-0.4275939580195743,0.8915714313920968,3.8349925740156294,0.10791956010943426
767,21.29192,0.4496515586554254,0.4619345464485467,-0.8598741998050063,3.8374956221013363,-1.0616867760812365
768,21.319679999999998,-0.416933576180036,-0.42943044624304993,0.8952769084502831,3.8400079635351028,0.10589861920900145
769,21.34744,0.4514918077642009,0.46385774912004946,-0.8634986218829851,3.8425281019977175,-1.0692172005013179
770,21.3752,-0.4186927530602867,-0.431275439149837,0.8989945798779648,3.845058033629979,0.10382593886175645
771,21.40296,0.45333776046211316,0.46578849491864904,-0.8671452257088871,3.847598618916517,-1.0768167411120957
772,21.43072,-0.42045805781205353,-0.43312553183229796,0.902735736058798,3.8501491632714813,0.10170069494669409
773,21.45848,0.45519283597166826,0.46773231668929804,-0.8708042332139996,3.852707849646104,-1.0844861682017213
774,21.48624,-0.4222297330161641,-0.43498781139106757,0.9064896611830349,3.855275863328197,0.0995220513058428
775,21.514,0.4570600580560761,0.4696838031500137,-0.8744853342212753,3.8578566072606906,-1.092226262366918
776,21.54176,-0.4240136416763514,-0.4368587635938469,0.9102669691497733,3.8604475744602924,0.09728915954922934
777,21.56952,0.45893345691044185,0.47164317962670826,-0.8781793531539679,3.863044914130496,-1.1000378146888545
778,21.59728,-0.425804025709119,-0.43873529526622884,0.9140576042712795,3.8656522209519384,0.09500115885588206
779,21.62504,0.4608161520949973,0.4736154899272788,-0.8818954000771889,3.8682723391522296,-1.1079216269129324
780,21.6528,-0.42760111208199336,-0.44062386415831045,0.9178715452579937,3.870902257931225,0.09265717577077565
781,21.68056,0.4627109032683909,0.475595815522631,-0.8856248654989326,3.873540717588287,-1.1158785116326206
782,21.70832,-0.4294102440953341,-0.44252127771519306,0.9216993566569431,3.8761894153343097,0.09025632399760103
783,21.73608,0.46461228333560073,0.4775843689590617,-0.8893763151334174,3.8788490780947007,-1.1239092924774279
784,21.76384,-0.4312261864552662,-0.4444247267346665,0.9255504207850294,3.8815191348671916,0.08779770418726424
785,21.7916,0.4665231393214186,0.47958574913152446,-0.8931416713831178,3.8841980560531755,-1.1320148043051341
786,21.81936,-0.43304915211861483,-0.44634009628759813,0.9294158849659266,3.886886855317009,0.08528040372200052
787,21.84712,0.4684459907216772,0.48159548631132537,-0.8969289888745174,3.8895884020433913,-1.140195893398408
788,21.87488,-0.4348840115134451,-0.4482644868502936,0.9333045715694146,3.8923005985523345,0.0827034964949882
789,21.90264,0.47037590471314084,0.4836137816702365,-0.9007306897969889,3.895020200755328,-1.148453417665923
790,21.9304,-0.4367260054419821,-0.4501953479318707,0.9372081755197169,3.8977502536291797,0.08006604268534079
791,21.95816,0.472315480491512,0.4856448293697187,-0.9045543489390383,3.900493155767625,-1.156788246848099
792,21.98592,-0.43857533431929097,-0.45213804352273,0.9411349934800758,3.9032463851268675,0.07736708852835861
793,22.01368,0.4742670191968765,0.4876845684843756,-0.9083928581259016,3.9060088811174474,-1.165201262727612
794,22.04144,-0.4404364383419779,-0.45408994106414174,0.945077234942997,3.9087820902499892,0.074605666080926
795,22.0692,0.4762260381973683,0.4897331901040708,-0.9122533416669614,3.9115666261388227,-1.173693359344794
796,22.09696,-0.4423049919134254,-0.45604872579237277,0.9490427030341628,3.914362023730374,0.07178079298189888
797,22.12472,0.47819491136330156,0.49179452024607523,-0.9161291327103649,3.9171669952833432,-1.1822654432180615
798,22.15248,-0.444181184254856,-0.4580192875990101,0.9530240907961396,3.919982411360425,0.06889147220738057
799,22.18024,0.4801757413436616,0.4938648703928796,-0.9200269326693985,3.9228106905295,-1.1909184335695366
800,22.208,-0.44606906415834324,-0.4599992371734184,0.9570287380405178,3.9256500821464346,0.06593669182072093
801,22.23576,0.48216445558542564,0.4959444227435888,-0.9239404894289948,3.9284978533643162,-1.199653262555977
802,22.26352,-0.44796470095634633,-0.46198647456813524,0.9610497922338515,3.931356587098948,0.06291542471711997
803,22.29128,0.48416322313296356,0.49803666849326084,-0.9278761074216609,3.9342283052155564,-1.2084708755052018
804,22.31904,-0.44986827391469,-0.46398545835516314,0.9650941582700695,3.937110899873843,0.05982662836266561
805,22.346799999999998,0.48617396624147496,0.500138258416633,-0.9318279243053126,3.9400034777966777,-1.2173722311581496
806,22.37456,-0.4517834757766049,-0.46599402089459524,0.9691554106913148,3.94290727575332,0.05666924452768207
807,22.40232,0.4881929859373745,0.5022493669218258,-0.9358018718808623,3.945822811042164,-1.2263583019167439
808,22.43008,-0.45370673561241154,-0.46801025803254886,0.973240046154546,3.948749709867395,0.05344219901420588
809,22.45784,0.49022226511496014,0.5043731807303218,-0.9397924541395956,3.9516868877310474,-1.2354300740977262
810,22.4856,-0.4556382238720871,-0.4700382359758377,0.9773420405992553,3.9546350963952497,0.0501444013774488
811,22.51336,0.49226356212512884,0.5065066597802289,-0.9438052531293091,3.9575963733829504,-1.2445885481926457
812,22.54112,-0.45758130944650083,-0.47207598912642124,0.9814675075149586,3.960569262714672,0.046774744641073784
813,22.56888,0.49431351836453186,0.5086499717063686,-0.9478351171670686,3.963551462029869,-1.2538347391341735
814,22.59664,-0.45953274912219144,-0.4741217918210347,0.9856108001294507,3.966545166437041,0.04333210500610862
815,22.6244,0.4963739475942905,0.5108060263996691,-0.9518873000449909,3.969552079164769,-1.2631696765689382
816,22.65216,-0.46149270558363825,-0.47617935337469053,0.9897776723214194,3.972570443826344,0.03981534155332589
817,22.67992,0.4984464592879291,0.5129720655528489,-0.9559569737438033,3.9755995074716215,-1.2725944051370726
818,22.70768,-0.4634642531907567,-0.47824689237704043,0.9939628319722901,3.978640331966954,0.0362232959389065
819,22.73544,0.5005280049994684,0.5151482509715662,-0.9600490840005772,3.9816933525238483,-1.2821099847586703
820,22.7632,-0.46544444731090445,-0.48032284591891433,0.9981716954859412,3.9847582744338452,0.03255479208319223
821,22.79096,0.502620244864701,0.5173372408974389,-0.9641591070617708,3.987834183711801,-1.2917174909273692
822,22.81872,-0.4674334438331083,-0.4824105987289875,1.0023993041480936,3.990921734083939,0.028808635852336617
823,22.84648,0.5047246531765253,0.5195365338464912,-0.9682916995923989,3.9940226408184873,-1.3014180150112595
824,22.87424,-0.46943404929140614,-0.48450853734695337,1.0066507576899777,3.9971356986281767,0.024983614732651427
825,22.902,0.5068384641623515,0.5217462866736902,-0.9724426238945861,4.000258967305906,-1.3112126645613575
826,22.92976,-0.4714435911269554,-0.48661524730817624,1.010921410854004,4.003394317118774,0.021078497497436177
827,22.95752,0.5089631984680473,0.5239689289128965,-0.9766162654010035,4.006543181588702,-1.3211025636278648
828,22.98528,-0.4734622193312481,-0.4887338181776472,1.015216066248569,4.009704103047603,0.01709203386608471
829,23.01304,0.511100207693056,0.526202193228796,-0.9808086553755754,4.012876445940207,-1.3310888530844447
830,23.0408,-0.4754924969368267,-0.49086278968006636,1.0195303733483894,4.01606112692698,0.013022954155234467
831,23.06856,0.5132469837397236,0.528446232345764,-0.9850239247849562,4.019258511004986,-1.3411726909607844
832,23.09632,-0.47753199934533613,-0.4930008827858489,1.0238688560130815,4.022468372550068,0.008869968921731308
833,23.12408,0.5154049206514283,0.530703267994077,-0.9892583578099052,4.025689940313432,-1.3513552527836667
834,23.15184,-0.47958087148405415,-0.49515091869579,1.0282274408748016,4.028923787797981,0.004631768597177399
835,23.1796,0.517575258721673,0.5329712463682085,-0.9935158467096739,4.032171357505157,-1.361637731926846
836,23.20736,-0.48164145504231565,-0.4973115768962604,1.0326103903146588,4.035431658004736,0.00030702311381003433
837,23.23512,0.5197557247933835,0.5352503168304393,-0.9977929135226141,4.038703053392516,-1.3720213399699837
838,23.26288,-0.48371155144910416,-0.49948170196789704,1.0370138916276925,4.041987142556413,-0.004105618478547179
839,23.29064,0.5219475980603627,0.5375425123585538,-1.0020932266131928,4.04528513047492,-1.382507307066927
840,23.3184,-0.4857913013431539,-0.5016638711600964,1.0414419619506365,4.048595813971171,-0.00860752840471768
841,23.34616,0.524152017898231,0.5398459739309712,-1.0064135317445166,4.051918655359298,-1.3930968823236358
842,23.37392,-0.48788284525825626,-0.5038568915201814,1.045891033762204,4.05525445148442,-0.013200100565861073
843,23.40168,0.526366925418792,0.5421608482710714,-1.0107572873108925,4.0586035069884066,-1.4037913341860522
844,23.42944,-0.48998419070343535,-0.5060597204938712,1.0503648942163235,4.061965657203131,-0.017884750950914907
845,23.4572,0.5285934956880854,0.5444889969700969,-1.0151214495380665,4.065340250004313,-1.4145919508382294
846,23.48496,-0.4920954747533367,-0.5082747136206541,1.0548602064505324,4.0687277940329505,-0.022662918058069415
847,23.51272,0.5308327766438117,0.5468287387513858,-1.019509279941331,4.072129500627016,-1.4255000406110505
848,23.54048,-0.4942186551812962,-0.5105007944224108,1.0593805419847158,4.075544561454983,-0.027536063326574767
849,23.56824,0.5330829048743726,0.5491802183832047,-1.0239179327654069,4.0789715959024635,-1.4365169324018732
850,23.596,-0.496351927438159,-0.5127370234490459,1.0639227809875034,4.0824119769533995,-0.032505671579212914
851,23.62376,0.5353449611030592,0.5515451419041003,-1.0283504849554852,4.085866715616591,-1.44764397610545
852,23.65152,-0.4984954257136865,-0.5149855547965254,1.0684902928368682,4.089334826218113,-0.03757325147573931
853,23.67928,0.5376199104848566,0.5539219902989737,-1.032804277100985,4.092815852271829,-1.4588825430564967
854,23.70704,-0.5006509417854834,-0.5172454183907528,1.0730801619481987,4.096310492605766,-0.04274033597764093
855,23.7348,0.5399060680052628,0.5563109070309052,-1.0372822131518489,4.09981899963947,-1.470234026484273
856,23.76256,-0.5028168425562627,-0.5195157690224121,1.0776955682458609,4.103341263167514,-0.0480084828245656
857,23.79032,0.5422044289790678,0.5587134570269879,-1.041781809091265,4.10687673007136,-1.4816998419795813
858,23.81808,-0.5049932599704225,-0.5217985778139695,1.0823337884006494,4.110425857472081,-0.053379275022767514
859,23.84584,0.5445158836850322,0.5611282694685974,-1.0463058067600035,4.1139896604581825,-1.493281427974579
860,23.8736,-0.5071818350919932,-0.5240929719511789,1.0869978248174623,4.117567488226567,-0.058854321345952365
861,23.90136,0.5468389099875133,0.5635554871349284,-1.0508518872642363,4.1211581738811605,-1.5049802462358386
862,23.92912,-0.5093810912876177,-0.5263981924207505,1.091685135176828,4.124762903281906,-0.06443525684892315
863,23.95688,0.5491744259547876,0.5659965470174575,-1.0554226405754485,4.128382522444093,-1.5167977823710785
864,23.98464,-0.5115911588613691,-0.5287160442081782,1.0963985555908393,4.132016232383191,-0.07012374339440863
865,24.0124,0.5515232542165981,0.5684502137223327,-1.0600159032916152,4.135663643528329,-1.5287355463500347
866,24.04016,-0.5138135420979911,-0.5310457434599374,1.1011357142053924,4.139325375510033,-0.07592147019349416
867,24.06792,0.5538840214214682,0.5709166299425256,-1.0646341231486798,4.143001635170112,-1.5407950730399298
868,24.09568,-0.5160469072091393,-0.5333866100610551,1.1058992914028785,4.146692361713968,-0.08183015436010999
869,24.12344,0.5562575758525756,0.5733971167603451,-1.0692752832068186,4.150397083830504,-1.5529779227560505
870,24.1512,-0.5182913834340165,-0.5357402982115157,1.1106870759098773,4.154116218818312,-0.08785154147999952
871,24.17896,0.5586446791019949,0.5758905626149455,-1.0739416980316998,4.157850614747383,-1.5652856818279146
872,24.20672,-0.5205483509872765,-0.5381061054905723,1.115501602319937,4.161599757219269,-0.09398740619465196
873,24.23448,0.5610440938061284,0.5783971106918807,-1.0786314886820136,4.165362657740508,-1.5777199631815872
874,24.26224,-0.5228166065547966,-0.5404834240658934,1.1203408106762898,4.169140348235019,-0.1002395528006701
875,24.29,0.5634566052893971,0.5809179771472157,-1.0833468450853756,4.172933533937334,-1.5902824069386723
876,24.31776,-0.5250962788614111,-0.5428737713536557,1.125207099141124,4.176741577023826,-0.10660981586508411
877,24.34552,0.5658829201596929,0.5834521637382645,-1.0880860183677743,4.180564142536152,-1.6029746810325627
878,24.37328,-0.5273886356477419,-0.545276519542084,1.1300985503943548,4.184401787278701,-0.11310006085713664
879,24.40104,0.5683219254297549,0.5859998147077342,-1.0928510818512958,4.188254677867727,-1.6157984818425373
880,24.4288,-0.5296925928413542,-0.5476911270888655,1.1350174349774989,4.19212279915702,-0.11971218479706291
881,24.45656,0.5707743497164177,0.5885620513214979,-1.0976404092991314,4.1960057468751675,-1.6287555348463267
882,24.48432,-0.5320082791826755,-0.5501189874016871,1.13996197007695,4.199903908880317,-0.1264481169224485
883,24.51208,0.5732408501920824,0.5911379791236127,-1.1024559649920425,4.203817990616939,-1.6418475952917895
884,24.53984,-0.5343368605233328,-0.552559541097257,1.1449343069118911,4.207747596799357,-0.13330981937272812
885,24.5676,0.5757204277158566,0.5937277439687848,-1.1072962383720661,4.211691887267687,-1.6550764488883551
886,24.59536,-0.5366773618384947,-0.5550123075002346,1.1499327895626208,4.215651768551902,-0.1402992878924627
887,24.62312,0.5782137599278153,0.5963323814101764,-1.1121630918040704,4.219627825254386,-1.6684439125189532
888,24.65088,-0.539029912397837,-0.5574785676712924,1.154959457744404,4.223619559729844,-0.14741855255398406
889,24.67864,0.5807214596573983,0.5989510921458201,-1.1170551238947963,4.227626680963541,-1.6819518349731184
890,24.7064,-0.5413955858311945,-0.5599578250633221,1.1600127753064091,4.231649697319576,-0.1546696785000954
891,24.73416,0.5832426320680907,0.6015840241919915,-1.1219741018077023,4.235688739407265,-1.6956020977020545
892,24.76192,-0.5437735069150823,-0.5624496549660549,1.1650946778290292,4.239743835141596,-0.1620547667074993
893,24.78968,0.5857779090839474,0.6042321357887812,-1.1269187272185257,4.2438146345324,-1.7093966155964184
894,24.81744,-0.5461638059498756,-0.5649552367434866,1.1702037422646339,4.24790150535725,-0.1695759547716551
895,24.8452,0.588327863872435,0.6068947149772747,-1.131890678419067,4.252005030697465,-1.7233373377876533
896,24.87296,-0.5485674731780613,-0.5674741316306584,1.1753418070072166,4.256124920416001,-0.17723541771380913
897,24.90072,0.5908916972625717,0.6095719124840346,-1.1368887544526598,4.2602604570032705,-1.737426248473699
898,24.92848,-0.5509837247968444,-0.5700059664578085,1.1805075558796803,4.264412446307651,-0.18503536881095783
899,24.95624,0.5934700002991755,0.6122646169317719,-1.1419145507091772,4.268581368967503,-1.7516653677699998
900,24.983999999999998,-0.5534126926305495,-0.5725518286252353,1.1857027366446748,4.2727668504707745,-0.1929780604495539
901,25.01176,0.5960633107981997,0.6149721966460364,-1.146966958269883,4.276968634408855,-1.7660567525866822
902,25.03952,-0.5558552916137395,-0.5751113325892218,1.1909261341713226,4.281187193514596,-0.20106578500376926
903,25.06728,0.5986709174416933,0.6176948056160095,-1.1520474952557342,4.285422625601347,-1.7806024975329122
904,25.09504,-0.5583108217746919,-0.5776841527337102,1.1961794117781803,4.289675000154774,-0.20930087573919065
905,25.1228,0.601293374850486,0.6204332699064711,-1.1571551398068882,4.293944010352036,-1.7953047358493834
906,25.15056,-0.5607794169506827,-0.5802712933966147,1.2014614499415992,4.298230012494394,-0.21768570774283713
907,25.17832,0.6039311894667466,0.6231870317583769,-1.162291338093668,4.302533484020778,-1.8101656403700233
908,25.20608,-0.5632619241638378,-0.5828724181469142,1.2067738333796805,4.306854228899547,-0.22622269888044477
909,25.23384,0.6065837307699367,0.6259562489840157,-1.167455150666996,4.311191630236546,-1.8251874245139668
910,25.2616,-0.5657577204073891,-0.5854872453375429,1.2121155331008266,4.315546414791434,-0.23491431078199454
911,25.28936,0.6092515210697262,0.6287416915755866,-1.1726479567708816,4.319918972910055,-1.8403723433089525
912,25.31712,-0.5682669420202645,-0.5881167043920462,1.217488060745559,4.324309039612391,-0.2437630498564861
913,25.34488,0.6119350391143974,0.6315428699532736,-1.1778688950313898,4.328716384824116,-1.8557226944473166
914,25.37264,-0.5707903748887676,-0.5907605042991907,1.2228904731229138,4.333141457246454,-0.252771468337033
915,25.4004,0.6146337288194063,0.6343599463258058,-1.183119282516188,4.337584324196109,-1.87124081937582
916,25.42816,-0.5733274667673572,-0.5934184041661993,1.2283242140195572,4.342045096291689,-0.26194216535737547
917,25.45592,0.6173480839898164,0.6371936405811941,-1.1883983318862015,4.346523500089104,-1.8869291044205885
918,25.48368,-0.5758783569889954,-0.5960912659687131,1.2337884216388117,4.351019888510758,-0.2712777880609544
919,25.51144,0.6200785590944468,0.6400435261645813,-1.1937073025269491,4.355534647018969,-1.902789981948522
920,25.5392,-0.5784437765215392,-0.5987788408050104,1.2392844768585232,4.360067665245711,-0.2807810327437721
921,25.56696,0.6228246667610591,0.6429097702722059,-1.1990454773732842,4.364618407890765,-1.9188259315665661
922,25.59472,-0.5810232382841404,-0.6014809256631496,1.2448115951776366,4.369187541724286,-0.2904546460322519
923,25.62248,0.6255868758239315,0.6457930481919808,-1.2044140623845594,4.373775377871455,-1.9350394813603127
924,25.65024,-0.5836168851039217,-0.6041983219215574,1.250371099250912,4.37838175033601,-0.3003014260974426
925,25.678,0.6283656196514664,0.648692991775932,-1.2098124072731102,4.383006447934335,-1.9514332091734579
926,25.70576,-0.5862253987431795,-0.6069308198308168,1.255962278065791,4.387649906064329,-0.31032422390690595
927,25.73352,0.6311604744470571,0.6516097738217628,-1.2152416686065506,4.392312163001721,-1.9680097439297284
928,25.76128,-0.5888483522466432,-0.6096782517019432,1.2615864004987787,4.396993371104557,-0.3205259445157149
929,25.78904,0.6339718873665166,0.6545440301057542,-1.2207012596289266,4.401693281560891,-1.984771766998925
930,25.8168,-0.5914858924476674,-0.6124413646114598,1.2672428254952521,4.406412251744904,-0.3309095483980554
931,25.84456,0.6368002736496536,0.6574954467640791,-1.2261922913448022,4.4111505861502005,-2.001722013608855
932,25.87232,-0.5941386571617339,-0.6152199853317493,1.2729327723748851,4.415908253992971,-0.34147805282097
933,25.90008,0.6396452684804331,0.6604642028382471,-1.2317142375220482,4.420684785007289,-2.0188632743049615
934,25.92784,-0.596806275032694,-0.6180139792316806,1.2786556667731506,4.42548080314052,-0.35223453326188336
935,25.9556,0.6425073004162779,0.6634508993108952,-1.237268167240161,4.430296549089672,-2.0361983964595787
936,25.98336,-0.5994888974285395,-0.6208240448813758,1.284412682467553,4.435131948049913,-0.3631821248715845
937,26.01112,0.6453867693594638,0.6664552729386383,-1.2428536120090017,4.439986800896445,-2.053730285832777
938,26.03888,-0.6021871230689761,-0.6236500432478418,1.2902033087657738,4.444861539901554,-0.37432402398443565
939,26.06664,0.6482833653806561,0.6694775096834397,-1.2484716024445917,4.44975617495294,-2.0714619081869374
940,26.0944,-0.6049006321430467,-0.6264918707653581,1.2960286777269379,4.454670901827955,-0.3856634896776846
941,26.12216,0.6511975013342585,0.6725181801238557,-1.2541217252321029,4.4596054883854785,-2.089396290957219
942,26.14992,-0.6076295811027627,-0.6293501828446083,1.301888339551265,4.464560304255988,-0.39720384538177445
943,26.17768,0.65412956442038,0.6755770684002206,-1.2598049758229504,4.469535581632053,-2.107536524980194
944,26.20544,-0.6103745340583167,-0.6322248726027945,1.3077833882276095,4.474531365434582,-0.4089484805437109
945,26.2332,0.6570792959679054,0.6786543681123443,-1.265520993716073,4.479547235849395,-2.1258857662830946
946,26.26096,-0.6131352191267155,-0.6351158658022641,1.313713432296533,4.484583789750732,-0.4209008523455847
947,26.28872,0.6600470958650316,0.6817506235352171,-1.2712707423474945,4.4896412041717975,-2.14444723793615
948,26.31648,-0.6159117984193051,-0.6380237796401145,1.3196795311636096,4.49471949025484,-0.4330644874804723
949,26.34424,0.6630333411132899,0.6848656633551334,-1.2770539118643545,4.49981845451031,-2.1632242319706707
950,26.372,-0.6187048055981035,-0.6409485376041463,1.3256813493752424,4.504938536027963,-0.44544298398803706
951,26.39976,0.6660378211052768,0.6879996895749447,-1.2828714366993803,4.510079716171122,-2.182220111365635
952,26.42752,-0.6215140134957485,-0.6438900932873782,1.3317199150935959,4.515242236961101,-0.45804001315225085
953,26.45528,0.6690609253662431,0.6911532240146471,-1.2887230556699958,4.520425875512738,-2.2014383121056715
954,26.48304,-0.624339590489525,-0.6468490302621247,1.3377949467452663,4.525631021743433,-0.4708593214638024
955,26.5108,0.6721030230940088,0.6943261374435011,-1.294609677092662,4.530857842117559,-2.220882345313496
956,26.53856,-0.6271820436668434,-0.6498253008566257,1.3439074444552712,4.536106455494955,-0.4839047326498285
957,26.56632,0.6751639489570843,0.6975186410882139,-1.3005310866572866,4.541376479474165,-2.240555799459952
958,26.59408,-0.6300411877405009,-0.6528188852243002,1.3500571786056585,4.546668498677746,-0.497180149773796
959,26.62184,0.6782440846116495,0.7007312379456367,-1.3064881693376666,4.551982631398715,-2.2604623426550456
960,26.6496,-0.6329171979974446,-0.6558303375855548,1.3562451243700244,4.5573189719098615,-0.5106895574084422
961,26.67736,0.6813437937604041,0.7039638387592709,-1.3124807560717633,4.562677326143805,-2.280605725023451
962,26.70512,-0.6358105585711027,-0.6588596378153875,1.362471102354997,4.568058150041328,-0.5244370238848511
963,26.73288,0.6844629539434063,0.707216664864809,-1.3185097111621538,4.573461395499937,-2.300989781168207
964,26.76064,-0.6387211235713531,-0.661906791573912,1.3687360657606518,4.578887354875429,-0.5384267036209118
965,26.7884,0.6876019413558662,0.7104902038848177,-1.3245749093378174,4.584335807440081,-2.3216184327264426
966,26.81616,-0.6416490758820752,-0.6649723277251521,1.3750398838750264,4.589807171931517,-0.5526628395325024
967,26.84392,0.6907611164498165,0.7137844047656698,-1.3306771968103503,4.595301553741673,-2.342495691021223
968,26.87168,-0.6445948800832515,-0.6680562526230944,1.381383490807162,4.600819146010759,-0.567149765530985
969,26.89944,0.6939403975965174,0.717099499911253,-1.3368164908048852,4.606359591857473,-2.363625659813807
970,26.9272,-0.6475584275301066,-0.6711585965890575,1.3877668031657397,4.611923478028225,-0.5818919091107407
971,26.95496,0.6971401578759006,0.7204359648683569,-1.3429936219417882,4.617510867284838,-2.3850125381607854
972,26.98272,-0.650539909441373,-0.674279866885326,1.394190738768022,4.623121936613006,-0.596893794030621
973,27.01048,0.7003607566917509,0.7237937853388562,-1.3492085488051804,4.62875648516412,-2.406660623380851
974,27.03824,-0.6535397740552884,-0.6774200954947874,1.4006552603605504,4.634414996204679,-0.6121600430935009
975,27.066,0.7036021515546047,0.7271732058391438,-1.355462088853961,4.640097390371334,-2.4285743141361733
976,27.09376,-0.6565579481342677,-0.6805793367565769,1.407161272196846,4.645804015892553,-0.6276953810281911
977,27.12152,0.7068647147358332,0.7305746930203367,-1.361754241048062,4.65153464718485,-2.450758113633624
978,27.14928,-0.6595946320284227,-0.6837580798797287,1.4137087821529635,4.65728974115892,-0.6435046374783112
979,27.17704,0.7101488067737629,0.7339982682066367,-1.368085812055074,4.663069344984614,-2.4732166329513503
980,27.2048,-0.662650260687095,-0.6869563818377675,1.4202986835874274,4.668873728613043,-0.6595927501028734
981,27.23256,0.7134544229628976,0.7374441891688603,-1.374456840378571,4.674702549561338,-2.495954594496533
982,27.26032,-0.6657247947407634,-0.6901743205424813,1.4269310286692292,4.680556411128237,-0.6759647677936248
983,27.28808,0.7167819370576451,0.7409129167558524,-1.3808681242156884,4.68643532210322,-2.5189768356004283
984,27.31584,-0.6688184445349862,-0.6934123705253978,1.4336067024832624,4.692339544237558,-0.6926258540144649
985,27.3436,0.7201317129170882,0.7444045070889838,-1.3873197409302933,4.698268863494098,-2.5422883122571553
986,27.37136,-0.6719316346532874,-0.6966706133207778,1.4403258008248987,4.704223801777529,-0.7095812902684797
987,27.39912,0.7235037825930581,0.7479192324473046,-1.393812482530904,4.710204245727999,-2.565894103013031
988,27.42688,-0.6750643583427636,-0.6999491501645844,1.4470892030913496,4.716210606691411,-0.7268364796984979
989,27.45464,0.7268985236241425,0.7514575509159775,-1.4003464647057262,4.722242647057312,-2.5897994130136297
990,27.4824,-0.6782168368861392,-0.7032484441463235,1.4538970482070097,4.728300872459993,-0.7443969508273505
991,27.51016,0.7303163054039077,0.7550195528939936,-1.4069224755278307,4.734385272935997,-2.614009578216114
992,27.53792,-0.6813894873229958,-0.7065686011384927,1.460750212444057,4.740496200152053,-0.7622683614443697
993,27.56568,0.7337571960395852,0.7586055265507228,-1.4135406686205902,4.7466333153028275,-2.6385300697748684
994,27.59344,-0.6845823345451212,-0.7099097456503352,1.467648877527902,4.752797253263777,-0.7804565026449785
995,27.621199999999998,0.7372215791905309,0.7622159302240269,-1.420201830356605,4.758987968759847,-2.6633664986088292
996,27.64896,-0.687795611803303,-0.713272332456552,1.4745939191573811,4.765205813018962,-0.7989673030306776
997,27.67672,0.7407098320516061,0.7658508883781495,-1.4269061520522444,4.771450551965759,-2.6885246201594497
998,27.70448,-0.6910297313422686,-0.7166564917544676,1.481585561701426,4.7777227587625966,-0.8178068330770535
999,27.73224,0.7442220584084668,0.7695107066020292,-1.433654420607106,4.784022282242537,-2.714010339348719
1000,27.76,-0.6942847490012493,-0.7200623714767976,1.4886246828389549,4.790349606179928,-0.8369813096778946
1001,27.78776,0.7477586504409119,0.7731958465142762,-1.4404468649364872,4.796704473338916,-2.7398297157471636
1002,27.81552,-0.697560911132345,-0.7234904211343505,1.4957115495976747,4.803087450293135,-0.8564971008739874
1003,27.84328,0.7513199954925553,0.7769064667450595,-1.4472842746979058,4.8094984692430245,-2.7659889689623878
1004,27.87104,-0.7008586278904583,-0.7269407954494734,1.5028470442048438,4.815937971162088,-0.8763607307755684
1005,27.8988,0.7549062329802056,0.7806428920011751,-1.454166916461635,4.8224056102197475,-2.792494484259274
1006,27.92656,-0.7041779856382705,-0.7304136661359831,1.510031476538326,4.828902069110919,-0.8965788846880024
1007,27.95432,0.7585177660968084,0.784405590257474,-1.4610955848888407,4.835427246678257,-2.8193528184236767
1008,27.98208,-0.7075192450799659,-0.7339094804478181,1.5172657359704949,4.841981591327178,-0.9171584144507716
1009,28.00984,0.7621549947929834,0.7881947547343366,-1.4680705844139443,4.848564841373316,-2.8465707058820087
1010,28.0376,-0.7108828169710766,-0.7374284180537803,1.5245501756014774,4.855177635740979,-0.9381063440003956
1011,28.06536,0.7658180944088115,0.7920107311491899,-1.4750927169741184,4.861819780375815,-2.874155065090048
1012,28.09312,-0.7142688180492436,-0.7409706750233391,1.5318856945883916,4.868491843352793,-0.9594298751686375
1013,28.12088,0.7695074817690429,0.7958539969944955,-1.4821623252342755,4.8751935394722,-2.90211300520491
1014,28.14864,-0.7176775247565653,-0.7445366993501299,1.5392726898123845,4.881925510724127,-0.9811363937278702
1015,28.1764,0.7732235720338076,0.7997247808445669,-1.489280220719002,4.888687628863328,-2.930451833055092
1016,28.20416,-0.7211093511558669,-0.7481266963031658,1.5467120729129888,4.8954804349235435,-1.0032334756963415
1017,28.23192,0.776966577113132,0.8036234515444587,-1.496446784852413,4.902303564946742,-2.959179060424334
1018,28.25968,-0.7245644444929712,-0.7517408871120644,1.5542042853051379,4.909157767657573,-1.025728893916669
1019,28.28744,0.780736930244905,0.8075504993934313,-1.5036628411100843,4.916042882310753,-2.988302411666032
1020,28.3152,-0.7280430984891538,-0.755379723531332,1.5617502538826376,4.9229594656954685,-1.0486306249218322
1021,28.34296,0.7845350645831111,0.8115061894446783,-1.5109288103728367,4.929907219886495,-3.0178298316659795
1022,28.37072,-0.7315457332700933,-0.7590434373312704,1.569350465549919,4.936886866695839,-1.0719468561037293
1023,28.39848,0.7883612296303506,0.8154909160469983,-1.5182455304969544,4.943898162557115,-3.047769494172322
1024,28.42624,-0.735072527015326,-0.76273227595313,1.5770058653184478,4.950941774959708,-1.0956859932002878
1025,28.454,0.7922158780231138,0.819505185769948,-1.5256134626940479,4.958017381281636,-3.0781298105127366
1026,28.48176,-0.7386237924457812,-0.7664466979954894,1.584716986751488,4.9651257164484655,-1.1198566681181346
1027,28.50952,0.796099463918192,0.8235493016604359,-1.533033461711946,4.972266587033482,-3.1089194387202195
1028,28.53728,-0.7421999585897522,-0.7701869628978276,1.5924847959517623,4.979440648741075,-1.1444677471088385
1029,28.56504,0.8000122758378911,0.8276236862473801,-1.540506030152978,4.986647507503007,-3.140147293090132
1030,28.5928,-0.7458012352938558,-0.7739533456331965,1.60030987453693,4.993887999193344,-1.1695283393179248
1031,28.62056,0.803954789054284,0.8317288660607269,-1.5480320422646248,5.001161897612663,-3.171822554192663
1032,28.64832,-0.7494279562062465,-0.7777463148300952,1.6081932128050862,5.008469883408097,-1.1950478057270186
1033,28.67608,0.8079274820097038,0.8358651840824939,-1.5556120432966403,5.015811612290676,-3.203954679366425
1034,28.70384,-0.7530805622205428,-0.781566159056572,1.61613544206482,5.023187909675118,-1.2210357685108006
1035,28.7316,0.8119306841146865,0.8400330940470783,-1.5632469297190528,5.0305984739314535,-3.236553413720587
1036,28.75936,-0.7567592959128083,-0.7854131824334758,1.624137580066407,5.038044091259307,-1.2475021208318768
1037,28.78712,0.815964896820133,0.8442331464210787,-1.5709372908952972,5.0455243905561415,-3.269628801674746
1038,28.81488,-0.7604645140259345,-0.7892878669525452,1.6322003097040425,5.053040221290182,-1.2744570370980655
1039,28.84264,0.8200306264675712,0.8484657265357437,-1.578684048374766,5.060591317637882,-3.3031911990676557
1040,28.8704,-0.7641966724477351,-0.7931905320921145,1.640324679614021,5.0681784694382905,-1.3019109837083374
1041,28.89816,0.8241282457124492,0.8527313227632443,-1.5864878373252023,5.0758012390660125,-3.3372512858681276
1042,28.92592,-0.7679560479027802,-0.797121513066231,1.648511426448838,5.083460574803232,-1.32987473031526
1043,28.95368,0.8282582860978822,0.8570305138380103,-1.594349607387088,5.091156176551782,-3.3718200795235242
1044,28.98144,-0.771743022675023,-0.8010813087608937,1.6567616333685609,5.098888869663112,-1.358359361633712
1045,29.0092,0.8324212858761492,0.8613637303848637,-1.6022700414646314,5.106658251309285,-3.4069089489838107
1046,29.03696,-0.775558070990379,-0.8050702717068708,1.6650760932576427,5.114465276117369,-1.3873762898276247
1047,29.06472,0.836617663851004,0.8657314993222436,-1.6102501204791826,5.122309573382532,-3.442529629441678
1048,29.09248,-0.7794015055330601,-0.8090887705274703,1.6734559276714005,5.130192072804516,-1.416937267508617
1049,29.12024,0.8408479860165271,0.8701344324187198,-1.6182905772648795,5.138112341515036,-3.478694237832113
1050,29.148,-0.7832737368994371,-0.8131373247888118,1.681901988527316,5.146071370653489,-1.4470544013827655
1051,29.17576,0.8451128270244287,0.8745730091384224,-1.626392427417428,5.154068811771248,-3.515415289137808
1052,29.20352,-0.7871752612685171,-0.8172163226235112,1.6904154399143894,5.162105614585014,-1.4777401665842014
1053,29.23128,0.849412655349686,0.8790477994139565,-1.6345564561784258,5.17018128225971,-3.552705713550104
1054,29.25904,-0.7911064295318997,-0.8213261688013902,1.6989971959420356,5.178296906541778,-1.5090074217369267
1055,29.2868,0.8537480763307993,0.8835594533440249,-1.6427837174437014,5.186452101794978,-3.5905788745386977
1056,29.31456,-0.7950676837499845,-0.8254674076752283,1.7076484676755228,5.194647865885448,-1.5408694247891652
1057,29.34232,0.8581197060791699,0.8881085034670547,-1.6510750516500488,5.202883722465585,-3.62904858788725
1058,29.37008,-0.7990595460060063,-0.8296404659935843,1.7163702349679266,5.211160787682496,-1.5733398496676865
1059,29.39784,0.8625280669736357,0.8926955678575436,-1.6594315548834069,5.219478607539478,-3.668129141756083
1060,29.4256,-0.8030824081388509,-0.8338457878930233,1.7251637606493362,5.227838287374333,-1.6064328038029623
1061,29.45336,0.8669738092322401,0.8973213408825569,-1.6678541259037574,5.236239316197408,-3.707835317837775
1062,29.48112,-0.8071367472711308,-0.8380839470170287,1.7340300943012827,5.244682861473636,-1.6401628465796203
1063,29.50888,0.8714575961713814,0.9019864131874135,-1.6763439071772241,5.253168478104342,-3.7481824136762962
1064,29.53664,-0.8112231157539831,-0.8423554122792153,1.7429705557003832,5.261697309755783,-1.674545008770756
1065,29.5644,0.8759800091277306,0.906691456897956,-1.6849018592897276,5.270268781545072,-3.789186266225603
1066,29.59216,-0.8153419496745709,-0.846660670961693,1.7519862686207928,5.278884167838735,-1.7095948130187906
1067,29.61992,0.8805417495047173,0.9114372173652315,-1.693529175618173,5.287542981731705,-3.830863276729445
1068,29.64768,-0.8194937653425287,-0.851000330990846,1.7610786154139815,5.296246430685296,-1.745328295430468
1069,29.67544,0.8851435343914286,0.916224349305448,-1.702226882491571,5.304993946010193,-3.873230437010272
1070,29.7032,-0.8236791502437455,-0.85537490761572,1.7702487990435922,5.313786846928455,-1.7817620283583997
1071,29.73096,0.8897860100958895,0.9210535857357034,-1.7109962291144951,5.322624577673434,-3.916305357262063
1072,29.75872,-0.8278985886611304,-0.8597849356939743,1.779498270571702,5.331508461368496,-1.8189131444472544
1073,29.78648,0.8944699364403407,0.9259257306477385,-1.7198383119362095,5.340437888311621,-3.9601062954491892
1074,29.81424,-0.8321526408399339,-0.8642310630233494,1.7888283177424862,5.3494142473368935,-1.8567993620285885
1075,29.842,0.89919609184407,0.9308415098896138,-1.7287544413441038,5.358436977729928,-4.00465218842152
1076,29.86976,-0.836441934879412,-0.868713856085932,1.7982404670412093,5.367507462489944,-1.8954390119548243
1077,29.89752,0.9039651947310413,0.9358017253226377,-1.7377457887973895,5.376625025321557,-4.049962684864792
1078,29.92528,-0.8407670079579266,-0.8732339025099967,1.8077360972488254,5.385791173749581,-1.9348510659699536
1079,29.95304,0.9087780716954009,0.9408072483769392,-1.746813731718944,5.395005298473258,-4.096058180214812
1080,29.9808,-0.8451284697473125,-0.8777918962795151,1.8173168176427024,5.404268866279974,-1.9750551667222886
1081,30.00856,0.9136355712395784,0.9458588843959878,-1.7559595220407307,5.413581192016769,-4.142959853674499
1082,30.03632,-0.8495269951818769,-0.8823884608651159,1.8269841050441868,5.42294385246998,-2.0160716595329724
1083,30.06408,0.9185384923927172,0.9509575133767969,-1.7651846106390976,5.432356165849628,-4.190689707484289
1084,30.09184,-0.8539631799186034,-0.8870242427662803,1.8367396596394023,5.441819729113772,-2.0579216260430835
1085,30.1196,0.9234877382305853,0.9561040843726049,-1.774490336024686,5.451333807372705,-4.239270608608897
1086,30.14736,-0.8584376894348833,-0.8916999893526835,1.8465850641363544,5.460900070444187,-2.1006269198723206
1087,30.17512,0.9284842375414648,0.9612994921449479,-1.7838782295884459,5.470517816414808,-4.288726333017054
1088,30.20288,-0.8629512526249804,-0.8964163878586434,1.8565221185997705,5.480188728723096,-2.144210204433093
1089,30.23064,0.9335288800607254,0.9665447057369007,-1.7933497232498092,5.489911999877681,-4.339081612746046
1090,30.258399999999998,-0.8675045302544483,-0.9011741508350704,1.866552520423991,5.49968943728679,-2.188694993055875
1091,30.28616,0.9386226567065941,0.9718407637018645,-1.8029064367083032,5.509520280816234,-4.390362185959094
1092,30.31392,-0.8720982510531681,-0.9059740873153509,1.8766781794975056,5.519406323999616,-2.234105691594836
1093,30.34168,0.9437665885226683,0.9771886620228716,-1.8125499029405485,5.529346733696648,-4.442594850221979
1094,30.36944,-0.8767332061005189,-0.9108169562935604,1.8869009177831342,5.539343417144306,-2.280467643697182
1095,30.3972,0.9489616679993416,0.9825894716691687,-1.822281838585168,5.549395534289695,-4.49580751924498
1096,30.42496,-0.8814101291514717,-0.9157035448488204,1.8972227660555223,5.559505031691105,-2.327807178935381
1097,30.45272,0.9542089872781035,0.9880443346455825,-1.8321038862521764,5.5696710145198915,-4.550029283358192
1098,30.48048,-0.8861298209271549,-0.9206347332746523,1.9076456819614303,5.579895514016944,-2.376151664018903
1099,30.50824,0.9595096737921959,0.9935543622467244,-1.8420178691067084,5.590177652380926,-4.605290474012437
1100,30.536,-0.8908931442619284,-0.9256113617937255,1.9181718295068255,5.600519496979102,-2.4255295573211537
1101,30.56376,0.9648648372086415,0.9991207426603236,-1.8520255490239883,5.61092007017368,-4.66162273262438
1102,30.59152,-0.8957009152883634,-0.9306343020586937,1.9288033145480126,5.621381569391261,-2.4759704669783447
1103,30.61928,0.9702756867586274,1.0047447378497547,-1.8621288663801645,5.63190304506301,-4.719059084114113
1104,30.64704,-0.9005540170298908,-0.9357045168372876,1.939542448144063,5.642486710250957,-2.527505212840236
1105,30.6748,0.9757434730682841,1.010427591313555,-1.8723297131526984,5.653131541799019,-4.777634015515611
1106,30.70256,-0.9054533952963024,-0.9408229388395859,1.9503914985045414,5.66383987698374,-2.580165892578213
1107,30.73032,0.9812694403172229,1.016170626724709,-1.882630158874242,5.67461067396784,-4.837383560076627
1108,30.75808,-0.9103999598173939,-0.9459905362488814,1.96135293926787,5.685446333295137,-2.6339859522845535
1109,30.78584,0.9868549337712168,1.0219752456808533,-1.8930322378424231,5.696345753613377,-4.8983453873041585
1110,30.8136,-0.9153946881563145,-0.9512083675154454,1.9724292170041517,5.707311438453644,-2.6890002619278306
1111,30.84136,0.9925013473650689,1.0278428442390188,-1.9035381621452372,5.718342286574368,-4.96055889945595
1112,30.86912,-0.9204386223553932,-0.9564774712878972,1.9836229854307867,5.729440865449339,-2.7452451960641646
1113,30.89688,0.9982100807365545,1.033774903519202,-1.914150122206338,5.740605975070074,-5.024065335027299
1114,30.92464,-0.9255327792051878,-0.9617989265854763,1.994936887640011,5.7518403276007515,-2.8027587202422843
1115,30.9524,1.0039826379707817,1.0397729883840894,-1.9248704877479241,5.763142730936802,-5.088907879837181
1116,30.98016,-0.9306782454229026,-0.9671739032218136,2.006373777219913,5.774515947799616,-2.8615804835830714
1117,31.00792,1.0098205805687321,1.0458386721177364,-1.9357016209583315,5.785958707782281,-5.1551317863781145
1118,31.03568,-0.935876175068836,-0.9726035619418423,2.0179365144465526,5.7974739174877845,-2.9217519180615428
1119,31.06344,1.0157254890817604,1.051973619875476,-1.946646066221043,5.809060273458438,-5.222784502162164
1120,31.0912,-0.9411277082307231,-0.97808910981362,2.029628175241836,5.820720777250475,-2.9833163450718656
1121,31.11896,1.0216990540259847,1.0581795883900493,-1.957706375251234,5.832454057132413,-5.291915807870763
1122,31.14672,-0.9464340583494074,-0.983631846780404,2.041451860640369,5.844263245406582,-3.0463190899148627
1123,31.17448,1.027743033946344,1.0644583582642215,-1.9688852863876702,5.856146951167413,-5.362577966200799
1124,31.20224,-0.9517965104489701,-0.9892330752109253,2.0534108944859857,5.868108407273521,-3.1108076049128686
1125,31.23,1.0338592214493474,1.0708118111196132,-1.980185561104631,5.880146119524564,-5.434825882393764
1126,31.25776,-0.9572163476077267,-0.9948941510657378,2.0655086455548797,5.892263491969088,-3.1768316019300697
1127,31.285519999999998,1.0400495272132226,1.0772419304722292,-1.991610153637467,5.904459015607198,-5.5087172775410735
1128,31.31328,-0.9626949312641971,-1.000616527062821,2.0777487148707494,5.916736189598771,-3.244443195158429
1129,31.34104,1.0463159429421012,1.0837507412170717,-2.0031620583369065,5.929093416512123,-5.584312875877736
1130,31.3688,-0.9682337003330147,-1.006401670954663,2.0901347699395854,5.941534372264033,-3.3136970551211613
1131,31.39656,1.0526605116780936,1.0903403813195074,-2.0148444703796415,5.954057407722575,-5.661676607410636
1132,31.42432,-0.9738341049264857,-1.0122511130128766,2.102670722550494,5.966666337936627,-3.384650574948813
1133,31.45208,1.059085405822613,1.0970131040651723,-2.02666064349447,5.979359431103164,-5.740875827378671
1134,31.47984,-0.9794976804395705,-1.0181664862916548,2.115360574655402,5.992140675230298,-3.4573640500989367
1135,31.5076,1.065592894874384,1.1037712244355646,-2.0386140424972754,6.00500829562144,-5.82198155421267
1136,31.53536,-0.9852260476617347,-1.024149453053605,2.1282085875201697,6.01796643193245,-3.531900872820936
1137,31.56312,1.0721853200024434,1.110617186202802,-2.050708210984178,6.031013194297212,-5.905068727855376
1138,31.59088,-0.9910208533103011,-1.0302017491199755,2.141219138866547,6.044152937753002,-3.608327742814897
1139,31.61864,1.0788651670125518,1.1175535658440063,-2.062946916426934,6.057383729932859,-5.990216490520467
1140,31.6464,-0.9968838386765683,-1.0363252217310424,2.1543968842482184,6.070710082055281,-3.686714895699615
1141,31.67416,1.0856350388843856,1.1245830256493883,-2.075334027498915,6.084129955537858,-6.077508492216786
1142,31.70192,-1.0028168408949665,-1.042521763658923,2.1677466251652935,6.097648091526733,-3.767136351093372
1143,31.72968,1.0924976347142867,1.1317083771337348,-2.0878736524739177,6.111262374123069,-6.167033223645769
1144,31.75744,-1.008821739956636,-1.048793354993803,2.181273463565241,6.124977748339451,-3.849670182324586
1145,31.7852,1.0994558186180097,1.138932587024603,-2.100570025928605,6.138791992809333,-6.2588843794003175
1146,31.81296,-1.0149005227047747,-1.055142099136096,2.194982680745577,6.152710290875744,-3.9343988100320786
1147,31.84072,1.1065125972393037,1.1462587371216448,-2.113427641207242,6.166730346848814,-6.353161254759179
1148,31.86848,-1.021055285492864,-1.0615701642655695,2.208879885924006,6.180857571051037,-4.021409322190833
1149,31.89624,1.1136711033395226,1.1536900850400151,-2.1264511463320463,6.195089530237839,-6.449969179789202
1150,31.924,-1.0272881874714739,-1.0680798231835975,2.2229709058674914,6.209431922426308,-4.110793823414094
1151,31.95176,1.1209346617400993,1.1612300728520162,-2.139645471331508,6.223882235239617,-6.549419994946637
1152,31.97952,-1.0336015107570207,-1.0746734880370183,2.2372619285445503,6.238446412399001,-4.2026498167425554
1153,32.00728,1.1283067721860651,1.168882293948358,-2.153015733291741,6.253121805933899,-6.651632572919178
1154,32.03504,-1.039997664809756,-1.0813536589692765,2.2517594035648147,6.267914675764017,-4.2970806215435395
1155,32.0628,1.1357910980914285,1.1766505523024005,-2.1665673594009327,6.282822259487884,-6.756733392083069
1156,32.090559999999996,-1.0464791459399543,-1.0881229627261075,2.2664701820263904,6.29785112059286,-4.3941958316160745
1157,32.11832,1.1433915308171714,1.1845388745929262,-2.1803060011953295,6.312998355178332,-6.864857167680294
1158,32.14608,-1.0530485945524541,-1.0949841868185082,2.2814014280280164,6.328270869433171,-4.494111818141807
1159,32.17384,1.1511121785695737,1.1925514846362852,-2.1942376542527233,6.343665640453961,-6.976147547664592
1160,32.2016,-1.0597088017171323,-1.1019402353791223,2.296560755965476,6.359189918724145,-4.596952282749091
1161,32.22936,1.1589573611412751,1.200692862642097,-2.208368581833014,6.374840505139132,-7.090757881143958
1162,32.25712,-1.0664626750395618,-1.108994167381682,2.311956153600288,6.390625057766626,-4.702848866682153
1163,32.28488,1.166931674134488,1.2089677620135715,-2.2227054322672855,6.406540246067351,-7.208852068483888
1164,32.31264,-1.0733132940234145,-1.116149231121144,2.3275961182551286,6.4225941138216625,-4.811941822907217
1165,32.3404,1.1750399850046964,1.217381192374923,-2.2372551723744607,6.438783146787145,-7.330605503460238
1166,32.36816,-1.080263919514274,-1.123408827562335,2.34348959220506,6.455115848572234,-4.924380758962451
1167,32.39592,1.1832874351256482,1.2259384807382705,-2.2520252037503408,6.4715885338181,-7.456206119397762
1168,32.42368,-1.0873179663520602,-1.1307765492504869,2.3596460994919615,6.488210171690847,-5.040325459494426
1169,32.45144,1.1916795060712773,1.2346452947381181,-2.267023306571739,6.504976877239888,-7.585855553042955
1170,32.4792,-1.0944790581259503,-1.1382562162542684,2.376075694769881,6.521898136192498,-5.159946798749712
1171,32.50696,1.2002220245621644,1.2435076359553767,-2.28225775620722,6.538969876682728,-7.719770442049079
1172,32.53472,-1.1017510404842477,-1.1458518476641093,2.392789102830091,6.556202122375844,-5.2834277548428705
1173,32.56248,1.2089211739258445,1.2525319056314916,-2.297737278316651,6.573590559491978,-7.858183874460809
1174,32.59024,-1.109137961375986,-1.1535677026295859,2.4097976825141667,6.5911458251326955,-5.410964539445857
1175,32.618,1.217783565360445,1.2617249369649874,-2.3134711675039634,6.608863393739505,-8.00134701155236
1176,32.64576,-1.1166441268508625,-1.1614083193317817,2.4271135715540155,6.626754522178498,-5.54276785869159
1177,32.67352,1.2268162545437642,1.271094001475572,-2.32946925500944,6.644814420805683,-8.149530908891125
1178,32.70128,-1.1242741197060337,-1.1693784958331503,2.4447496678127463,6.663055056213563,-5.679064323623088
1179,32.72904,1.2360267657258739,1.2806468830572098,-2.345742031535756,6.681471376096268,-8.30302856468575
1180,32.7568,-1.1320327887073816,-1.1774833352469796,2.46271978275549,6.700076092408895,-5.820098031528827
1181,32.78456,1.2454231722146796,1.2903919233551537,-2.362300629350176,6.71886385607493,-8.462157229477715
1182,32.81232,-1.1399253076991132,-1.1857282899748558,2.4810386431592475,6.737848201852722,-5.966132343085301
1183,32.84008,1.2550141290106953,1.3003380455733389,-2.379156951983726,6.757023483338684,-8.627261017228806
1184,32.86784,-1.147957201810201,-1.1941191539436313,2.499722057526081,6.7764041148306635,-6.117451884502021
1185,32.8956,1.2648089146549444,1.3104948425593645,-2.3963236732657625,6.795984093811242,-8.798713865068287
1186,32.92336,-1.1561343479514279,-1.2026621148312469,2.518786942623583,6.8157788212908965,-6.274364808986041
1187,32.95112,1.2748175273646545,1.3208726415642755,-2.413814377389026,6.835781950158919,-8.976922897675758
1188,32.97888,-1.164463040501937,-1.2113638068905697,2.53825150856057,6.856009922653983,-6.437205358004652
1189,33.00664,1.2850507407062284,1.3314825526321337,-2.4316435783713217,6.876455987546617,-9.162332262844059
1190,33.0344,-1.1729500285134433,-1.22023131793605,2.558135316238427,6.897137759746197,-6.606336770266289
1191,33.06216,1.295520171475874,1.3423365796202809,-2.4498268750961603,6.9180480678257545,-9.355427517643717
1192,33.08992,-1.181602531238848,-1.2292722530668552,2.578459488827293,6.939205792550549,-6.782154595365593
1193,33.11768,1.3062384016492268,1.3534477145178039,-2.4683809960583294,6.960603294204017,-9.556740660371682
1194,33.14544,-1.1904283153387747,-1.2384948012038464,2.5992468086701974,6.982260856546978,-6.965090480033937
1195,33.1732,1.3172190686411356,1.3648300222327208,-2.487323975582353,7.004170349370671,-9.766855922850812
1196,33.20096,-1.199435748548006,-1.2479077623824906,2.620521965831179,7.026353589333614,-7.155616508393079
1197,33.22872,1.3284769729674621,1.3764987890484435,-2.5066752306486992,7.048801881701161,-9.986416461605826
1198,33.25648,-1.20863383643394,-1.2575206299895145,2.6423117065840747,7.071538760406648,-7.3542501941578795
1199,33.28424,1.3400282427689199,1.3884706634917645,-2.52645576679484,7.094554948275092,-10.216132116210705
1200,33.312,-1.2180323189456341,-1.2673436792367145,2.6646451340399975,7.117875850573632,-7.561560243186354
1201,33.33976,1.3518904782841004,1.4007637976530007,-2.5466882966304114,7.1414915261917296,-10.456788440296855
1202,33.36752,-1.2276417495051102,-1.2773880240901394,2.6875539256899117,7.165429487303565,-7.778173230189215
1203,33.39528,1.3640829229246652,1.4133980577202467,-2.5673974873076237,7.189679079750352,-10.709257257453146
1204,33.42304,-1.2374735634459924,-1.2876657295617797,2.711072707648727,7.214270145681783,-8.004781365164142
1205,33.4508,1.3766266992610285,1.426395240890268,-2.588610134484539,7.239191236810028,-10.974509053348298
1206,33.47856,-1.2475402068500492,-1.298189935854353,2.7352393668236017,7.264474808968188,-8.242151565029163
1207,33.50632,1.3895450423761935,1.4397793088395394,-2.610355468307787,7.290108554682091,-11.25362759061521
1208,33.53408,-1.2578552563097694,-1.3089749610297112,2.760095530353607,7.316127849328461,-8.4911360963988
1209,33.56184,1.4028635766953257,1.453576704199103,-2.6326654028340166,7.342519410595419,-11.547827229401125
1210,33.5896,-1.26843353722946,-1.3200364631790822,2.785687010562124,7.369321919278712,-8.752685119689504
1211,33.61736,1.4166106757057442,1.4678166970814892,-2.6555749251773584,7.396521041882354,-11.858473560851307
1212,33.64512,-1.2792913073947492,-1.3313916242096633,2.8120644369799717,7.4241591661394475,-9.027861547080148
1213,33.67288,1.430817848349076,1.4825317766633956,-2.6791224500179243,7.452220767734575,-12.187108122524185
1214,33.70064,-1.290446444469404,-1.3430593271069267,2.8392838922933232,7.4807524619536245,-9.31785873316095
1215,33.7284,1.4455202013356672,1.4977581558999629,-2.7033503285812244,7.5097374099374745,-12.535478176774864
1216,33.75616,-1.301918647110239,-1.3550604037082983,2.8674077698912446,7.539227026213038,-9.624021655420684
1217,33.78392,1.460757022591212,1.5135363503443047,-2.728305353016827,7.569202992937661,-12.905572813548487
1218,33.81168,-1.3137297142310902,-1.3674179221082894,2.896505691887137,7.599722222866353,-9.947872423171797
1219,33.83944,1.4765724462797565,1.5299118569944712,-2.754039441060679,7.630764751739943,-13.299667013267937
1220,33.8672,-1.3259038507359036,-1.3801574927325946,2.926655707681615,7.662393802826185,-10.291141193632921
1221,33.89496,1.4930162600161676,1.5469360114722424,-2.7806103595683047,7.6945875351855175,-13.720375809912447
1222,33.92272,-1.338468014262499,-1.3933076697506168,2.9579456407478446,7.727416480966467,-10.655803894625242
1223,33.95048,1.5101449162507667,1.5646670090046488,-2.8080826721758294,7.760856701071828,-14.170721381432143
1224,33.97824,-1.3514523693798604,-1.4069004275956158,2.990474816987202,7.794987197655279,-11.044128586041627
1225,34.006,1.5280227391439813,1.5831711412141636,-2.8365287920318547,7.829781628361255,-14.654216841070697
1226,34.03376,-1.364890811574336,-1.4209717038711822,3.0243560845395807,7.865328917669004,-11.458732882252434
1227,34.06152,1.5467234195850212,1.6025243586384572,-2.866030332940816,7.901599991104832,-15.174971822822185
1228,34.08928,-1.378821587009239,-1.4355620926844521,3.059718391909297,7.938695435805089,-11.902655671353049
1229,34.11704,1.5663319059467065,1.6228141979359205,-2.8966796713109866,7.976583035405772,-15.737826818559942
1230,34.1448,-1.3932880858020324,-1.4507176883732003,3.0967099035126116,8.015377205622407,-12.379447503360726
1231,34.17256,1.5869467529752324,1.6441421936990965,-2.928581934105974,8.05504211742464,-16.348525895725285
1232,34.20032,-1.4083397970500133,-1.4664910965244093,3.135501993154844,8.095708694176267,-12.893285627092446
1233,34.22808,1.6086831123779513,1.6666269770359639,-2.9618573743692376,8.137336895858919,-17.013941311532086
1234,34.25584,-1.4240334802667842,-1.482942723228399,3.17629422053131,8.180077544326553,-13.449121962954576
1235,34.2836,1.631676604284572,1.6904082411160364,-2.9966443973598067,8.22388570233533,-17.742369291274898
1236,34.31136,-1.4404346669582009,-1.5001423894312869,3.2193207900185277,8.268936364537554,-14.052875662875358
1237,34.33912,1.6560883302503617,1.7156518926837039,-3.0331032833684755,8.31517881537635,-18.54392490633026
1238,34.36688,-1.4576195407443358,-1.5181713513934867,3.264858849054457,8.362817760919512,-14.711686896587766
1239,34.39464,1.682111495840773,1.7425568829498774,-3.071420969455295,8.411795643017198,-19.43107731619476
1240,34.4224,-1.475677329654999,-1.5371249218983563,3.313239478373876,8.462354072162315,-15.434256037442355
1241,34.45016,1.7099803125380597,1.7713643459542068,-3.1118170930060063,8.514427296963653,-20.419387594915452
1242,34.47792,-1.4947134345190047,-1.5571158689887605,3.3648622852188126,8.568303374828965,-16.23130403343228
1243,34.50568,1.739982109565952,1.80237004750878,-3.1545518638348793,8.623906663110358,-21.528545132357177
1244,34.53344,-1.514853511722421,-1.5782788621809802,3.4202152874493046,8.681584502087688,-17.11620805167026
1245,34.5612,1.7724741725243325,1.8359417148164854,-3.1999362753223406,8.741249142265952,-22.783854538075857
1246,34.58896,-1.5362488895549093,-1.600776435828887,3.479902342112201,8.803324843749067,-18.105896050655666
1247,34.61672,1.8079076805263272,1.8725436284436199,-3.2483456431632374,8.867708880344901,-24.218420538779128
1248,34.64448,-1.5590839085565265,-1.624807072716151,3.5446819710628756,8.934927132136293,-19.22213301834043
1249,34.67224,1.8468625225244757,1.9127724040793352,-3.300237593913648,9.004858016544503,-25.87644743098254
1250,34.7,-1.5835859723769525,-1.6506163354725347,3.6155234880706804,9.078164568320787,-20.493415614363744
1251,34.727759999999996,1.8900994313047328,1.9574105896846115,-3.356176317246113,9.154701041156597,-27.818380953939307
1252,34.75552,-1.6100395617350882,-1.6785125442007673,3.6936906051866503,9.23532013691034,-21.95784067247267
1253,34.78328,1.9386406656914852,2.0075095658199853,-3.416865264440604,9.319844393994469,-30.12922063980527
1254,34.81104,-1.6388061598404386,-1.70888925469926,3.7808698842998303,9.409396455414562,-23.66758649412373
1255,34.8388,1.9938997213674794,2.064522831253757,-3.4831911276758594,9.503755972065651,-32.932551695060866
1256,34.86656,-1.6703529830117614,-1.7422581194893574,3.879375920916949,9.604443088206894,-25.696170476825195
1257,34.89432,2.0578997229979854,2.130530427915467,-3.55628109393806,9.71117701498798,-36.415492263918516
1258,34.92208,-1.7052948707573137,-1.7792978346239297,3.9924941290304385,9.826087846188502,-28.15070097603549
1259,34.94984,2.1336622341772205,2.208638457181383,-3.6375701361521013,9.948804582105842,-40.87594501937421
1260,34.9776,-1.7444550641208107,-1.8209275957060613,4.125086064529846,10.082441769978965,-31.193567570541756
1261,35.00536,2.225948963577354,2.30374129852758,-3.7288505810936745,10.226481646430399,-46.81945918573221
1262,35.03312,-1.7889483175138552,-1.8684147748863436,4.284733906805444,10.385731906053852,-35.08293580709383
1263,35.06088,2.34280699971852,2.424109946214495,-3.832174909885027,10.559402616734372,-55.17906703631024
1264,35.08864,-1.8402645163443125,-1.9235108029798604,4.48410222343974,10.755462019210112,-40.252490165922254
1265,35.1164,2.499184826909549,2.5851104789014396,-3.949032071100079,10.972504039504033,-67.8871218337951
1266,35.14416,-1.9001682768095085,-1.9884761442108476,4.746410423470718,11.225075808554308,-47.47244065758587
1267,35.17192,2.7268726533699326,2.819434865793011,-4.075876945903984,11.509903339237471,-89.68011345866289
1268,35.19968,-1.9691234606311296,-2.064858451755967,5.12035106127415,11.857441320776736,-58.11187267096761
1269,35.22744,3.109240522055825,3.212917634698598,-4.177061984970209,12.255863695103985,-135.78555578319387
1270,35.2552,-2.031795757818388,-2.140216779511722,5.732472786372685,12.782988143354002,-73.00808507025772
1271,35.28296,3.963161366299461,4.0929044453823105,-3.934806692995793,13.355418677733173,-288.4681695864681
1272,35.31072,-1.833365850418283,-1.9676290391243794,7.111838542351885,14.229468340303347,-20.489712040187566
1273,35.33848,8.16195928695185,8.470053869031617,4.747226793904101,14.985417652335945,-2552.4378589587327
1274,35.36624,29.521180187725257,31.767068682995315,151.57293323666008,150.22275091857935,114381.08348772045
1275,35.394,11264.493784493432,13938.388541507093,1900457.9915069337,1900390.513345275,-13787563081.047947
1276,35.42176,1323758263908.4062,2462764543251.1406,3.7875925121193083e+18,3.78759251211844e+18,8.385564766947872e+24
1277,35.44952,2.898756621135831e+36,1.9055159018995745e+37,2.9983265709099796e+55,2.9983265709099796e+55,-2.873538538751101e+68
1278,35.47728,3.223862791929433e+109,1.5408464714295414e+112,1.4873938652701143e+166,inf,1.7128717476865684e+198
1279,35.50504,,,,,
1280,35.5328,,,,,
1281,35.56056,,,,,
1282,35.58832,,,,,
1283,35.61608,,,,,
1284,35.64384,,,,,
1285,35.6716,,,,,
1286,35.69936,,,,,
1287,35.72712,,,,,
1288,35.75488,,,,,
1289,35.78264,,,,,
1290,35.8104,,,,,
1291,35.83816,,,,,
1292,35.86592,,,,,
1293,35.89368,,,,,
1294,35.92144,,,,,
1295,35.9492,,,,,
1296,35.97696,,,,,
1297,36.00472,,,,,
1298,36.03248,,,,,
1299,36.06024,,,,,
1300,36.088,,,,,
1301,36.11576,,,,,
1302,36.14352,,,,,
1303,36.17128,,,,,
1304,36.19904,,,,,
1305,36.2268,,,,,
1306,36.25456,,,,,
1307,36.28232,,,,,
1308,36.31008,,,,,
1309,36.33784,,,,,
1310,36.3656,,,,,
1311,36.39336,,,,,
1312,36.42112,,,,,
1313,36.44888,,,,,
1314,36.47664,,,,,
1315,36.5044,,,,,
1316,36.53216,,,,,
1317,36.55992,,,,,
1318,36.58768,,,,,
1319,36.61544,,,,,
1320,36.6432,,,,,
1321,36.67096,,,,,
1322,36.69872,,,,,
1323,36.72648,,,,,
1324,36.75424,,,,,
1325,36.782,,,,,
1326,36.80976,,,,,
1327,36.83752,,,,,
1328,36.86528,,,,,
1329,36.89304,,,,,
1330,36.9208,,,,,
1331,36.94856,,,,,
1332,36.97632,,,,,
1333,37.00408,,,,,
1334,37.03184,,,,,
1335,37.0596,,,,,
1336,37.08736,,,,,
1337,37.11512,,,,,
1338,37.14288,,,,,
1339,37.17064,,,,,
1340,37.1984,,,,,
1341,37.22616,,,,,
1342,37.25392,,,,,
1343,37.28168,,,,,
1344,37.30944,,,,,
1345,37.3372,,,,,
1346,37.364959999999996,,,,,
1347,37.39272,,,,,
1348,37.42048,,,,,
1349,37.44824,,,,,
1350,37.476,,,,,
1351,37.50376,,,,,
1352,37.53152,,,,,
1353,37.55928,,,,,
1354,37.58704,,,,,
1355,37.6148,,,,,
1356,37.64256,,,,,
1357,37.67032,,,,,
1358,37.69808,,,,,
1359,37.72584,,,,,
1360,37.7536,,,,,
1361,37.78136,,,,,
1362,37.80912,,,,,
1363,37.83688,,,,,
1364,37.86464,,,,,
1365,37.8924,,,,,
1366,37.92016,,,,,
1367,37.94792,,,,,
1368,37.97568,,,,,
1369,38.00344,,,,,
1370,38.0312,,,,,
1371,38.05896,,,,,
1372,38.08672,,,,,
1373,38.11448,,,,,
1374,38.14224,,,,,
1375,38.17,,,,,
1376,38.19776,,,,,
1377,38.22552,,,,,
1378,38.25328,,,,,
1379,38.28104,,,,,
1380,38.3088,,,,,
1381,38.33656,,,,,
1382,38.36432,,,,,
1383,38.39208,,,,,
1384,38.41984,,,,,
1385,38.4476,,,,,
1386,38.47536,,,,,
1387,38.50312,,,,,
1388,38.53088,,,,,
1389,38.55864,,,,,
1390,38.5864,,,,,
1391,38.61416,,,,,
1392,38.64192,,,,,
1393,38.66968,,,,,
1394,38.69744,,,,,
1395,38.7252,,,,,
1396,38.75296,,,,,
1397,38.78072,,,,,
1398,38.80848,,,,,
1399,38.83624,,,,,
1400,38.864,,,,,
1401,38.89176,,,,,
1402,38.91952,,,,,
1403,38.94728,,,,,
1404,38.97504,,,,,
1405,39.0028,,,,,
1406,39.03056,,,,,
1407,39.05832,,,,,
1408,39.08608,,,,,
1409,39.11384,,,,,
1410,39.1416,,,,,
1411,39.16936,,,,,
1412,39.19712,,,,,
1413,39.22488,,,,,
1414,39.25264,,,,,
1415,39.2804,,,,,
1416,39.30816,,,,,
1417,39.33592,,,,,
1418,39.36368,,,,,
1419,39.39144,,,,,
1420,39.4192,,,,,
1421,39.44696,,,,,
1422,39.47472,,,,,
1423,39.50248,,,,,
1424,39.53024,,,,,
1425,39.558,,,,,
1426,39.58576,,,,,
1427,39.61352,,,,,
1428,39.64128,,,,,
1429,39.66904,,,,,
1430,39.6968,,,,,
1431,39.72456,,,,,
1432,39.75232,,,,,
1433,39.78008,,,,,
1434,39.80784,,,,,
1435,39.8356,,,,,
1436,39.86336,,,,,
1437,39.89112,,,,,
1438,39.91888,,,,,
1439,39.94664,,,,,
1440,39.9744,,,,,
1441,40.002159999999996,,,,,
1442,40.02992,,,,,
1443,40.05768,,,,,
1444,40.08544,,,,,
1445,40.1132,,,,,
1446,40.14096,,,,,
1447,40.16872,,,,,
1448,40.19648,,,,,
1449,40.22424,,,,,
1450,40.252,,,,,
1451,40.27976,,,,,
1452,40.30752,,,,,
1453,40.33528,,,,,
1454,40.36304,,,,,
1455,40.3908,,,,,
1456,40.41856,,,,,
1457,40.44632,,,,,
1458,40.47408,,,,,
1459,40.50184,,,,,
1460,40.5296,,,,,
1461,40.55736,,,,,
1462,40.58512,,,,,
1463,40.61288,,,,,
1464,40.64064,,,,,
1465,40.6684,,,,,
1466,40.69616,,,,,
1467,40.72392,,,,,
1468,40.75168,,,,,
1469,40.77944,,,,,
1470,40.8072,,,,,
1471,40.83496,,,,,
1472,40.86272,,,,,
1473,40.89048,,,,,
1474,40.91824,,,,,
1475,40.946,,,,,
1476,40.97376,,,,,
1477,41.00152,,,,,
1478,41.02928,,,,,
1479,41.05704,,,,,
1480,41.0848,,,,,
1481,41.11256,,,,,
1482,41.14032,,,,,
1483,41.16808,,,,,
1484,41.19584,,,,,
1485,41.2236,,,,,
1486,41.25136,,,,,
1487,41.27912,,,,,
1488,41.30688,,,,,
1489,41.33464,,,,,
1490,41.3624,,,,,
1491,41.39016,,,,,
1492,41.41792,,,,,
1493,41.44568,,,,,
1494,41.47344,,,,,
1495,41.5012,,,,,
1496,41.52896,,,,,
1497,41.55672,,,,,
1498,41.58448,,,,,
1499,41.61224,,,,,
1500,41.64,,,,,
1501,41.66776,,,,,
1502,41.69552,,,,,
1503,41.72328,,,,,
1504,41.75104,,,,,
1505,41.7788,,,,,
1506,41.80656,,,,,
1507,41.83432,,,,,
1508,41.86208,,,,,
1509,41.88984,,,,,
1510,41.9176,,,,,
1511,41.94536,,,,,
1512,41.97312,,,,,
1513,42.00088,,,,,
1514,42.02864,,,,,
1515,42.0564,,,,,
1516,42.08416,,,,,
1517,42.11192,,,,,
1518,42.13968,,,,,
1519,42.16744,,,,,
1520,42.1952,,,,,
1521,42.22296,,,,,
1522,42.25072,,,,,
1523,42.27848,,,,,
1524,42.30624,,,,,
1525,42.334,,,,,
1526,42.36176,,,,,
1527,42.38952,,,,,
1528,42.41728,,,,,
1529,42.44504,,,,,
1530,42.4728,,,,,
1531,42.50056,,,,,
1532,42.52832,,,,,
1533,42.55608,,,,,
1534,42.58384,,,,,
1535,42.6116,,,,,
1536,42.639359999999996,,,,,
1537,42.66712,,,,,
1538,42.69488,,,,,
1539,42.72264,,,,,
1540,42.7504,,,,,
1541,42.77816,,,,,
1542,42.80592,,,,,
1543,42.83368,,,,,
1544,42.86144,,,,,
1545,42.8892,,,,,
1546,42.91696,,,,,
1547,42.94472,,,,,
1548,42.97248,,,,,
1549,43.00024,,,,,
1550,43.028,,,,,
1551,43.05576,,,,,
1552,43.08352,,,,,
1553,43.11128,,,,,
1554,43.13904,,,,,
1555,43.1668,,,,,
1556,43.19456,,,,,
1557,43.22232,,,,,
1558,43.25008,,,,,
1559,43.27784,,,,,
1560,43.3056,,,,,
1561,43.33336,,,,,
1562,43.36112,,,,,
1563,43.38888,,,,,
1564,43.41664,,,,,
1565,43.4444,,,,,
1566,43.47216,,,,,
1567,43.49992,,,,,
1568,43.52768,,,,,
1569,43.55544,,,,,
1570,43.5832,,,,,
1571,43.61096,,,,,
1572,43.63872,,,,,
1573,43.66648,,,,,
1574,43.69424,,,,,
1575,43.722,,,,,
1576,43.74976,,,,,
1577,43.77752,,,,,
1578,43.80528,,,,,
1579,43.83304,,,,,
1580,43.8608,,,,,
1581,43.88856,,,,,
1582,43.91632,,,,,
1583,43.94408,,,,,
1584,43.97184,,,,,
1585,43.9996,,,,,
1586,44.02736,,,,,
1587,44.05512,,,,,
1588,44.08288,,,,,
1589,44.11064,,,,,
1590,44.1384,,,,,
1591,44.16616,,,,,
1592,44.19392,,,,,
1593,44.22168,,,,,
1594,44.24944,,,,,
1595,44.2772,,,,,
1596,44.30496,,,,,
1597,44.33272,,,,,
1598,44.36048,,,,,
1599,44.38824,,,,,
1600,44.416,,,,,
1601,44.44376,,,,,
1602,44.47152,,,,,
1603,44.49928,,,,,
1604,44.52704,,,,,
1605,44.5548,,,,,
1606,44.58256,,,,,
1607,44.61032,,,,,
1608,44.63808,,,,,
1609,44.66584,,,,,
1610,44.693599999999996,,,,,
1611,44.72136,,,,,
1612,44.74912,,,,,
1613,44.77688,,,,,
1614,44.80464,,,,,
1615,44.8324,,,,,
1616,44.86016,,,,,
1617,44.88792,,,,,
1618,44.91568,,,,,
1619,44.94344,,,,,
1620,44.9712,,,,,
1621,44.99896,,,,,
1622,45.02672,,,,,
1623,45.05448,,,,,
1624,45.08224,,,,,
1625,45.11,,,,,
1626,45.13776,,,,,
1627,45.16552,,,,,
1628,45.19328,,,,,
1629,45.22104,,,,,
1630,45.2488,,,,,
1631,45.27656,,,,,
1632,45.30432,,,,,
1633,45.33208,,,,,
1634,45.35984,,,,,
1635,45.3876,,,,,
1636,45.41536,,,,,
1637,45.44312,,,,,
1638,45.47088,,,,,
1639,45.49864,,,,,
1640,45.5264,,,,,
1641,45.55416,,,,,
1642,45.58192,,,,,
1643,45.60968,,,,,
1644,45.63744,,,,,
1645,45.6652,,,,,
1646,45.69296,,,,,
1647,45.72072,,,,,
1648,45.74848,,,,,
1649,45.77624,,,,,
1650,45.804,,,,,
1651,45.83176,,,,,
1652,45.85952,,,,,
1653,45.88728,,,,,
1654,45.91504,,,,,
1655,45.9428,,,,,
1656,45.97056,,,,,
1657,45.99832,,,,,
1658,46.02608,,,,,
1659,46.05384,,,,,
1660,46.0816,,,,,
1661,46.10936,,,,,
1662,46.13712,,,,,
1663,46.16488,,,,,
1664,46.19264,,,,,
1665,46.2204,,,,,
1666,46.24816,,,,,
1667,46.27592,,,,,
1668,46.30368,,,,,
1669,46.33144,,,,,
1670,46.3592,,,,,
1671,46.38696,,,,,
1672,46.41472,,,,,
1673,46.44248,,,,,
1674,46.47024,,,,,
1675,46.498,,,,,
1676,46.52576,,,,,
1677,46.55352,,,,,
1678,46.58128,,,,,
1679,46.60904,,,,,
1680,46.6368,,,,,
1681,46.66456,,,,,
1682,46.69232,,,,,
1683,46.72008,,,,,
1684,46.74784,,,,,
1685,46.7756,,,,,
1686,46.80336,,,,,
1687,46.83112,,,,,
1688,46.85888,,,,,
1689,46.88664,,,,,
1690,46.9144,,,,,
1691,46.94216,,,,,
1692,46.96992,,,,,
1693,46.99768,,,,,
1694,47.02544,,,,,
1695,47.0532,,,,,
1696,47.08096,,,,,
1697,47.10872,,,,,
1698,47.13648,,,,,
1699,47.16424,,,,,
1700,47.192,,,,,
1701,47.21976,,,,,
1702,47.24752,,,,,
1703,47.27528,,,,,
1704,47.30304,,,,,
1705,47.330799999999996,,,,,
1706,47.35856,,,,,
1707,47.38632,,,,,
1708,47.41408,,,,,
1709,47.44184,,,,,
1710,47.4696,,,,,
1711,47.49736,,,,,
1712,47.52512,,,,,
1713,47.55288,,,,,
1714,47.58064,,,,,
1715,47.6084,,,,,
1716,47.63616,,,,,
1717,47.66392,,,,,
1718,47.69168,,,,,
1719,47.71944,,,,,
1720,47.7472,,,,,
1721,47.77496,,,,,
1722,47.80272,,,,,
1723,47.83048,,,,,
1724,47.85824,,,,,
1725,47.886,,,,,
1726,47.91376,,,,,
1727,47.94152,,,,,
1728,47.96928,,,,,
1729,47.99704,,,,,
1730,48.0248,,,,,
1731,48.05256,,,,,
1732,48.08032,,,,,
1733,48.10808,,,,,
1734,48.13584,,,,,
1735,48.1636,,,,,
1736,48.19136,,,,,
1737,48.21912,,,,,
1738,48.24688,,,,,
1739,48.27464,,,,,
1740,48.3024,,,,,
1741,48.33016,,,,,
1742,48.35792,,,,,
1743,48.38568,,,,,
1744,48.41344,,,,,
1745,48.4412,,,,,
1746,48.46896,,,,,
1747,48.49672,,,,,
1748,48.52448,,,,,
1749,48.55224,,,,,
1750,48.58,,,,,
1751,48.60776,,,,,
1752,48.63552,,,,,
1753,48.66328,,,,,
1754,48.69104,,,,,
1755,48.7188,,,,,
1756,48.74656,,,,,
1757,48.77432,,,,,
1758,48.80208,,,,,
1759,48.82984,,,,,
1760,48.8576,,,,,
1761,48.88536,,,,,
1762,48.91312,,,,,
1763,48.94088,,,,,
1764,48.96864,,,,,
1765,48.9964,,,,,
1766,49.02416,,,,,
1767,49.05192,,,,,
1768,49.07968,,,,,
1769,49.10744,,,,,
1770,49.1352,,,,,
1771,49.16296,,,,,
1772,49.19072,,,,,
1773,49.21848,,,,,
1774,49.24624,,,,,
1775,49.274,,,,,
1776,49.30176,,,,,
1777,49.32952,,,,,
1778,49.35728,,,,,
1779,49.38504,,,,,
1780,49.4128,,,,,
1781,49.44056,,,,,
1782,49.46832,,,,,
1783,49.49608,,,,,
1784,49.52384,,,,,
1785,49.5516,,,,,
1786,49.57936,,,,,
1787,49.60712,,,,,
1788,49.63488,,,,,
1789,49.66264,,,,,
1790,49.6904,,,,,
1791,49.71816,,,,,
1792,49.74592,,,,,
1793,49.77368,,,,,
1794,49.80144,,,,,
1795,49.8292,,,,,
1796,49.85696,,,,,
1797,49.88472,,,,,
1798,49.91248,,,,,
1799,49.94024,,,,,
1800,49.967999999999996,,,,,
1801,49.99576,,,,,
1802,50.02352,,,,,
1803,50.05128,,,,,
1804,50.07904,,,,,
1805,50.1068,,,,,
1806,50.13456,,,,,
1807,50.16232,,,,,
1808,50.19008,,,,,
1809,50.21784,,,,,
1810,50.2456,,,,,
1811,50.27336,,,,,
1812,50.30112,,,,,
1813,50.32888,,,,,
1814,50.35664,,,,,
1815,50.3844,,,,,
1816,50.41216,,,,,
1817,50.43992,,,,,
1818,50.46768,,,,,
1819,50.49544,,,,,
1820,50.5232,,,,,
1821,50.55096,,,,,
1822,50.57872,,,,,
1823,50.60648,,,,,
1824,50.63424,,,,,
1825,50.662,,,,,
1826,50.68976,,,,,
1827,50.71752,,,,,
1828,50.74528,,,,,
1829,50.77304,,,,,
1830,50.8008,,,,,
1831,50.82856,,,,,
1832,50.85632,,,,,
1833,50.88408,,,,,
1834,50.91184,,,,,
1835,50.9396,,,,,
1836,50.96736,,,,,
1837,50.99512,,,,,
1838,51.02288,,,,,
1839,51.05064,,,,,
1840,51.0784,,,,,
1841,51.10616,,,,,
1842,51.13392,,,,,
1843,51.16168,,,,,
1844,51.18944,,,,,
1845,51.2172,,,,,
1846,51.24496,,,,,
1847,51.27272,,,,,
1848,51.30048,,,,,
1849,51.32824,,,,,
1850,51.356,,,,,
1851,51.38376,,,,,
1852,51.41152,,,,,
1853,51.43928,,,,,
1854,51.46704,,,,,
1855,51.4948,,,,,
1856,51.52256,,,,,
1857,51.55032,,,,,
1858,51.57808,,,,,
1859,51.60584,,,,,
1860,51.6336,,,,,
1861,51.66136,,,,,
1862,51.68912,,,,,
1863,51.71688,,,,,
1864,51.74464,,,,,
1865,51.7724,,,,,
1866,51.80016,,,,,
1867,51.82792,,,,,
1868,51.85568,,,,,
1869,51.88344,,,,,
1870,51.9112,,,,,
1871,51.93896,,,,,
1872,51.96672,,,,,
1873,51.99448,,,,,
1874,52.02224,,,,,
1875,52.05,,,,,
1876,52.07776,,,,,
1877,52.10552,,,,,
1878,52.13328,,,,,
1879,52.16104,,,,,
1880,52.1888,,,,,
1881,52.21656,,,,,
1882,52.24432,,,,,
1883,52.27208,,,,,
1884,52.29984,,,,,
1885,52.3276,,,,,
1886,52.35536,,,,,
1887,52.38312,,,,,
1888,52.41088,,,,,
1889,52.43864,,,,,
1890,52.4664,,,,,
1891,52.49416,,,,,
1892,52.52192,,,,,
1893,52.54968,,,,,
1894,52.57744,,,,,
1895,52.605199999999996,,,,,
1896,52.63296,,,,,
1897,52.66072,,,,,
1898,52.68848,,,,,
1899,52.71624,,,,,
1900,52.744,,,,,
1901,52.77176,,,,,
1902,52.79952,,,,,
1903,52.82728,,,,,
1904,52.85504,,,,,
1905,52.8828,,,,,
1906,52.91056,,,,,
1907,52.93832,,,,,
1908,52.96608,,,,,
1909,52.99384,,,,,
1910,53.0216,,,,,
1911,53.04936,,,,,
1912,53.07712,,,,,
1913,53.10488,,,,,
1914,53.13264,,,,,
1915,53.1604,,,,,
1916,53.18816,,,,,
1917,53.21592,,,,,
1918,53.24368,,,,,
1919,53.27144,,,,,
1920,53.2992,,,,,
1921,53.32696,,,,,
1922,53.35472,,,,,
1923,53.38248,,,,,
1924,53.41024,,,,,
1925,53.438,,,,,
1926,53.46576,,,,,
1927,53.49352,,,,,
1928,53.52128,,,,,
1929,53.54904,,,,,
1930,53.5768,,,,,
1931,53.60456,,,,,
1932,53.63232,,,,,
1933,53.66008,,,,,
1934,53.68784,,,,,
1935,53.7156,,,,,
1936,53.74336,,,,,
1937,53.77112,,,,,
1938,53.79888,,,,,
1939,53.82664,,,,,
1940,53.8544,,,,,
1941,53.88216,,,,,
1942,53.90992,,,,,
1943,53.93768,,,,,
1944,53.96544,,,,,
1945,53.9932,,,,,
1946,54.02096,,,,,
1947,54.04872,,,,,
1948,54.07648,,,,,
1949,54.10424,,,,,
1950,54.132,,,,,
1951,54.15976,,,,,
1952,54.18752,,,,,
1953,54.21528,,,,,
1954,54.24304,,,,,
1955,54.2708,,,,,
1956,54.29856,,,,,
1957,54.32632,,,,,
1958,54.35408,,,,,
1959,54.38184,,,,,
1960,54.4096,,,,,
1961,54.43736,,,,,
1962,54.46512,,,,,
1963,54.49288,,,,,
1964,54.52064,,,,,
1965,54.5484,,,,,
1966,54.57616,,,,,
1967,54.60392,,,,,
1968,54.63168,,,,,
1969,54.65944,,,,,
1970,54.6872,,,,,
1971,54.71496,,,,,
1972,54.74272,,,,,
1973,54.77048,,,,,
1974,54.79824,,,,,
1975,54.826,,,,,
1976,54.85376,,,,,
1977,54.88152,,,,,
1978,54.90928,,,,,
1979,54.93704,,,,,
1980,54.9648,,,,,
1981,54.99256,,,,,
1982,55.02032,,,,,
1983,55.04808,,,,,
1984,55.07584,,,,,
1985,55.1036,,,,,
1986,55.13136,,,,,
1987,55.15912,,,,,
1988,55.18688,,,,,
1989,55.21464,,,,,
1990,55.242399999999996,,,,,
1991,55.27016,,,,,
1992,55.29792,,,,,
1993,55.32568,,,,,
1994,55.35344,,,,,
1995,55.3812,,,,,
1996,55.40896,,,,,
1997,55.43672,,,,,
1998,55.46448,,,,,
1999,55.49224,,,,,
