i,t,Zx,Zy,Zz,v_rec,J_eff
0,0.0,0.0,0.0,0.0,,0.012419987844840427
1,0.02776,0.2869192679659863,0.2089732342152817,0.02535591065776807,3.2009748206199897,-0.13806248407184174
2,0.05552,-0.19418017687646366,-0.27160352896052264,-0.018259885767589218,3.253293322145949,0.014560780311030898
3,0.08327999999999999,0.10942246635683871,-0.08969939997537153,-0.37069144925806313,3.2201049804554187,-0.13316162423099792
4,0.11104,-0.18930490512148718,0.10608874678857494,0.4137517209589814,3.2958347242046493,0.016649171331112697
5,0.1388,-0.055643696668408016,0.19823536899761024,0.015428549148285092,3.2100813181164685,-0.12839743414943436
6,0.16655999999999999,0.12434250577557379,-0.07809140939885587,-0.008925201586116344,3.1982728194751253,0.0186862393448085
7,0.19432,0.26311293434494554,0.1931206552877048,-0.35257723044984823,3.2141117488208764,-0.1237651985694645
8,0.22208,-0.1800049690222526,-0.2492525385696916,0.3925382768769412,3.3266873972882314,0.02067307019909838
9,0.24984,0.10396741762568165,-0.074646133142026,0.00648144138719603,3.2217653537327333,-0.11926036886990861
10,0.2776,-0.17556982776735977,0.08935926221586105,-0.0005311875446786796,3.1976072959827824,0.022610754866204848
11,0.30536,-0.04409985160619086,0.1833702721913688,-0.3355611401623301,3.202806877548001,-0.11487855705241941
12,0.33311999999999997,0.105711537445607,-0.07566024255105108,0.3726479352045484,3.2727213073188373,0.024500387327474844
13,0.36088,0.24161517778470126,0.17872345371886977,-0.0015653950617268708,3.216025634540822,-0.11061552993558411
14,0.38864,-0.16710435992533137,-0.22907904938390622,0.006999894064878359,3.233114954236854,0.026343062614295802
15,0.4164,0.09882692122677465,-0.061498132254387425,-0.3195678100234933,3.213262154964028,-0.10646720355086406
16,0.44416,-0.1630646157153299,0.0747029371570346,0.3539890194219019,3.2650300323293515,0.028139874997548105
17,0.47192,-0.03408673081291538,0.16986013544849055,-0.008786110632707261,3.2057604999837515,-0.10242963773447722
18,0.49968,0.08936824912365886,-0.07324452836641447,0.013740067000828582,3.1928753247516313,0.029891916317444762
19,0.52744,0.22218492237803197,0.16563361740901666,-0.30452704950312603,3.2086759568022076,-0.09849903090939385
20,0.5552,-0.15534879341192198,-0.21085303480602216,0.3364761741625065,3.288580763747994,0.03160027444595575
21,0.58296,0.09397931978775968,-0.050032943661015794,-0.015249393828406121,3.214240639095878,-0.09467171505168451
22,0.61072,-0.15166426076772327,0.061880748287305776,0.01975600380125464,3.1927566806861725,0.03326603187435416
23,0.63848,-0.025422161283759043,0.15756713032762146,-0.29037352620990375,3.2001371342279006,-0.09094415083554475
24,0.6662399999999999,0.07504867143419741,-0.07085243285600493,0.3200299721798332,3.248763875231284,0.0348902644187464
25,0.694,0.20460584351593314,0.15371816965052904,-0.02101882094279578,0.6584309346001036,-0.08731292295140634
26,0.72176,-0.14462193399874423,-0.19436832556528305,0.02510936863270019,0.7037414714317904,0.036474040036771654
27,0.74952,0.08940467143664639,-0.04005209404717805,-0.2770464633178561,0.6479815569468734,-0.08377473559164769
28,0.77728,-0.14125655978502663,0.05067929928878054,0.3045765424311548,0.8060534164321224,0.03801841774896521
29,0.80504,-0.01794383959491204,0.14636752510776743,-0.026153186682604135,0.619471078615242,-0.08032640809851453
30,0.8328,0.06251727398539718,-0.0684909050771116,0.029857141532106835,0.5529695223851072,0.039524446658582096
31,0.86056,0.18868407723904435,0.14285778027409218,-0.2644893530442182,0.6302588261280417,-0.07696487076897363
32,0.88832,-0.13481945329284628,-0.1794403968180875,0.2900472180259931,0.8752379435775436,0.04099316506396867
33,0.91608,0.08508460738153412,-0.03137882866577303,-0.030706816823051666,0.650509934387436,-0.07368716081133307
34,0.94384,-0.13174093366831216,0.04090839489027265,0.03405192518900402,0.55356341335748,0.04242559965785442
35,0.9716,-0.011507441806250462,0.13615037069023017,-0.25264968521173264,0.5964268102005476,-0.07049041844858098
36,0.99936,0.051564257553838755,-0.06616580953953613,0.27637820290432225,0.7581427190493,0.043822764808205135
37,1.02712,0.17424611139972646,0.13294548730443712,-0.034729863926536486,0.6336279468593432,-0.06737188316351135
38,1.05488,-0.12584791107210588,-0.1659043299545595,0.03774223529339456,0.6592570369472015,0.04518566191554498
39,1.08264,0.08100220029430141,-0.023856029193701764,-0.24147869003394917,0.625243163466823,-0.06432889008082823
40,1.1104,-0.12302733807055874,0.032398808760470785,0.2635102562223735,0.7414893762959112,0.04651527884190748
41,1.13816,-0.005984883456169238,0.1268162907581589,-0.03826858705090576,0.6030622416768469,-0.06135886648154059
42,1.16592,0.042003062596665613,-0.06388204660252671,0.04097277536071739,0.5430910534664973,0.04781258940681825
43,1.19368,0.16113684336466755,0.12388551996474952,-0.23093109436050765,0.6110492870006902,-0.0584593284450853
44,1.22144,-0.11762372269689948,-0.15361293384913816,0.25138839352963754,0.7983388587928535,0.04907855294594827
45,1.2492,0.07714184299340296,-0.017344295670077822,-0.04136561627859156,0.6262648621698617,-0.055627877614737004
46,1.27696,-0.11503525798188796,0.02500022930540282,0.043784696840229106,0.5440364627108182,0.05031411392830094
47,1.30472,-0.001262716910392092,0.11827636788404494,-0.2209648907094472,0.5845827342966358,-0.05286219808198997
48,1.3324799999999999,0.0336680766100904,-0.061643661644604095,0.23996160391780202,0.7043043453017481,0.05152020162801365
49,1.36024,0.14921779117946277,0.11559221512870288,-0.04406020281069285,0.6127256149778503,-0.0501600533857183
50,1.388,-0.11007220593230582,-0.1424350127840448,0.046215845218527216,0.626066384494753,0.05269772984705934
51,1.41576,0.07348913686948798,-0.011720179518213858,-0.21154111849408125,0.605986622417735,-0.04751928362204454
52,1.44352,-0.10769277970493035,0.018579369780228124,0.22918258240947337,0.6913626617914754,0.05384759668533455
53,1.47128,0.002759344536792621,0.11045111845881277,-0.046388455292236966,0.5887100192580108,-0.044937802660967446
54,1.49904,0.02641252549325688,-0.05945394379933204,0.048300992746825575,0.5370226203059287,0.054970684354810034
55,1.5268,0.1383654470833622,0.10798902045670684,-0.20262365692200562,0.5945870691016035,-0.042413595465920925
56,1.55456,-0.10312670150337314,-0.13225377045427394,0.21900747693054928,0.7374332983040067,0.05606785903460027
57,1.58232,0.07003078946850516,-0.006874556865786516,-0.04838356296722435,0.6059714779569716,-0.039944715512553616
58,1.61008,-0.10093573491003344,0.013018231190273885,0.05007205834968448,0.5378836164484092,0.05713997076398353
59,1.63784,0.00616978458603229,0.1032695503493869,-0.19417902910285723,0.5738253102105477,-0.03752928230313654
60,1.6656,0.02010653634493284,-0.057315515043328734,0.20939564927442506,0.6624608043530567,0.05818785337056919
61,1.69336,0.12846976393836496,0.10100757842844446,-0.05007600620512059,0.5950918677130732,-0.03516547897311989
62,1.72112,-0.09672776273123992,-0.12296534127279729,0.05155831521448158,0.6010052662564858,0.05921232443096766
63,1.74888,0.06675452063540736,-0.002711133199116103,-0.18617621694936998,0.5896653621481988,-0.032851549986474146
64,1.77664,-0.09470691240788531,0.008212508165984199,0.2003094495186632,0.6523498223241169,0.06021418526146845
65,1.8044,0.009046531188116193,0.09666829804350778,-0.05149375489424379,0.5761892549965623,-0.030585798916560526
66,1.83216,0.014635360958661456,-0.05523041040299766,0.052786586514789735,0.5328966525043155,0.061194220936376734
67,1.85992,0.11943276647972233,0.09458688627110115,-0.1785864864933282,0.5804836065729165,-0.02836658630938436
68,1.88768,-0.0908224103876144,-0.11447744160178688,0.191714003395626,0.6892297043805186,0.0621532003317946
69,1.91544,0.06364897662345483,0.000854928211630461,-0.05266245516163063,0.5889675869085572,-0.026192327626190854
70,1.9432,-0.0889553339874417,0.0040701293201544225,0.053781429686396445,0.533506057844459,0.0630918761927646
71,1.97096,0.011458099337445522,0.09059083069644513,-0.17138322326487299,0.5641522935319881,-0.024061491262465987
72,1.99872,0.009897750667769295,-0.05320015001722918,0.18357701214861982,0.6298214425909723,0.06401098522181593
73,2.02648,0.11116728029147069,0.08867252737299715,-0.05360560485272161,0.5802059703481877,-0.021972596640506468
74,2.05424,-0.08536344945942623,-0.10670813453810155,0.05456530965094836,0.5818065636702626,0.0649112481870728
75,2.082,0.060703651586087676,0.0038982606957652793,-0.16454177740123616,0.575827481343991,-0.01992421237282061
76,2.10976,-0.08363559114610013,0.0005099245362053043,0.17586856442538995,0.621871770252479,0.06579337004819488
77,2.13752,0.013464634866396014,0.08498672895705707,-0.05434471818651649,0.5652989827231127,-0.017914954493718525
78,2.16528,0.005804474141658057,-0.05122580375763742,0.055158761367823377,0.5297202508545319,0.0666580400985269
79,2.19304,0.10359577207777326,0.08321597017438474,-0.15803931816058955,0.5684110745267218,-0.01594348475654179
80,2.2208,-0.08030884485258064,-0.09958470250896369,0.16856095977272914,0.6510796691710669,0.06750593212193604
81,2.24856,0.05790881588767633,0.006484437350914446,-0.05489947999144121,0.5747080583311144,-0.014008508994074857
82,2.27632,-0.07870723981056085,-0.002539587772187664,0.055580542088284,0.5300483138193186,0.06833770456290904
83,2.30408,0.01511886427573661,0.07981102673971686,-0.15185469751973782,0.5555306833557787,-0.012108775539767296
84,2.33184,0.0022769703002152447,-0.04930804906807035,0.1616285433010669,0.6042419980883903,0.06915400070857403
85,2.3596,0.09664929518141796,0.0781739307648865,-0.055287889922612604,0.5676359131415988,-0.010243073707481835
86,2.38736,-0.07562115321695037,-0.09304262224313237,0.055847773685586466,0.5668715473023472,0.0699554488813966
87,2.41512,0.05525545069397035,0.008671008690872666,-0.14596832253234293,0.5640958117746306,-0.008410232327565624
88,2.44288,-0.07413425024804685,-0.00514130008750404,0.1550475510878246,0.5979490201973463,0.07074266264138088
89,2.47064,0.01646695546509619,0.07502361425566224,-0.05552639706100305,0.5558564379471624,-0.006609118337122723
90,2.4984,-0.0007538712295317163,-0.04744722264300384,0.05597607543883009,0.5269994915901552,0.07151624099668397
91,2.52616,0.09026653445614295,0.07350779552522982,-0.1403620361187486,0.5580891368959431,-0.00483863542244338
92,2.55392,-0.07126700808750994,-0.08702463674830695,0.14879596588468325,0.6208672139040492,0.07227676862162435
93,2.58168,0.05273518833099639,0.010508440422446086,-0.055630025297747604,0.5627425981120757,-0.003097722711620593
94,2.60944,-0.06988450934405627,-0.007350508470273354,0.05597968765529508,0.5270780400841365,0.0730248160811338
95,2.6372,0.017549294240913012,0.07058869866133333,-0.13501900595072355,0.5479048192677668,-0.0013853535154576616
96,2.6649599999999998,-0.00334880965114321,-0.04564336652139728,0.142853382688249,0.5840887673041264,0.0737609400607669
97,2.69272,0.08439294459984503,0.06918310016968933,-0.0556124899111514,0.5570210368365287,0.00029946588515889633
98,2.72048,-0.06721665545645344,-0.08147991882878661,0.055871586524344964,0.5550797378950537,0.07448568360144459
99,2.74824,0.05034025793113603,0.01204095711250873,-0.12992362108585062,0.554153084709415,0.001957697407179465
100,2.776,-0.06592937232228377,-0.009215805112590507,0.1372008837272914,0.5790733787105289,0.07519957633816493
101,2.80376,0.018401181603670685,0.06647431866292264,-0.055486305748642946,0.5476942487837035,0.0035902722902965215
102,2.83152,-0.005561240154673297,-0.04389626912972035,0.055663590604357105,0.5245094505969372,0.07590313474196961
103,2.85928,0.07897997597139085,0.06516906151517063,-0.1250613959979827,0.5492758727225957,0.0051980921804631874
104,2.88704,-0.06344353676436305,-0.07636332049795538,0.13182092241394414,0.5969123869136805,0.07659686236450625
105,2.9148,0.048063435916064455,0.013307297691513835,-0.05526288742997531,0.5526979072047867,0.0067820301735929955
106,2.94256,-0.06224326084929264,-0.010779877485792226,0.055366459351503645,0.5243916587137932,0.07728125008457429
107,2.97032,0.0190534569838523,0.06265190937332689,-0.12041888164307837,0.5412040925199536,0.008342931820948245
108,2.99808,-0.007438076445233234,-0.04220550176594195,0.1266972158019406,0.568122560395827,0.07795677635608936
109,3.02584,0.07398438180703018,0.061438158258885295,-0.05495264199060438,0.5480586609180037,0.009881616097668487
110,3.0536,-0.05992391616500564,-0.07163470244693979,0.05498998410470057,0.5456438394730866,0.07862390745694262
111,3.08136,0.04589800089734526,0.014341388929277235,-0.11598358319452197,0.5457308193002338,0.011398876335834689
112,3.10912,-0.05880330433817676,-0.01208022090798445,0.12181464509280751,0.5640996916866798,0.07928309773827286
113,3.13688,0.0195330527513197,0.05909591368099505,-0.05456505438479029,0.5406592506975991,0.012895481123411691
114,3.16464,-0.009020536505810466,-0.040570450975868755,0.05454307194407273,0.5221621155679287,0.07993478987370745
115,3.1924,0.06936760067278232,0.05796575701746059,-0.11174388407919716,0.5417614198884223,0.014372175170361018
116,3.22016,-0.056636548809138605,-0.06725833757731006,0.11715916373142929,0.5778881594657709,0.08057941510816266
117,3.24792,0.04383769260613067,0.015172943160411328,-0.054108766266198816,0.5442634408792376,0.015829680143165624
118,3.27568,-0.05558902116948669,-0.013149771410128047,0.054033822840477815,0.5219029288589577,0.08121739350582989
119,3.30344,0.019863485425261816,0.05578343638241866,-0.10768897594540897,0.5353495414541246,0.01726869546896146
120,3.3312,-0.010344839491882984,-0.038990347234716005,0.1127177126357755,0.5554041063286537,0.08184913419700282
121,3.35896,0.06509520797075807,0.05472977988568345,-0.05359164845943773,0.5404937248262254,0.018689899110425047
122,3.38672,-0.053562386828629335,-0.06320238252794842,0.05346960051082457,0.538005325964533,0.08247503562343304
123,3.41448,0.041876674493173935,0.015827986595990325,-0.1038087941963386,0.5386008792338861,0.020093948312521065
124,3.44224,-0.0525820365015504,-0.014017465752708683,0.10847814211192501,0.5521584396129721,0.08309548578192726
125,3.47,0.02006528903679544,0.052693937364882024,-0.053020867529025406,0.5346119857698665,0.021481480322173126
126,3.49776,-0.01144282159232616,-0.037464290310441704,0.052857097388124365,0.5199340443825252,0.08371086246592671
127,3.52552,0.06113643037916293,0.05171040982377491,-0.10009395872801502,0.5353633350611627,0.022853113081878453
128,3.55328,-0.05068431969421874,-0.05943841114319514,0.10442914001472323,0.5627500674976886,0.08432153350483255
129,3.58104,0.04000949966889673,0.016329324517855296,-0.0524029468428594,0.537180064881392,0.024209445898249263
130,3.6088,-0.04976583335397386,-0.014708735325167959,0.052202394106573693,0.5195818019651319,0.0849278570008649
131,3.63656,0.020156396033405053,0.049808960209201406,-0.09653571951864187,0.530259066536683,0.02555106008642431
132,3.66432,-0.01234247851899177,-0.03599127165131162,0.1005601657262713,0.5452198131166605,0.08553018156326347
133,3.69208,0.05746371725328628,0.04888983028132093,-0.05174382251554555,0.5341106732390386,0.02687851959125946
134,3.71984,-0.04798694567092514,-0.05594100394553656,0.051511013890739726,0.531762077772704,0.08612884653965847
135,3.7476,0.03823107988036459,0.016696949509953245,-0.09312590672626993,0.5325689241945458,0.02819237158616911
136,3.77536,-0.04712553371770619,-0.015245940447115264,0.0968613895386616,0.5425875712231147,0.08672418224445859
137,3.80312,0.020152470965009297,0.04711189271251683,-0.05104889460324197,0.5294263701643418,0.029493147050458503
138,3.83088,-0.01306844201014554,-0.03457019410844978,0.05078797222444052,0.5178284849364796,0.08731651018412032
139,3.85864,0.05405236324335096,0.04625199561098613,-0.08985688496393943,0.5299230177133865,0.03078136132595305
140,3.8864,-0.045456371200479254,-0.05268738788470964,0.09332363704358576,0.550677849091527,0.08790614327917912
141,3.91416,0.03653665724757302,0.016948398645722177,-0.05032307390629816,0.5312310015864233,0.03205751465370063
142,3.94192,-0.04464770656701448,-0.015648751293496566,0.05003782215954902,0.5174222497837515,0.08849338608293801
143,3.96968,0.020067201965204666,0.04458775600308487,-0.08672151143519398,0.5258512827053888,0.033322092691492444
144,3.99744,-0.013642397364553065,-0.03319988927476193,0.08993833814926189,0.5370250993203647,0.08907853499672277
145,4.0252,0.050880176682762526,0.043782429009047406,-0.049570824719272294,0.5287270055655567,0.034575567012919306
146,4.05296,-0.04308003519207353,-0.04965712092202468,0.04926469560810103,0.5266193416361272,0.08966187848162703
147,4.08072,0.03492177850537356,0.017099065237327068,-0.08371309762792616,0.5274692074657599,0.03581839558865246
148,4.10848,-0.042320199813827696,-0.01593448130113146,0.0866974803641637,0.5348806441657528,0.09024369726668088
149,4.13624,0.019912554752946118,0.04222301912386707,-0.04879620385024415,0.5249892847084078,0.03705102325061177
150,4.164,-0.014083448583070566,-0.031879132694548035,0.048472340943141734,0.5158565953374686,0.09082426455339024
151,4.19176,0.04792718865119604,0.04146804493347231,-0.08082537428050354,0.5253027953078596,0.03827388213965792
152,4.21952,-0.04084655539056217,-0.04683181635580651,0.08359356600689899,0.5410279392601919,0.09140384621660184
153,4.24728,0.03338227151964966,0.017162470380693243,-0.04800289621304238,0.5262345639999182,0.0394873921374215
154,4.27504,-0.04013199344224707,-0.016118378500011202,0.047664157215077385,0.5154261801332243,0.09198270100166109
155,4.3028,0.019698993546606435,0.040005436189736066,-0.0780524593507121,0.5220481752292015,0.0406919612828575
156,4.33056,-0.014408437205076462,-0.03060665717326832,0.0806195730219213,0.5304019215829149,0.09256108071783678
157,4.35832,0.04517539800381584,0.0392969931838056,-0.047194247277387094,0.524188063972224,0.04188798617409152
158,4.38608,-0.03874559420382363,-0.04419490218179924,0.04684322527125061,0.5223568471535446,0.09313923042799618
159,4.41384,0.031914223867007166,0.017150499119751382,-0.07538882873493812,0.5231603417473681,0.04307585235610184
160,4.4416,-0.03807307127940256,-0.01621387976851167,0.07776891910124385,0.5286479915622131,0.09371738863452099
161,4.46936,0.01943567292111391,0.037923903464514165,-0.04637329264329173,0.5212000038082614,0.04425593469476102
162,4.49712,-0.01463222040956713,-0.0293811643941822,0.04601233604734053,0.5140288881998927,0.09429578746146208
163,4.52488,0.04260854806409288,0.03725852207094192,-0.07282928950191886,0.5213834340970334,0.045428597737740155
164,4.55264,-0.036767741597576814,-0.041731411192732236,0.07503542883266998,0.5332953964226771,0.09487465283293685
165,4.5804,0.03051396328631525,0.01707360562288441,-0.045542784987618136,0.522038277775547,0.04659419606275961
166,4.60816,-0.03613430908790665,-0.01623283255479261,0.04517401628026234,0.5135959979077213,0.09545420464777912
167,4.63592,0.01913060426531731,0.035968333949925116,-0.07036895542209834,0.5187767831564989,0.047753074613651685
168,4.66368,-0.014767913424645457,-0.02820133502783579,0.07241330361502187,0.5250272654006032,0.09603465695045726
169,4.69144,0.040211931088349785,0.035342858350464565,-0.044705218612637716,0.5203627543008461,0.04890556902468268
170,4.7192,-0.034904412897082696,-0.03942779793779435,0.044330551873730153,0.5188067892786447,0.0966162180982805
171,4.74696,0.029178039827983223,0.01694099133056532,-0.06800322458993316,0.5195217786440038,0.050052005933564694
172,4.77472,-0.03430737689600649,-0.016185688152178426,0.06989709410023746,0.5235878846239872,0.09719909092491842
173,4.80248,0.018790800124133394,0.034129547321339035,-0.04386285180899191,0.5179694630158118,0.051192703283571186
174,4.83024,-0.014827100770687229,-0.027065837501494293,0.043484009129735546,0.5123519420281707,0.0977834729002623
175,4.858,0.03797221701312044,0.03354110183361403,-0.06572775895225122,0.5180619454675267,0.05232797061515376
176,4.88576,-0.03314775956311607,-0.03727177907221473,0.06748167494085887,0.5270837395030418,0.09836955628666091
177,4.91352,0.027903209542959224,0.01676075960881051,-0.043017727228693854,0.518514082687188,0.053458109347443945
178,4.94128,-0.03258465370701564,-0.016081670176232406,0.042636254042016763,0.5119316470997436,0.09895752829156684
179,4.96904,0.018422399348891023,0.03239917327901347,-0.06353846557085326,0.5159701374386425,0.05458341305000736
180,4.9968,-0.014820020364314923,-0.02597333557847923,0.06516222163923098,0.5206498584913425,0.09954757121663188
181,5.02456,0.03587730338224613,0.031845132819744784,-0.04217169044786898,0.5171399835701175,0.05570416770520495
182,5.05232,-0.03149059122841323,-0.03525219401934222,0.041788969831258176,0.5158390029531803,0.1001398626032935
183,5.08008,0.026686419568174326,0.016540050038328834,-0.061431479461874716,0.5164508323955261,0.05682065196150171
184,5.10784,-0.030959152944368636,-0.015928921474435413,0.06293418931158758,0.5194651727602786,0.10073457537489588
185,5.1356,0.018030775637327738,0.030769566604064283,-0.0413264068838651,0.5152194035654022,0.05793313737805093
186,5.16336,-0.014755724041543157,-0.02492249488184495,0.04094367288633823,0.510827687482911,0.10133187797539228
187,5.19112,0.0339161837126753,0.03024753070953251,-0.05940314786793914,0.5152496198578699,0.059041888660869166
188,5.21888,-0.02992630748627912,-0.03335888323537395,0.06079329319606454,0.5220812427408897,0.10193193450467587
189,5.24664,0.025524794478610335,0.016285155091043103,-0.04048337721720828,0.5155543804687087,0.060147163890905166
190,5.2744,-0.02942445718900564,-0.015734632311843775,0.040101727261475595,0.5104298640440207,0.1025349048505898
191,5.30216,0.01762063172709872,0.029233732412803602,-0.05745001583179207,0.5135676555213227,0.06124921474429508
192,5.3299199999999995,-0.014642217624990602,-0.023911988482788655,0.058735490748519616,0.5170729455668237,0.10314094481766654
193,5.35768,0.03207883189194929,0.028741502356813595,-0.0396439514556642,0.5144256615041348,0.06234828670508412
194,5.38544,-0.028448838112490157,-0.03158258170568718,0.03926435786563353,0.5133508695172255,0.10375020625264939
195,5.4132,0.0244156237884359,0.01600162159825297,-0.055568812951901754,0.5138601346898327,0.06344461927068575
196,5.44096,-0.027974660949540618,-0.015505152321326564,0.05675696518385202,0.5160954361080403,0.10436283716684945
197,5.46872,0.017196081216427187,0.02778526028977306,-0.038809341765380645,0.5128814432164401,0.06453844615033782
198,5.49648,-0.014486583265069656,-0.022940501661510702,0.0384326624680243,0.5094538461648698,0.10497898185539187
199,5.52424,0.03035610050415386,0.027320818897558326,-0.0537564412114451,0.5128702540303853,0.06562999545680609
200,5.552,-0.027052590573655687,-0.029914825609250663,0.05485411033330916,0.5180424005042762,0.10559878101340699
201,5.57976,0.023356350494813823,0.015694339100152183,-0.037980634182723835,0.5130687546854622,0.06671948989157644
202,5.60752,-0.02660432037174998,-0.015246088386426476,0.037607622631996566,0.5090844362723903,0.10622237184922112
203,5.63528,0.016760719723897883,0.02641826614821711,-0.05200996378218654,0.5115151580705983,0.06780714692376696
204,5.66304,-0.014295086429599278,-0.022006735936814972,0.05302351670007316,0.5141414940899015,0.10684988819460321
205,5.6908,0.028739631254115428,0.02597975995681559,-0.037158799309950724,0.5121401574131814,0.06889317896298361
206,5.71856,-0.025732403829393305,-0.02834787036324041,0.0367901136789593,0.5112603404866968,0.10748146061212341
207,5.74632,0.022344560568122163,0.015367616885045385,-0.05032659471402834,0.5116754432374724,0.06997779352633389
208,5.77408,-0.02530840894221688,-0.014962390338446402,0.05126195860626934,0.5133331754397346,0.10811721649968017
209,5.80184,0.01631768686626474,0.02512734081708002,-0.03634470208824682,0.5108961199641502,0.0710611933998058
210,5.8296,-0.01407326959973829,-0.02110941245044643,0.035980913774255385,0.5082247950440147,0.10875728019225168
211,5.85736,0.02722177590246605,0.02471306427892936,-0.04870368942950053,0.5108585539818443,0.07214357679421055
212,5.88512,-0.024483507572385526,-0.02687461850445043,0.04956638233447874,0.514773476743578,0.10940177306092852
213,5.91288,0.021377973301532658,0.015025251277513862,-0.03553911073286136,0.5109812320094833,0.0732251374958813
214,5.94064,-0.02408227837202051,-0.014658426095793903,0.03518071221800578,0.5078868461998474,0.11005081360928343
215,5.9684,0.01586972032743438,0.023907504486634354,-0.04713873595020644,0.509764636620165,0.0743060650123121
216,5.99616,-0.013826034450737917,-0.020247274782909407,0.047933895175915606,0.5117326328986956,0.11070451756713426
217,6.02392,0.025795526338363767,0.023515885953813657,-0.03474270490704285,0.5102161331419364,0.07538654471291498
218,6.05168,-0.02330148617047239,-0.025488556078958613,0.03439011701584663,0.5095010294820396,0.11136299798175611
219,6.07944,0.020454432441228916,0.014670584516176815,-0.04562934678929108,0.5098337489560253,0.07646675796506616
220,6.1072,-0.022921623961161552,-0.014338047650920262,0.04636175530570348,0.5110629568594078,0.11202636530659728
221,6.13496,0.015419203111774003,0.0227541662616775,-0.033956083204169804,0.5092119465767401,0.07754688226560644
222,6.16272,-0.01355771405125206,-0.019419091269195315,0.033609661797129146,0.5071325026821084,0.11269472748755474
223,6.19048,0.02445445260417197,0.022383755523793465,-0.04417325145040079,0.5091587025742667,0.07862709136795419
224,6.21824,-0.0221822466796009,-0.024183696398933134,0.044847362413202065,0.5121212541882179,0.11336819004686305
225,6.2459999999999996,0.01957189802609924,0.014306556371257832,-0.033179770000833116,0.5092279858287201,0.07970755540498409
226,6.27376,-0.02182245384424223,-0.014004649115897331,0.03283981214149104,0.5068269941006976,0.11404685616465085
227,6.30152,0.014968204918468755,0.02166308817320198,-0.0427682894793988,0.5082738681913849,0.08078844100781889
228,6.32928,-0.01327213640186746,-0.01862365687538525,0.04338824902215956,0.5097484554474584,0.11473082675821811
229,6.35704,0.023192647849597736,0.02131254535285364,-0.03241422173760747,0.5085966921955019,0.08186991142067573
230,6.3848,-0.02112199038707713,-0.02295453018791348,0.032080971368684666,0.5080186916569087,0.11542020055908701
231,6.41256,0.018728438872570904,0.01393574948729721,-0.04141240402034331,0.5082816401098569,0.08295212661190425
232,6.44032,-0.020781061604184962,-0.01366121786910195,0.04198207244164243,0.5091927257331567,0.1161150741878784
233,6.46808,0.01451851843852285,0.020630353087995355,-0.031659832678803644,0.5077845038790234,0.08403524338134749
234,6.49584,-0.012972680448981902,-0.017859794690402317,0.031333485841112445,0.5061673791053971,0.11681554222706492
235,6.5236,0.022004679334119696,0.02029843872453589,-0.04010363583196294,0.5077230828194432,0.08511941546415312
236,6.55136,-0.020117187422602437,-0.02179598127595471,0.04062660729428357,0.5099642771895612,0.11752169729165218
237,6.57912,0.017922225646431443,0.013560429294345769,-0.03091694019756941,0.5077554055869531,0.08620479363115668
238,6.60688,-0.019794001814937484,-0.013310379699871703,0.03059764982362051,0.5058938613735063,0.11823363009783695
239,6.63464,0.014071691259832007,0.01965233603220006,-0.03884011772512541,0.5070059460775795,0.08729152578595512
240,6.6624,-0.012662325551024499,-0.017126357081190917,0.03931973857343491,0.5081105618451399,0.11895142952969215
241,6.69016,0.020885544718440285,0.019337902207623443,-0.03018582962826369,0.5072337979828825,0.08837975705878362
242,6.71792,-0.019164554041470015,-0.020703367126248776,0.029873709940695024,0.5067686473666081,0.11967518270392656
243,6.74568,0.01715152446906395,0.013182579209180825,-0.03762006938563212,0.5069738900231271,0.08946962989730552
244,6.77344,-0.018858068137603646,-0.012954438722688574,0.0380594551853662,0.507648721957774,0.12040497503276709
245,6.8012,0.013629053966284268,0.018725678510869516,-0.029466738724020582,0.5065755913922552,0.09056128415442073
246,6.82896,-0.012343695237238418,-0.016422226554233435,0.029161869267241784,0.5053189810472665,0.12114089028501014
247,6.85672,0.01983063299051362,0.01842766089153386,-0.03644179255011864,0.5065111474545613,0.09165485717319397
248,6.88448,-0.018261032241430438,-0.019672363577682102,0.036843843936757034,0.5082060323726824,0.12188301064528785
249,6.91224,0.016414691010564586,0.012803931743977693,-0.028759861753808343,0.50651847127346,0.09275048386900121
250,6.94,-0.01797027364860975,-0.012595412724911477,0.028462291085570534,0.5050760608756222,0.12263141677159448
251,6.96776,0.013191744931943545,0.01784726546230976,-0.03530366650593963,0.5059287750314146,0.09384829680898853
252,6.99552,-0.012019095982003635,-0.01574631636151061,0.035671083931429454,0.5067558884107701,0.12338618785111705
253,7.02328,0.01883568946161018,0.01756467614728185,-0.028065353270036366,0.5060869228045994,0.09494842628893427
254,7.05104,-0.017403771423394342,-0.01869897327552516,0.02777510233801114,0.5057138590914929,0.12414740165441344
255,7.0788,0.01571016502676232,0.012425996051109618,-0.03420414388869902,0.5058722402599694,0.09605100040760285
256,7.10656,-0.017127833124615983,-0.012235064519987349,0.03453944134360233,0.5063715854406445,0.12491513458798073
257,7.13432,0.01276073223907749,0.01701420453470492,-0.027383331574835308,0.5055524462265433,0.09715614513867409
258,7.16208,-0.011690551617363756,-0.01509757088471813,0.027100396801723055,0.5045765631305386,0.12568946174525508
259,7.18984,0.017896784344871387,0.016746125616154406,-0.0331417467535821,0.5054884245126884,0.09826398440033032
260,7.2176,-0.016590111847491387,-0.017779497337156135,0.03344726453794793,0.5067696331412138,0.12647045695608422
261,7.24536,0.015036465301266198,0.012050082357228452,-0.026713881910499906,0.5054793840987796,0.09937464012257978
262,7.27312,-0.016328147048036756,-0.011874929799324332,0.026438238009688406,0.5043622636226102,0.1272581928347124
263,7.30088,0.01233683308734242,0.016223807414286997,-0.032115062898886895,0.5050145633211496,0.10048823231239176
264,7.32864,-0.011359833920701428,-0.014474965827714958,0.03239297950943573,0.5056334979421437,0.12805274082631687
265,7.3564,0.017010284494665715,0.015969385167902514,-0.026057059397213374,0.5051218953625304,0.10160487911671752
266,7.38416,-0.01581756967109734,-0.016910509863236407,0.025788661939576525,0.50482346847915,0.1288541712521341
267,7.41192,0.014392184957371407,0.011677323675592335,-0.03112274242216253,0.5049443548031619,0.10272469688346685
268,7.43968,-0.015568787130251503,-0.011516341908726207,0.03137508561838101,0.5053133527638646,0.12966255335321328
269,7.46744,0.011920731009267983,0.015473572970088141,-0.02541289173903873,0.5046870351862186,0.10384780022050864
270,7.4952,-0.011028489841312904,-0.013877508243751925,0.02515167949010002,0.503929487696103,0.1304779553328335
271,7.52296,0.016172827941368807,0.0152320126042396,-0.030163494491164827,0.5046256477485975,0.10497430205276144
272,7.55072,-0.015083823385195795,-0.016088834958728045,0.03039215159830712,0.505593670863794,0.13130044439762073
273,7.57848,0.01377598710799658,0.011308695131108598,-0.024781381717240536,0.504606413054024,0.10610431367743661
274,7.60624,-0.014847483177746623,-0.011160453917822739,0.024527278762631357,0.5037415108053943,0.13213008679739877
275,7.634,0.011512991162917473,0.014761172010972162,-0.02923608431345896,0.504239332566896,0.10723794481749598
276,7.66176,-0.010697865767139266,-0.013304236420971602,0.029442811816206265,0.5047020924932006,0.13296694786380944
277,7.68952,0.015381300904334419,0.01453173291255315,-0.024162509488272498,0.5043099191917325,0.1083753036733827
278,7.71728,-0.014386701490663666,-0.015311525973989243,0.02391542716418633,0.5040716636157161,0.1338110920477343
279,7.74504,0.0131866008148376,0.010945031186280992,-0.02833933028995174,0.5041629235381474,0.10951649697308191
280,7.7728,-0.014162111150301243,-0.010808258301838484,0.028525762766563018,0.5044351261143817,0.1346625829555508
281,7.80056,0.011114073935038365,0.014084433476917778,-0.02355623470220854,0.5039554207435393,0.11066163002056664
282,7.82832,-0.010369129179541473,-0.012754219646942157,0.023316073346391356,0.503367514425959,0.13552148338425501
283,7.85608,0.014632817007009769,0.013866424899703234,-0.02747210133894209,0.5038980003106402,0.11181080674268146
284,7.88384,-0.01372417127745616,-0.014575846715145668,0.027639759782110248,0.5046289714586395,0.1363878553554813
285,7.9116,0.01262281733064146,0.010587041016949603,-0.022962498455990663,0.5038729237283233,0.1129641297345152
286,7.93936,-0.013510682280575913,-0.010460604513079558,0.02272914899371207,0.5032034278807679,0.13726176014844974
287,7.96712,0.010724347056136006,0.013441331909069872,-0.026633314378450988,0.5035824579965509,0.11412170030331244
288,7.99488,-0.010043287998395038,-0.012226557870557223,0.026783613945736348,0.5039280737000953,0.13814325833187016
289,8.022639999999999,0.013924698453413133,0.01323410905720626,-0.0223812250946025,0.5036267381035513,0.11528361851097049
290,8.0504,-0.013094328587816815,-0.01387925440607039,0.022154570473019518,0.5034367878764796,0.13903240979483228
291,8.07816,0.012083486600952653,0.010235322253303557,-0.0258219319556482,0.5035048956767239,0.11644998321516875
292,8.10592,-0.012891333141649072,-0.01011821468361325,0.02595618918927149,0.5037052530164003,0.13992927377670936
293,8.13368,0.01034409640181654,0.012829976062436282,-0.021812323872134342,0.5033371985902533,0.1176208921091742
294,8.16144,-0.009721207880752054,-0.011720381277465788,0.021592240355490174,0.5028809925591331,0.14083390889610314
295,8.1892,0.013254458955426571,0.012632936527513502,-0.025036960013143574,0.5032844600041766,0.11879644176036648
296,8.21696,-0.012495388460057252,-0.013219384212521364,0.02515639956606333,0.5038360551562521,0.14174637317885638
297,8.24472,0.011567514003894427,0.009890373273218145,-0.021255690483674494,0.5032565610787646,0.11997672764752271
298,8.27248,-0.012302316563657503,-0.009781697669850977,0.021042048820862885,0.5027383593249946,0.14266672408515915
299,8.30024,0.00997353563170186,0.012248598541766634,-0.024277445782765847,0.5030262459686665,0.12116184419690355
300,8.328,-0.009403627702878135,-0.011234849793268505,0.024383206685323677,0.5032840211085778,0.14359501853577417
301,8.35576,0.012619788226320485,0.012061179056943195,-0.020711208478029573,0.5030519278248571,0.12235188481717774
302,8.38352,-0.011925676562575817,-0.012594035163050542,0.020503874953202366,0.502900628884256,0.14453131293740537
303,8.41128,0.011073857308538555,0.00955260421073561,-0.023542475798226197,0.502950825835249,0.1235469419332227
304,8.43904,-0.011741993313138023,-0.009451561623341384,0.023635617297196907,0.5030978968617938,0.14547566320723465
305,8.4668,0.009612814797586845,0.011695546355503291,-0.020178750560433244,0.5028150025964605,0.12474710701883748
306,8.49456,-0.009091173426767817,-0.010769152526997998,0.019977587936529068,0.5024609769851395,0.14642812479664888
307,8.52232,0.012018537878267288,0.01151721983449187,-0.022831174018759996,0.5027672348160345,0.12595247062840237
308,8.55008,-0.011383621338976439,-0.012001157321867118,0.022912681018380846,0.5031831429944339,0.1473887527141811
309,8.57784,0.010601523834214518,0.009222346821816746,-0.019658179793638694,0.5027385622037557,0.12716312242751845
310,8.6056,-0.011208824459289288,-0.009128225249376917,0.019463048157964572,0.5023374416310866,0.1483576015476868
311,8.63336,0.009262028035745504,0.011169272295095711,-0.02214270005647161,0.5025555516486953,0.12837915122265994
312,8.66112,-0.008784370527552855,-0.01032250716587503,0.022213488188928023,0.5027474918099202,0.1493347254857781
313,8.68888,0.011448708580865401,0.010999545127565409,-0.019149350705098184,0.5025682957027681,0.12960064498987017
314,8.71664,-0.010867746794718634,-0.011438840086454957,0.018960108225397784,0.5024478442301433,0.15032017833853598
315,8.7444,0.010149567794728379,0.008899863331779537,-0.021476247500678333,0.5024843174007448,0.1308276909025317
316,8.77216,-0.010701364360457873,-0.00881202789545061,0.021537167851581517,0.502591908373833,0.1513140135575206
317,8.79992,0.008921220443948798,0.010668327057699227,-0.01865211030730499,0.5023740719249344,0.1320603753582391
318,8.82768,-0.008483655136935333,-0.009894159330973352,0.018468613906097824,0.5020992867019409,0.15231628425510055
319,8.85544,0.010908438354345346,0.010506736635901915,-0.020831042333067176,0.5023312779697701,0.1332987840048032
320,8.8832,-0.010376665863930747,-0.01090530149787485,0.020882885845659557,0.5026445889917897,0.15332704322311963
321,8.91096,0.009717087812923408,0.008585354373646202,-0.018166299037801575,0.5023031788105575,0.13454300176541334
322,8.93872,-0.010218254211951282,-0.008503238594699383,0.017988404992171768,0.5019926299207803,0.1543463429509197
323,8.96648,0.008590394231450981,0.01019135203959437,-0.02020634142794861,0.5021574370945318,0.1357931128629849
324,8.99424,-0.008189384039388887,-0.009483381902220464,0.020249843008104212,0.5023000686577931,0.15537423564273853
325,9.022,0.010395991885559301,0.010037464493848021,-0.017691751624839734,0.5021613727135742,0.13704920084371588
326,9.04976,-0.009909074302074397,-0.010398878464713662,0.01751931609828915,0.5020654928558692,0.15641077323449973
327,9.07752,0.009303224592334132,0.008278966113547547,-0.0196014311323182,0.5020915496021182,0.13831134859987831
328,9.10528,-0.009758216102992347,-0.008202064174834375,0.019637273474858254,0.5021699302228253,0.15745600741001242
329,9.13304,0.00826951421961701,0.009737072735762228,-0.017228297884205032,0.5020018745436237,0.13957963839186807
330,9.1608,-0.007901843641938923,-0.009089474320090538,0.017061177396662318,0.5017885209968139,0.15850998961659662
331,9.18856,0.00990975076739184,0.009590480858887591,-0.019015625920827107,0.501963872563056,0.14085415186953507
332,9.21632,-0.009463745056229126,-0.009918017812899523,0.019044443076235856,0.5021996442779666,0.15957277108015208
333,9.24408,0.008907158733874487,0.007980796648056312,-0.01677576345228721,0.5019371921475027,0.1421349700928166
334,9.27184,-0.009320047536424804,-0.00790865653035441,0.016613815293877454,0.501696690979296,0.16064440281968445
335,9.2996,0.007958512761729838,0.009304292688120082,-0.018448267121115927,0.5018208683285805,0.1434221735516953
336,9.32736,-0.00762125802449693,-0.008711761870395018,0.018470647820409837,0.5019266019649351,0.16172493566130564
337,9.35512,0.009448204573153212,0.009164614031077621,-0.016333970460085,0.5018189841191685,0.1447158421855017
338,9.38288,-0.009039523070035539,-0.009461268083354625,0.016177053053813947,0.5017426493810057,0.1628144202517229
339,9.41064,0.008528108686576504,0.00769090174856053,-0.017898721705292036,0.5017608763553733,0.1460160554015822
340,9.4384,-0.008902616369803086,-0.007623119144775897,0.017915212459560202,0.5018176833196266,0.16391290707123038
341,9.46616,0.007657294142614797,0.008891887931099404,-0.015902738152475095,0.5016877812728685,0.14732289209335014
342,9.49392,-0.007347796165671875,-0.00834959495773413,0.015750711370562734,0.5015220457109271,0.16502044644621844
343,9.52168,0.009009942687059793,0.008758763053960023,-0.017366381143625688,0.5016542767193596,0.14863643065774085
344,9.54944,-0.008635320484907243,-0.009027272007939971,0.017377489133610962,0.5018314805564439,0.16613708856121304
345,9.5772,0.008165328822366168,0.00740930001931865,-0.015481883456744725,0.501629505795049,0.14995674901208644
346,9.60496,-0.008504856140867963,-0.0073455129399611074,0.01533460889495621,0.5014431730246551,0.16726288347046023
347,9.63272,0.007365738511860039,0.008498801888669482,-0.01685066031681188,0.5015364489658294,0.15128392461042914
348,9.66048,-0.007081578428459634,-0.008002348372426075,0.016856856086837506,0.5016146026471076,0.16839788110906623
349,9.68824,0.008593646820268707,0.008371892752708488,-0.015071221504088086,0.5015308869827207,0.15261803445928912
350,9.716,-0.00825011220311151,-0.008614759601540184,0.014928562718050598,0.5014700844812348,0.16954213130370782
351,9.74376,0.007818107625739812,0.007135977528459519,-0.016350996483394116,0.5014824864663204,0.15395915513290395
352,9.77152,-0.008125761744221081,-0.007075861521175328,0.016352716452950476,0.5015233954457977,0.17069568378292455
353,9.79928,0.007083705398436428,0.008124040681674282,-0.014670566107489806,0.5014227846623692,0.15530736278795385
354,9.82704,-0.006822682380995204,-0.007669420555068841,0.014532388814652769,0.5012939592844633,0.17185858818700303
355,9.8548,0.008198084149279845,0.008003029169836624,-0.015866848299175725,0.5013934211022713,0.15666273317778995
356,9.88256,-0.007882931781806332,-0.00822254181461059,0.015864497104562534,0.5015264165607616,0.1730308940774677
357,9.91032,0.007485765989997416,0.006870891964750699,-0.014279730199165612,0.5013708039507205,0.15802534166617824
358,9.93808,-0.007764385429352237,-0.006814155879092452,0.014145902449754095,0.5012263602847448,0.17421265094618577
359,9.96584,0.006811036849306368,0.00776666880855204,-0.015397694885652716,0.5012961874248494,0.15939526324057451
360,9.9936,-0.006571148019462265,-0.00735023286230721,0.015391647563217292,0.5013537545450538,0.17540390822409993
361,10.02136,0.007822101019992663,0.007651255362825869,-0.013898526230496963,0.5012884644072179,0.16077257252494373
362,10.04912,-0.007532867630186211,-0.007849504696192533,0.013768918550525942,0.5012399985290142,0.17660471528959804
363,10.07688,0.0071676556124054686,0.006613976367310176,-0.014943034944698876,0.5012481161476742,0.16215734379213675
364,10.10464,-0.0074198330931089,-0.006560358603442042,0.014933638966417417,0.5012773419701376,0.17781512147652925
365,10.1324,0.006547560230037022,0.007425805166218279,-0.013526766537183911,0.5011992573165533,0.16354965097583807
366,10.16016,-0.006326982453133516,-0.007044228836858096,0.013401252046338786,0.5010990460160402,0.1790351760818783
367,10.18792,0.007464617166421897,0.0073157075315948995,-0.014502385916910599,0.5011736515462043,0.16494956768209518
368,10.21568,-0.0071990594845885115,-0.007494604022407631,0.014489963088320316,0.5012733037396797,0.1802649283731055
369,10.24344,0.0068631574813111315,0.006365142470478171,-0.013164263672140877,0.5011532647569624,0.16635716720044366
370,10.2712,-0.0070912608422890894,-0.006314407657242119,0.013042718179088895,0.501041218543886,0.18150442759516294
371,10.29896,0.00629309072141708,0.007100619381185639,-0.014075283181185057,0.5010932945220864,0.1677725225146384
372,10.32672,-0.006090164105230337,-0.006750873484393294,0.01406013141098918,0.5011355210010366,0.18275372297719553
373,10.35448,0.007124620398143087,0.006995571446894776,-0.0128108307084805,0.5010844678125091,0.1691957063130015
374,10.38224,-0.0068806951388016456,-0.007156860349865557,0.012693132785955264,0.5010457986481643,0.18401286373893558
375,10.41,0.006571680448816758,0.006124283701688561,-0.013661279293258626,0.5010508060389779,0.17062679099839928
376,10.43776,-0.006777871804331771,-0.006076219755470601,0.013643674243287674,0.5010714752583714,0.18528189909679918
377,10.46552,0.0060474335425345395,0.006790328423912583,-0.012466281514761897,0.5010107447041231,0.17206584869785746
378,10.49328,-0.005860646477730498,-0.006469652559475583,0.012352312556558727,0.5009327221065977,0.1865608782696927
379,10.52104,0.006801161715034649,0.006690079153524588,-0.013259943261073128,0.5009885104206845,0.17351295127182476
380,10.5488,-0.0065770074089331635,-0.00683535445734161,0.01324013988469156,0.5010630371222805,0.18784985048453737
381,10.57656,0.0062926598831539865,0.005891277866317749,-0.012130431004524706,0.500970319853138,0.17496817032309608
382,10.60432,-0.00647891316611701,-0.0058456933875247336,0.012020075266355682,0.5008833362425887,0.1891488649815202
383,10.63208,0.005810385927640974,0.006494193481977269,-0.012870859854970017,0.5009220082322018,0.1764315772054027
384,10.659839999999999,-0.005638361523322207,-0.006200071862390563,0.012849093831465506,0.5009528263304456,0.1904579710190771
385,10.6876,0.006493350811885017,0.006398505924765475,-0.011803095361988168,0.5009127998349344,0.1779032430316796
386,10.71536,-0.0062872713140831645,-0.006529223142565244,0.011696239987972663,0.5008819114748057,0.1917772178786171
387,10.74312,0.006025556395380147,0.005665989550057447,-0.012493628950834133,0.5008846960110659,0.17938323868201916
388,10.77088,-0.006193673422703539,-0.005622711518811599,0.012470118022812067,0.5008991245871105,0.19310665486899406
389,10.79864,0.005581738881353285,0.006211517069992035,-0.011484092245660988,0.5008517879481003,0.18087163481131907
390,10.8264,-0.005423222663324103,-0.005941656548404686,0.011380627282067743,0.5007909785595986,0.19444633133073233
391,10.85416,0.006200351939006689,0.006120167446665706,-0.012127864904421288,0.500832551148092,0.1823685018566328
392,10.88192,-0.006010801455754316,-0.006237655344065904,0.012102810124749099,0.5008881648269669,0.19579629664001375
393,10.90968,0.005769854635457039,0.005448272266313831,-0.011173240971486096,0.5008164527216423,0.1838739100442309
394,10.93744,-0.005921479819456185,-0.005407144003249106,0.011073059369196695,0.5007488644446135,0.19715660021243075
395,10.9652,0.005361278734278475,0.005941640356247794,-0.011773195955211537,0.500777442512508,0.18538792939638069
396,10.99296,-0.005215127486488772,-0.005693950450705254,0.011746782849611998,0.5007997970696003,0.19852729150651438
397,11.02072,0.00592138008818766,0.005854417212808894,-0.010870362677030235,0.500768331535078,0.18691062973785147
398,11.04848,-0.005746949580436391,-0.005959888560801723,0.010773360284059086,0.5007436255028959,0.1999084200270403
399,11.07624,0.005525062153166865,0.005237970373422289,-0.011429263658226106,0.5007448519986559,0.18844208070215343
400,11.104,-0.0056616959724687345,-0.005198849735282131,0.01140166330920409,0.5007547523464306,0.20130003532812127
401,11.13176,0.005148788518947951,0.005683940687937546,-0.01057528046812356,0.500717772562675,0.18998235173751615
402,11.15952,-0.005013960160127801,-0.005456515418040625,0.010481356013405805,0.500670323828843,0.20270218701608897
403,11.18728,0.005655697476171722,0.0056006441119901594,-0.011095722342338892,0.5007011810264864,0.19153151211261377
404,11.21504,-0.005495102311158998,-0.005695205544781728,0.011067092399740606,0.5007425754942926,0.2041149247521736
405,11.2428,0.005290708319682605,0.005034920784042384,-0.010287819549256337,0.5006870295767071,0.19308963092204431
406,11.27056,-0.005413719653496798,-0.004997678567176584,0.010196874618802596,0.5006344579861978,0.20553829825498388
407,11.29832,0.00494404918398841,0.0054378292984741915,-0.010772238593699253,0.5006554572843719,0.19465677709156753
408,11.32608,-0.004819593581886551,-0.0052289306678657,0.010742724216843092,0.5006715511320552,0.20697235730279404
409,11.35384,0.005402610300423719,0.005358270192832091,-0.010007807338949456,0.5006467485504368,0.19623301938310944
410,11.3816,-0.005254679035026185,-0.005442931244127412,0.009919746345361517,0.5006269580878584,0.20841715173564299
411,11.40936,0.0050663433059355695,0.00483895448693076,-0.010458490762961811,0.5006271199445673,0.1978184263995383
412,11.43712,-0.005176980726794263,-0.004803473014815852,0.010428225498945901,0.5006337553657079,0.20987273145724913
413,11.46488,0.004746840662699928,0.005202749181916832,-0.00973507357123176,0.5006047995605061,0.19941306658921795
414,11.49264,-0.004631891297712112,-0.0050107921556167695,0.009649803717479179,0.5005677281920371,0.21133914643674628
415,11.5204,0.005161465744243172,0.005126748590821023,-0.01015416849509505,0.500590528166418,0.2010170082503437
416,11.54816,-0.005025129934847361,-0.00520242997602839,0.01012327509757453,0.5006212474316777,0.21281644671024566
417,11.57592,0.004851537114222759,0.0046498978993455165,-0.009469450384277338,0.5005781575422257,0.2026303195350675
418,11.60368,-0.00495093922630913,-0.0046160697729487506,0.009386881622546977,0.5005372193514307,0.21430468238222747
419,11.63144,0.0045569428106398985,0.00497817312086985,-0.009858972280608861,0.500552546901917,0.20425306845341562
420,11.6592,-0.0044507092090616245,-0.004801711960578922,0.009827563473045713,0.5005640255123157,0.2158039036267665
421,11.68696,0.004931649210363969,0.0049055616045473715,-0.009210772397185322,0.5005444216473564,0.20588532287700553
422,11.71472,-0.004805934153973082,-0.004973102810860801,0.00913081738353709,0.5005285430982872,0.2173141606885965
423,11.74248,0.00464587865976504,0.004467574066589458,-0.009572613027108587,0.5005280026676792,0.20752715054256568
424,11.77024,-0.004735083562660059,-0.004435301058791954,0.009540792214226644,0.5005323025516297,0.21883550388401585
425,11.798,0.004374136225398303,0.004763601855433925,-0.008958876775815165,0.5005095757852327,0.20917861905526375
426,11.82576,-0.004275897090157533,-0.004601317688668838,0.008881450821303523,0.5004805711345849,0.2203679836016402
427,11.85352,0.004712581764054719,0.004694218909106147,-0.009294811650142986,0.5004973289341154,0.21083979589184693
428,11.88128,-0.004596598084349346,-0.004754385150370378,0.009262673581068633,0.5005200467575992,0.22191165030300425
429,11.90904,0.0044489748991776296,0.004291803723628415,-0.008713603288528741,0.5004865657076489,0.2125107484035998
430,11.9368,-0.004528928850187316,-0.004260995801056225,0.008638624307384078,0.5004546462347839,0.223466554523017
431,11.96456,0.004198202960481597,0.004558562381886362,-0.009025298682372446,0.5004657446934516,0.2141915438191231
432,11.99232,-0.004107299934080688,-0.004409251892337332,0.008992930068706878,0.500473835118795,0.22503274687027403
433,12.02008,0.004503717768420238,0.00449225589568014,-0.00847479435263095,0.5004582978263351,0.2158822492469378
434,12.04784,-0.00439665376861968,-0.0045457444843084085,0.008402182808033041,0.5004455359201915,0.22661027802722972
435,12.0756,0.004260450003035973,0.004122406232308594,-0.008763813900136508,0.5004445560954222,0.21758293167791926
436,12.10336,-0.004332015345163758,-0.004092980689815613,0.008731293991986517,0.5004472018536993,0.2281991987502331
437,12.13112,0.004028927144074651,0.0043626063707643,-0.008242295072246676,0.5004293207212871,0.21929365798756337
438,12.15888,-0.003944759144678931,-0.0042251715076908475,0.008171973920167764,0.5004065925110065,0.22979955986943046
439,12.18664,0.004304542696137137,0.004299232127284925,-0.008510105966551522,0.5004188328066199,0.22101449493809064
440,12.2144,-0.00420565740785131,-0.004346678311244867,0.008477507089342293,0.5004355645539771,0.23141141228853693
441,12.24216,0.004079944569928634,0.003959200406417021,-0.008015953268320108,0.5004095053613355,0.22274550918039057
442,12.26992,-0.004143906986976301,-0.003931081101145965,0.007947847899864692,0.5003845833201058,0.23303480698448195
443,12.29768,0.003866095512424208,0.00417530869491601,-0.008263932090317132,0.5003925414172519,0.22448676725581
444,12.32544,-0.0037881135896368646,-0.004048747308840223,0.008231320145020272,0.5003981568315758,0.2346697950069294
445,12.3532,0.004114571103238701,0.004114729901524831,-0.007795619501376029,0.500385808731571,0.2262383355977892
446,12.38096,-0.00402318796713908,-0.004156712210504324,0.007729657683998196,0.5003755330838858,0.23631642747767567
447,12.40872,0.003907114879575402,0.0038020052356789492,-0.008025057699453924,0.5003743018415738,0.2280002805333482
448,12.43648,-0.003964190034742495,-0.0037751219091252904,0.007992492628686818,0.5003757909964642,0.23797475558993025
449,12.46424,0.003709497866651125,0.003996266058907548,-0.007581147087638023,0.5003616873932012,0.22977266828442766
450,12.491999999999999,-0.0036372005285762914,-0.003879663379410897,0.0075172589055748406,0.5003438478740032,0.23964483060747827
451,12.51976,0.0039333447518182085,0.003938352911998168,-0.007793256129237725,0.5003527219924025,0.2315555649690861
452,12.54752,-0.0038488458719592275,-0.003975398053275018,0.0077607923515256244,0.5003649851552235,0.24132670386373023
453,12.57528,0.0037416321827602322,0.003650640518743624,-0.007372392109056363,0.5003446662984617,0.23334903660255815
454,12.60304,-0.0037924717924296674,-0.0036249281965717813,0.007310509903279031,0.5003251784932916,0.2430204267606599
455,12.6308,0.003558927460961887,0.0038250957219021276,-0.007568308323635861,0.5003308157201575,0.2351531490981744
456,12.65856,-0.0034918564287312217,-0.0037176166010792627,0.007535995137974064,0.5003346340657489,0.2447260507676335
457,12.68632,0.003760430869658003,0.0037697250007023243,-0.007169213417761578,0.5003247936230902,0.2369679682681481
458,12.71408,-0.003682251788710017,-0.0038023123419458735,0.007109271725710009,0.5003165042377314,0.24644362742013168
459,12.74184,0.0035831820259866337,0.0035049274142661627,-0.007350002549586806,0.5003151535721647,0.23879355982422945
460,12.7696,-0.0036283794160895536,-0.003480325874808691,0.007317884512296537,0.5003158475331414,0.24817320831836714
461,12.79736,0.003414181329464224,0.0036614343068071716,-0.006971472635422714,0.5003046952888226,0.24062998937823138
462,12.82512,-0.0033519176795365827,-0.003562316158948864,0.006913408130758976,0.5002906680925422,0.2499148451258008
463,12.85288,0.0035954205358228975,0.003608488994440497,-0.0071381341235019664,0.5002970435596734,0.2424773224424289
464,12.88064,-0.0035230454833922774,-0.0036370546676441394,0.007106251399240463,0.5003059793569795,0.25166858956755556
465,12.9084,0.0034314636089077394,0.0033646889183395856,-0.006779034147955606,0.5002901066028449,0.24433562442983423
466,12.93616,-0.003471558797325134,-0.00334114222175442,0.006722785580542294,0.5002748434866591,0.2534344934287341
467,12.96392,0.0032750605581093684,0.003504936689086418,-0.00693250514939855,0.5002787749186445,0.24620496065435082
468,12.99168,-0.003217221216389283,-0.0034134830635279972,0.006900893838058272,0.5002812980534641,0.2552126085526391
469,13.01944,0.0034379271821968226,0.0034543056188199935,-0.006591765095996029,0.5002734346002227,0.24808539633080784
470,13.0472,-0.0033708847528557606,-0.003479246276778578,0.006537273232280457,0.5002667345619547,0.2570029868388996
471,13.07496,0.0032861891727137132,0.0032297502757577287,-0.006732924268106687,0.5002653549964176,0.24997699657487782
472,13.10272,-0.0033216735175617337,-0.0032072063467462946,0.006701616709223604,0.5002655146531341,0.2588056802415039
473,13.13048,0.0031413705076525477,0.0033552749591928294,-0.006409535361522719,0.5002566735262858,0.25187982640287915
474,13.15824,-0.003087605062853755,-0.003270849689036917,0.006356742925484283,0.5002456231950592,0.2606207407667431
475,13.186,0.003287585201791052,0.0033068524839701876,-0.006539206417021309,0.5002501521501335,0.253793950731467
476,13.21376,-0.0032254444234679474,-0.003328528738156336,0.0065082314732022965,0.5002566176217579,0.26244822047106436
477,13.24152,0.003147083417781693,0.003099939331888181,-0.006232217550988559,0.5002441937235784,0.2557194343772124
478,13.26928,-0.0031784038681177936,-0.0030783495896989166,0.00618106916578536,0.5002322188049422,0.26428817145883793
479,13.29704,0.0030129209929652557,0.00321213745307869,-0.0063511725998983415,0.5002349046342572,0.2576563420560734
480,13.3248,-0.0029629087997020205,-0.00313415932773517,0.0063205559206773515,0.5002365027946684,0.2661406458800368
481,13.35256,0.0031440486554340733,0.003165823136593731,-0.006059686975292168,0.5002302021295525,0.25960473838275977
482,13.38032,-0.003086415412461941,-0.0031845627029319936,0.0060101291057242535,0.5002247760187831,0.2680056959278341
483,13.40808,0.0030138829490064384,0.0029750868312954336,-0.006168649666219526,0.5002234276549424,0.26156468786999226
484,13.43584,-0.00304144593145432,-0.0029544058614670785,0.006138413933658243,0.5002232398698561,0.2698833738361165
485,13.4636,0.0028895264235157996,0.0030752278456997245,-0.005891821626899054,0.5002162127354136,0.2635362549276592
486,13.49136,-0.0028429739683704064,-0.0030031657599367545,0.005843802522788179,0.5002074902515462,0.2717737318769169
487,13.51912,0.0030069900691545868,0.003030926173412096,-0.0059914700996771455,0.5002106616444201,0.2655195038618724
488,13.54688,-0.0029535038475797634,-0.0030470267502865685,0.005961635256936972,0.5002152993733203,0.27367682235776786
489,13.57464,0.002886335747329244,0.002855026668680461,-0.005728502154398982,0.5002055550208839,0.267514498873923
490,13.6024,-0.002910510719334883,-0.002835211931623889,0.005681971794969553,0.5001961426880815,0.2755926976189751
491,13.63016,0.002771005909372714,0.0029442643028473547,-0.00581947181535056,0.5001979260071642,0.2695213040591396
492,13.65792,-0.0027276444156905362,-0.0028776328393587958,0.0057900552793812175,0.5001988712113363,0.27752141003081693
493,13.68568,0.0028760993152165573,0.002901884411471197,-0.00556961183476515,0.5001938092383776,0.27153998340565166
494,13.71344,-0.0028264302409637242,-0.002915616312309997,0.005524521874097094,0.500189406086095,0.2794630119906652
495,13.7412,0.002764200666080255,0.0027395960971752175,-0.005652497965170774,0.5001881269620687,0.27357060079305556
496,13.76896,-0.0027853233639542094,-0.0027206076692650855,0.005623514824584542,0.5001877242661655,0.2814175559200333
497,13.79672,0.002657183336663258,0.0028189786870248235,-0.0054150365435624475,0.5001821243432159,0.27561321999099037
498,13.82448,-0.0026167665860919852,-0.002757334093432137,0.0053713402571741575,0.5001752250326886,0.28338509426155056
499,13.85224,0.0027510825703514494,0.0027784341111404347,-0.0054903967512887645,0.5001774043927035,0.2776679046576206
500,13.88,-0.0027049287135551296,-0.0027900426720912246,0.0054618599504171654,0.5001806952688953,0.28536567947586566
501,13.90776,0.0026472469508358604,0.002628635898554836,-0.005264664723333178,0.5001730362518266,0.2797347183380299
502,13.93552,-0.0026656223583900935,-0.002610436241908643,0.005222316955941472,0.5001656238106846,0.2873593640384781
503,13.96328,0.00254788741603762,0.002699115813430083,-0.005333021246983387,0.5001667593830827,0.281813724462525
504,13.99104,-0.0025101897668782583,-0.0026420523381901623,0.0053049417570472865,0.5001672505061555,0.28936620043650074
505,14.0188,0.002631661345268286,0.0026603242479789186,-0.005118387350371585,0.5001631729945765,0.2839049863448537
506,14.04656,-0.0025887462665396947,-0.0026700320295064226,0.005077344464866382,0.5001595928310548,0.2913862411653537
507,14.07432,0.002535253781571725,0.002521990519499134,-0.005180229224763389,0.5001584052004331,0.28600856718033624
508,14.10208,-0.002551158843008182,-0.0025045442770690244,0.005152616203024958,0.5001578804138581,0.2934195387253916
509,14.12984,0.0024429517073423996,0.0025844327524264642,-0.004976097900084426,0.5001534061433336,0.2881245300439119
510,14.1576,-0.002407766291636027,-0.0025315793073443366,0.004936317727745541,0.500147937142682,0.29546614561846307
511,14.18536,0.002517571580010567,0.0025473158299490406,-0.005031882991334958,0.500149396835127,0.2902529378881035
512,14.21312,-0.0024776420966405935,-0.0025553246296376128,0.005004743929041822,0.5001516999663943,0.2975261143444064
513,14.24088,0.0024280098359700936,0.0024195081776390345,-0.004837692311117392,0.5001456667146942,0.29239385354089875
514,14.26864,-0.00244169593470111,-0.00240278199063845,0.00479913410309436,0.5001398173911947,0.2995994973974797
515,14.2964,0.0023422146233916994,0.002474698175172301,-0.004887849229123865,0.500140493520645,0.29454733970355096
516,14.32416,-0.0023093517063486335,-0.002425715295146097,0.004861190089002154,0.5001406750996428,0.3016863472627292
517,14.35192,0.0024085628001757568,0.0024391812567382356,-0.004703068948416804,0.5001373821128413,0.2967134589483009
518,14.37968,-0.0023713869522960173,-0.0024456739491606192,0.004665693328484735,0.500134465355688,0.30378671641229343
519,14.40744,0.0023253128728048245,0.0023210409407688937,-0.004747998844055992,0.5001333803700853,0.29889227371601984
520,14.4352,-0.0023370080960748176,-0.002305003285806706,0.004721824188057946,0.5001327974351039,0.30590065730164734
521,14.46296,0.0022455194154405085,0.002369691739343988,-0.004572128565379864,0.5001292131937057,0.30108384631377466
522,14.49072,-0.002214804902340569,-0.0023242688126341726,0.004535897483978428,0.5001248683051055,0.3080282223657858
523,14.51848,0.002304397329421201,0.0023357037182088476,-0.004612206819315178,0.5001258105168576,0.3032882389123182
524,14.54624,-0.0022697625279796034,-0.002340845936414805,0.0045865199272803,0.5001273933997534,0.3101694640153466
525,14.574,0.0022269693343947017,0.0022264447822788955,-0.004444774265238059,0.5001226299786313,0.30550551354350364
526,14.60176,-0.0022368805419088695,-0.0022110658258843174,0.0044096509547952144,0.5001180043770599,0.3123244346326757
527,14.62952,0.002152714142702466,0.002269203512132196,-0.004480352074811915,0.5001183594997316,0.30773573209762445
528,14.65728,-0.0021239882197759963,-0.0022270562568635494,0.004455155054656407,0.5001183358193022,0.3144931865678344
529,14.68504,0.0022048495540502302,0.00223667662923014,-0.004320911461804189,0.5001156697117696,0.3099789563206828
530,14.7128,-0.002172560894122962,-0.002240618301205934,0.0042868603933415815,0.5001132887940852,0.3166757721345486
531,14.74056,0.0021327939671735296,0.0021355796155689073,-0.004352317332109091,0.5001123099669317,0.3122352478115845
532,14.76832,-0.002141108680414777,-0.0021208310840631845,0.00432761122211735,0.5001117119560303,0.318872243606103
533,14.79608,0.002063651628023697,0.0021730334279098156,-0.00420044783970583,0.500108833228389,0.3145046680192649
534,14.82384,-0.0020367675250727397,-0.002133901592713275,0.004167434680717795,0.5001053734808081,0.32108265321117924
535,14.8516,0.0021097052358172476,0.002141903098361248,-0.004227988984562762,0.5001059476557268,0.3167872782397428
536,14.87936,-0.002079583960286552,-0.002144779850707221,0.00420377384831667,0.500107008968225,0.3233070531296395
537,14.90712,0.002042609459481093,0.0020483093099344495,-0.004083293314215556,0.5001032392991025,0.3190831396131069
538,14.93488,-0.002049497586996178,-0.0020341643728493917,0.004051284887811521,0.5000995733791175,0.3255454954882565
539,14.96264,0.0019781894016059173,0.0020809907781747052,-0.004107256972450198,0.5000997086278703,0.3213923131204333
540,14.9904,-0.0019530122652579634,-0.0020446360468732855,0.004083531986895825,0.5000995542559717,0.32779803235638977
541,15.01816,0.002018760869395961,0.002051195428052317,-0.003969359990782401,0.5000973904016179,0.3237148595806371
542,15.04592,-0.001990642969394965,-0.0020531298681109944,0.003938324236077504,0.5000954431657131,0.33006471574161006
543,15.07368,0.00195624609572842,0.0019645016901749046,-0.003990014662866351,0.5000945689110481,0.3260508396472571
544,15.10144,-0.0019618615083818016,-0.0019509348556311112,0.003966778199984694,0.5000939839302248,0.33234559758527243
545,15.129199999999999,0.0018961896344831277,0.001992893731556517,-0.0038585621243580385,0.5000916658911022,0.32840031380517487
546,15.15696,-0.0018725955019972846,-0.0019590978136136555,0.003828468058095408,0.5000889045075926,0.3346407297580373
547,15.18472,0.0019318230812458343,0.001964374644210668,-0.0038761587341815517,0.5000892205505855,0.33076334236727023
548,15.21248,-0.001905558021013826,-0.0019654775309447792,0.003853408436698267,0.5000899073571589,0.3369501640553426
549,15.24024,0.001873541426142336,0.0018840285219507583,-0.003750816078603671,0.500086916965403,0.3331399854710137
550,15.268,-0.0018780233951585623,-0.0018710155425967763,0.0037216337579889847,0.500084005044248,0.33927395219282525
551,15.29576,0.0018175190632775582,0.0019085688818448125,-0.00376558906486331,0.5000839937431337,0.33553030307499476
552,15.32352,-0.0017953939277529033,-0.0018771317719448455,0.0037433219164042294,0.5000837613978737,0.3416121458016956
553,15.35128,0.0018487080668678753,0.0018812700531433367,-0.0036460402850584475,0.5000820010132043,0.33793435495539026
554,15.37904,-0.0018241576217880816,-0.0018816413662077547,0.003617740771785139,0.500080405494915,0.34396479642406125
555,15.4068,0.001794339951333948,0.0018067654847159981,-0.0036582086264746808,0.5000796309683395,0.34035220070237027
556,15.43456,-0.0017978144608697501,-0.0017942832729982755,0.003636421016546008,0.5000790764940135,0.34633195550820545
557,15.46232,0.0017420489076031985,0.001827850822154852,-0.003544155202340592,0.5000772052022627,0.3427838997164457
558,15.49008,-0.0017212878662839343,-0.0017985892137839798,0.0035167105277829195,0.5000749959694071,0.3487136744038185
559,15.51784,0.001769241063682122,0.0018017188240416883,-0.003553923380670562,0.5000751342288932,0.34522951120475426
560,15.5456,-0.0017462782612987589,-0.0018014487397049828,0.0035326111648173206,0.5000755549559298,0.3511100043571813
561,15.57336,0.001718492820981285,0.0017325921338705896,-0.0034450832754477664,0.5000731769483846,0.34768909417729105
562,15.60112,-0.0017210737659787152,-0.0017206186855492302,0.0034184664069971797,0.5000708585765751,0.35352099650630664
563,15.62888,0.0016696547813408484,0.0017505817434876885,-0.0034526421800217103,0.5000707533996712,0.35016270744307926
564,15.65664,-0.0016501612594775144,-0.0017233275827473193,0.0034318007354952247,0.500070479811405,0.35594670187603233
565,15.6844,0.0016932558569770135,0.0017255655953084868,-0.0033487488952169994,0.5000690443883352,0.3526504096062846
566,15.71216,-0.0016717640117177766,-0.0017247353771596935,0.003322933703736532,0.5000677346962294,0.35838717137307247
567,15.73992,0.0016458575459517705,0.0016613918536108976,-0.003354276672504921,0.5000670531127115,0.3551522590622742
568,15.76768,-0.001647647825116186,-0.0016499061785672775,0.003333900949747074,0.5000665391647335,0.3608424557810242
569,15.79544,0.0016002165988768672,0.0016766110560744723,-0.003255078357998932,0.5000650247603274,0.3576683139936204
570,15.8232,-0.0015819016422968207,-0.0016512102231998338,0.0032300395863690936,0.5000632530247748,0.36331260575533186
571,15.85096,0.0016205943165811057,0.0016526621031601847,-0.0032587412095049857,0.5000632718256085,0.36019863236604943
572,15.87872,-0.0016004661497556138,-0.001651344914871184,0.003238825779736931,0.500063506036666,0.3657976718182089
573,15.90648,0.0015762977232288977,0.0015930518018057232,-0.003163999825595765,0.5000616103186608,0.36274327192433675
574,15.93424,-0.0015773902361439444,-0.0015820338613017923,0.00313971305832483,0.5000597601415615,0.36829770435351866
575,15.962,0.001533618477282301,0.0016057950320137158,-0.0031659527571819093,0.500059598497664,0.36530229018814997
576,15.98976,-0.0015164001074512632,-0.0015821061391968205,0.0031464918563655986,0.5000593087667139,0.37081275360161287
577,16.01752,0.0015511059620910818,0.001582866831050365,-0.0030754432855082206,0.500058135744534,0.3678757444478391
578,16.045279999999998,-0.0015322427995034472,-0.0015811284778563246,0.003051884919379602,0.500057058801124,0.3733428696541312
579,16.07304,0.0015096827730396584,0.0015274628480908183,-0.003075830811062769,0.5000564623632953,0.3704636917601761
580,16.1008,-0.0015101613296667424,-0.0015168934977415314,0.003056818380485787,0.5000559938147643,0.37588810244876075
581,16.12856,0.0014697486352976184,0.0015379964678232587,-0.002989340511531547,0.5000547652542154,0.37306618894404203
582,16.15632,-0.0014535512612267058,-0.0015158897629648505,0.002966487727260202,0.5000533409481489,0.37844850176395556
583,16.18408,0.0014846475546582629,0.0015160446785704997,-0.002988297313725755,0.5000532822646241,0.37568329257606814
584,16.21184,-0.001466958594866975,-0.001513944283572376,0.0029697270374428233,0.5000533880158615,0.38102411721361906
585,16.2396,0.0014458876876110721,0.0014645195062484048,-0.0029056250247373075,0.50005187299106,0.3783150589862233
586,16.26736,-0.0014458278377242346,-0.0014543804440564803,0.0028834557596072578,0.5000503929124814,0.3836149982417474
587,16.29512,0.0014084992898970273,0.0014730843656264936,-0.0029032765754484625,0.5000502009845421,0.3809615442533568
588,16.32288,-0.001393253171765219,-0.0014524407325743616,0.002885141914798167,0.5000499118113859,0.3862211941170364
589,16.35064,0.0014210827134909189,0.0014520666485806175,-0.0028242320548736376,0.5000489512045073,0.3836228042006916
590,16.3784,-0.0014044843603825445,-0.0014496572694600845,0.002802724976328531,0.5000480641662524,0.388842753927452
591,16.40616,0.0013847927910149715,0.0014041198618283655,-0.002820695197700079,0.5000475447048971,0.3862988943912718
592,16.43392,-0.0013842625804797583,-0.0013943935807100745,0.0028029894230995602,0.5000471229532799,0.3914797265747635
593,16.46168,0.0013497665511134466,0.001410933631790869,-0.002745098502212697,0.5000461239282719,0.3889898701233627
594,16.48944,-0.0013354073109464752,-0.0013916436784700836,0.002724232982371137,0.5000449761622825,0.39413216076904267
595,16.5172,0.0013602815553698036,0.0013908095514163848,-0.0027404819993607503,0.5000448698809659,0.39169578642580777
596,16.54496,-0.0013446968092874977,-0.001388138742683434,0.002723198219568582,0.5000448892480647,0.3968001050231279
597,16.57272,0.0013262835095874947,0.001346165495864205,-0.0026681628998709134,0.5000436754227104,0.394416698053339
598,16.60048,-0.0013253441698049908,-0.0013368352401629295,0.002647918990939145,0.500042488543693,0.39948360764705415
599,16.62824,0.00129345031572982,0.0013514247919171418,-0.002662567945558973,0.5000422843100975,0.3971526594818443
600,16.656,-0.0012799184909027812,-0.001333388018528156,0.0026456991345833324,0.5000420063817002,0.40218271674244965
601,16.68376,0.001302120355605633,0.0013321557250988564,-0.0025933653766261632,0.500041218146071,0.3999037249035924
602,16.71152,-0.001287478257794759,-0.001329266050561113,0.0025737237871801414,0.500040486358128,0.40489748019689864
603,16.73928,0.00127025015243451,0.0012905614054467686,-0.002586886079021356,0.5000400357618486,0.4026699482224137
604,16.76704,-0.001268956728735651,-0.0012816111309922108,0.002570425100838369,0.5000396599288386,0.40762794567827393
605,16.7948,0.001239454160369475,0.0012944437211622464,-0.0025206476202500484,0.5000388456962531,0.40545138304884204
606,16.82256,-0.0012266947960862776,-0.0012775677613264397,0.0025015896923594985,0.5000379185635482,0.41037416062903576
607,16.85032,0.0012464812289863156,0.0012759927705542752,-0.0025133714538339677,0.5000377856785813,0.40824808269521334
608,16.87808,-0.0012327163545941384,-0.0012729222703003308,0.0024973110850704345,0.50003774890307,0.41313617226050126
609,16.90584,0.0012165877015619941,0.0012372159218333953,-0.0024499528413735954,0.5000367739521374,0.4110601001707261
610,16.9336,-0.001214989625842088,-0.0012286302591573565,0.0024314605285414392,0.5000358198791117,0.415914027547084
611,16.96136,0.0011876852344538881,0.001239881388946751,-0.002441961071520094,0.5000356153658787,0.41388748817646104
612,16.98912,-0.0011756475117091164,-0.0012240813173149678,0.0024262940222445403,0.5000353551115609,0.41870777322050146
613,17.01688,0.0011932518293704451,0.0012222133009178928,-0.0023812257379015773,0.5000347070831099,0.4167302991003639
614,17.04464,-0.0011803038246678327,-0.001218995916744222,0.0023632815837919025,0.5000341024556354,0.42151745576395605
615,17.0724,0.0011651956111907447,0.0011860406266951298,-0.0023725938193420127,0.5000337129476501,0.41958858501218843
616,17.10016,-0.0011633372236241931,-0.001177804847062185,0.002357312752097629,0.5000333807324878,0.4243431214062872
617,17.12792,0.0011380541534378415,0.0011876336171681027,-0.0023144124599873955,0.5000327156475421,0.4224623976584044
618,17.15568,-0.0011266910492835427,-0.001172831317591258,0.002296999577916286,0.5000319649647658,0.4271848161160953
619,17.18344,0.001142325066685254,0.0011707147040642238,-0.0023052104107407012,0.5000318199663596,0.42535178845706817
620,17.2112,-0.0011301382265688784,-0.0011673806669427896,0.0022903079579457575,0.5000317485604889,0.43004258559583824
621,17.23896,0.0011159776158371354,0.0011369502670376802,-0.002249460575580036,0.5000309635170294,0.42825680849265896
622,17.26672,-0.0011138986400992114,-0.0011290502509895652,0.0022325626287431352,0.500030194726747,0.43291647527590366
623,17.29448,0.0010904748926812739,0.0011376008511006723,-0.0022397533278280687,0.5000299976800452,0.4311775085108785
624,17.32224,-0.0010797428699116877,-0.0011237244399876778,0.002225222107660121,0.5000297585572769,0.43580653030865324
625,17.35,0.0010935988401792314,0.0011213989175645385,-0.002186319036551231,0.5000292248342556,0.4341139389134187
626,17.37776,-0.001082121722369876,-0.0011179751004420973,0.0021699202189637864,0.5000287245513103,0.4387127955624431
627,17.40552,0.0010688415467635104,0.0010898626692682112,-0.0021761667658540917,0.5000283888567549,0.43706614975269625
628,17.43328,-0.0010665775228057821,-0.0010822848774179267,0.002161999396726646,0.5000280971357723,0.4416353156156207
629,17.46104,0.0010448646822665436,0.001089687942222243,-0.0021249381454106916,0.500027552728452,0.44003419072655314
630,17.4888,-0.0010347234058961895,-0.0010766712421924896,0.0021090231635350863,0.5000269435011457,0.4445741347504963
631,17.51656,0.0010469757868651628,0.001074172215328414,-0.00211439657957062,0.5000267961554005,0.4430181111729271
632,17.54432,-0.0010361608595400593,-0.0010706824542696305,0.00210058569330371,0.500026705222233,0.4475292969472936
633,17.57208,0.0010236991564205045,0.0010446986528255028,-0.00206526952261377,0.5000260715304689,0.4460179600644917
634,17.59984,-0.001021281834501164,-0.0010374300986683005,0.0020498235776512056,0.5000254505508843,0.45050084587807676
635,17.6276,0.0010011439030315037,0.0010438039422572144,-0.0020543902314201813,0.5000252656736333,0.4490337860032651
636,17.65536,-0.0009915559811799906,-0.0010315860016324174,0.0020409284851996127,0.5000250491041808,0.45348882490065673
637,17.68312,0.001002363044166954,0.001028945005237109,-0.002007266074466989,0.500024608774711,0.4520656372151913
638,17.71088,-0.0009921663640583007,-0.0010254103916664218,0.0019922748452894643,0.5000241942658633,0.45649327705247655
639,17.73864,0.0009804659505207314,0.0010013819437406043,-0.0019960967414797185,0.500023905701851,0.45511356154469196
640,17.7664,-0.0009779236498739545,-0.0009944101682769861,0.0019829768286927004,0.500023650943091,0.45951424504447685
641,17.79416,0.0009592359840481174,0.0009998619077770242,-0.0019508819616323738,0.500023204415098,0.45817760644919087
642,17.82192,-0.0009501667310612302,-0.0009883865618551257,0.001936331588332801,0.500022708864196,0.4625517712549415
643,17.84968,0.0009596720258556312,0.0009856316371240272,-0.0019394666390919592,0.5000225655346237,0.461257818993613
644,17.87744,-0.0009500529441146643,-0.000982070783686584,0.0019266812991215387,0.5000224654974593,0.4656058977233263
645,17.9052,0.0009390610274024325,0.0009598390884483779,-0.0018960725682334594,0.5000219527307569,0.4643542458448562
646,17.93296,-0.0009364189626386755,-0.0009531521364394463,0.001881949636272243,0.5000214499522968,0.4686766661440678
647,17.96072,0.0009190673017420479,0.0009577787147409029,-0.0018844519161218922,0.5000212798138187,0.4674669332662388
648,17.98848,-0.0009104845215769956,-0.0009469941851570074,0.0018719939431768003,0.5000210858605547,0.4717641178603766
649,18.01624,0.0009188182104276821,0.0009441502204994072,-0.0018427944715627023,0.5000207219992134,0.470595927111923
650,18.044,-0.0009097391037970804,-0.0009405795028466134,0.0018290859964887494,0.5000203781188854,0.47486829385801366
651,18.07176,0.0008994069243578595,0.0009199993681317925,-0.0018310059817763108,0.5000201306311334,0.4737412728213154
652,18.09952,-0.0008966875024224118,-0.0009135857658282019,0.0018188682328270553,0.5000199091750406,0.4779892347590519
653,18.12728,0.0008805670808201874,0.0009174748824047404,-0.0017910054123891224,0.5000195422227871,0.4769030154134445
654,18.15504,-0.0008724408688990091,-0.0009073334112144893,0.0017776988251147195,0.5000191382458425,0.4811269808156222
655,18.1828,0.0008797209411373194,0.0009044224514608905,-0.001779083618927547,0.5000190028705597,0.480081199481316
656,18.21056,-0.0008711469661940343,-0.0009008562280675713,0.0017672590208161825,0.5000189007584195,0.48428157190364546
657,18.23832,0.0008614294706138503,0.0008817947138421025,-0.0017406642658651806,0.5000184848495857,0.4832758691862496
658,18.26608,-0.0008586525608877698,-0.0008756434480462845,0.0017277473984751125,0.5000180768237897,0.48745304751655244
659,18.29384,0.0008436672971432351,0.0008788744060597436,-0.0017286409418873505,0.5000179225249419,0.4864870682521948
660,18.3216,-0.0008359698590427556,-0.0008693319214797268,0.001717122497671687,0.5000177503769456,0.4906414467589908
661,18.34936,0.0008423032369533663,0.0008663734482625069,-0.0016917310130295658,0.5000174492514964,0.4897148399600265
662,18.37712,-0.0008342021053865559,-0.000862824260203476,0.0016791920851043302,0.5000171636228214,0.49384680834051964
663,18.40488,0.0008250576466721782,0.0008451596226044263,-0.0016796353555746085,0.5000169517862819,0.49295922714182533
664,18.43264,-0.0008222408265754212,-0.0008392601209440019,0.0016684161501658026,0.5000167600301189,0.49706917056929517
665,18.4604,0.0008083025826578856,0.0008419045981012173,-0.0016441667129032003,0.5000164579209835,0.49622027217513787
666,18.48816,-0.000801008068150101,-0.0008329204091157005,0.0016319943183381992,0.5000161278905694,0.5003085713457448
667,18.51592,0.0008064916137605596,0.000829931595054886,-0.001632025516028423,0.5000160027014078,0.49949801697722374
668,18.54368,-0.0007988333868307917,-0.0008264103475028569,0.0016210987211746418,0.5000159031013822,0.5035650481562326
669,18.57144,0.0007902234497246252,0.0008100310746913094,-0.0015979334751741578,0.500015564968171,0.502792502999285
670,18.5992,-0.0007873822279789026,-0.0008043731869945505,0.0015861165694758266,0.5000152330834344,0.5068386380667175
671,18.62696,0.0007744101324795099,0.000806495936960793,-0.0015857712922151307,0.5000150947394677,0.5061037712206818
672,18.65472,-0.0007674944835720728,-0.0007980324542505857,0.0015751301708817947,0.5000149430559677,0.5101293777164031
673,18.682479999999998,0.0007722159151750569,0.0007950283933393817,-0.0015529944334663965,0.5000146934986176,0.5094318621431356
674,18.71024,-0.0007649728156672278,-0.0007915445203936254,0.001541522321508288,0.500014455987776,0.5134373033113798
675,18.738,0.0007568617648757991,0.0007763484522178423,-0.0015408337290829387,0.5000142749839115,0.512776815784918
676,18.76576,-0.0007540097843978432,-0.0007709224328947595,0.001530471639276397,0.500014109497618,0.5167624506182646
677,18.79352,0.0007419296141990268,0.0007725819234612838,-0.0015093137191877297,0.5000138603432988,0.5161386716750296
678,18.82128,-0.0007353704259453397,-0.0007646044043400912,0.0014981760434091195,0.5000135901671945,0.5201048549578324
679,18.84904,0.000739409152387491,0.0007615983207054733,-0.0014971750118198024,0.5000134762158983,0.5195174688473676
680,18.8768,-0.0007325553925209113,-0.000758159935023852,0.0014870854098971368,0.5000133819759647,0.5234645511986454
681,18.90456,0.0007249102419184528,0.0007440534591866567,-0.0014668564359501825,0.5000131064518069,0.5229132458348839
682,18.93232,-0.0007220594641429121,-0.0007388499505316456,0.0014560431649808597,0.5000128359011696,0.5268415737506799
683,18.96008,0.0007108030794684224,0.0007400989441874298,-0.0014547584312691291,0.5000127129892147,0.526326040663733
684,18.98784,-0.0007045794724282619,-0.00073257525943346,0.0014449348747752454,0.5000125801400874,0.5302359565589477
685,19.0156,0.000708007352485995,0.0007295786964529162,-0.0014255886345578592,0.500012373047854,0.5297558908474155
686,19.04336,-0.0007015189763827456,-0.0007261927250314799,0.0014150900522532472,0.5000121753420661,0.5336477330971212
687,19.07112,0.0006943091774145593,0.000713090043093497,-0.0014135483504643977,0.5000120209218324,0.5332028333809107
688,19.09888,-0.0006914700496910534,-0.0007081000594344722,0.001403984500533106,0.5000118785156411,0.5370769363611535
689,19.12664,0.0006809748779046668,0.0007089861414870816,-0.0013854772885542304,0.500011672699201,0.5366669047348064
690,19.1544,-0.000675067381237099,-0.0007018865621487014,0.0013752839834252353,0.500011451084068,0.5405235988629018
691,19.18216,0.0006779494147516658,0.0006989095537226158,-0.0013735101722404006,0.5000113486247274,0.5401481408494223
692,19.20992,-0.0006718041541885334,-0.0006955818610513526,0.001364199795595541,0.5000112613700523,0.5439877526237509
693,19.23768,0.000665001401850579,0.0006834043181824213,-0.0013464902703227677,0.5000110363708091,0.5436465771289305
694,19.26544,-0.0006621830094160787,-0.0006786192308092908,0.001336593125346058,0.5000108153461459,0.5474694291682399
695,19.2932,0.0006523915733387627,0.0006791852897441381,-0.0013346103078848304,0.5000107069525925,0.547162248435472
696,19.32096,-0.0006467820175992799,-0.0006724822921671536,0.0013255472784729095,0.5000105911834825,0.5509686595176919
697,19.34872,0.0006491769744520025,0.0006695335177839914,-0.0013085963277331232,0.5000104191201232,0.5506951890832728
698,19.37648,-0.0006433541167361264,-0.0006662690175010933,0.001298986510526859,0.5000102543881408,0.5544854741838476
699,19.40424,0.0006369321716450937,0.0006549444904222171,-0.0012968161467918945,0.5000101228270779,0.5542454328327574
700,19.432,-0.0006341423755419404,-0.0006503560132359704,0.0012879944470769007,0.5000100005857039,0.5580199031625047
701,19.45976,0.0006250018624245706,0.0006506406775858074,-0.0012717650613248014,0.5000098303087074,0.5578130128846649
702,19.48752,-0.0006196732812225341,-0.0006443087650660484,0.0012624340146768513,0.5000096481821417,0.5615719759271626
703,19.51528,0.000621634273690749,0.000641395690148821,-0.0012600960270839168,0.5000095569468684,0.5613979618741629
704,19.54304,-0.0006161145406009897,-0.0006381984462181134,0.0012515097490324752,0.5000094774570335,0.5651417214226759
705,19.5708,0.000610049065795093,0.0006276607842610095,-0.0012359669020215636,0.5000092933305046,0.5650003118649675
706,19.59856,-0.000607294627986213,-0.0006232609600916607,0.0012269063347563334,0.500009112392424,0.5687291680589138
707,19.62632,0.000598756495610046,0.0006232989957080505,-0.0012244192071661742,0.5000090173866354,0.5686200943434633
708,19.65408,-0.0005936930353572683,-0.0006173145353147724,0.0012160625529492703,0.5000089169295271,0.5723343437044304
709,19.68184,0.0005952680389009239,0.0006144435382028464,-0.0012011730893671587,0.5000087738075586,0.5722573402128296
710,19.7096,-0.0005900334757324255,-0.0006113168565506805,0.0011923749675383588,0.5000086364259388,0.5759572756801438
711,19.73736,0.0005843018869584882,0.0006015053712046224,-0.0011897558381834007,0.5000085244758091,0.5759120797871714
712,19.76512,-0.0005815885837829188,-0.0005972865587494901,0.0011816231206184524,0.5000084197699548,0.5795979907530272
713,19.79288,0.0005736082004675312,0.0005971092300217278,-0.0011673556502747487,0.50000827869364,0.5795843427856571
714,19.82064,-0.000568795037517364,-0.0005914503032666274,0.0011588121886722841,0.5000081287496607,0.5832565151298121
715,19.8484,0.0005700273645975942,0.0005886267900625723,-0.0011560769373456644,0.5000080481453029,0.5832741583266627
716,19.87616,-0.0005650612384321652,-0.0005855733015280207,0.0011481625801020513,0.500007976628119,0.5869328744507027
717,19.90392,0.0005596425667813432,0.0005764323002467392,-0.0011344873782814864,0.5000078256452598,0.5869815549219266
718,19.93168,-0.0005569752917911069,-0.0005723871615891403,0.0011261910322399027,0.5000076772295339,0.5906270937831067
719,19.95944,0.0005495116073676881,0.0005720225598408412,-0.001123354362094505,0.500007594383675,0.5907065604707107
720,19.9872,-0.0005449348719071578,-0.0005666688259836905,0.0011156528996831528,0.5000075075283235,0.5943391976153813
721,20.01496,0.0005458636030301227,0.0005638973343848131,-0.0011025418132996744,0.5000073883543528,0.5944492022539766
722,20.04272,-0.0005411503094320584,-0.0005609190697643852,0.0010944852707975474,0.5000072736862907,0.5980692098505924
723,20.07048,0.000536025075281582,0.0005523974301755426,-0.0010915607850804103,0.5000071785262656,0.5982095069285691
724,20.09824,-0.0005334079324131897,-0.0005485189188452494,0.0010840668626469242,0.500007089009173,0.6018171538002937
725,20.126,0.0005264231774782647,0.0005479922608509218,-0.0010714932218558728,0.5000069719694182,0.6019875005214161
726,20.15376,-0.000522069883591845,-0.0005429248317414259,0.0010636693958943825,0.500006848310307,0.6055830521783234
727,20.18152,0.0005227302593981053,0.0005402091248732424,-0.0010606696699230317,0.500006777557038,0.605783208423741
728,20.20928,-0.0005182552368079183,-0.0005373075827706473,0.001053378042862296,0.5000067138457147,0.6093669270946197
729,20.23704,0.0005134053341167288,0.000529358363765037,-0.0010413165778086321,0.5000065898019035,0.6095966553852887
730,20.2648,-0.0005108417220640098,-0.0005256397133073858,0.001033718599059418,0.5000064678321271,0.6131688000490567
731,20.29256,0.0005043011330608613,0.0005249736126096147,-0.0010306552477284143,0.5000063959018486,0.6134278655085716
732,20.32032,-0.0005001591144356356,-0.0005201749380614185,0.0010235607811379585,0.5000063210394194,0.6169886919253017
733,20.34808,0.0005005828923167563,0.0005175180892374509,-0.001011987543537224,0.5000062217096554,0.6172768622431288
734,20.37584,-0.0004963325434778046,-0.0005146942973692454,0.0010046087532491516,0.5000061259258944,0.6208266229846953
735,20.4036,0.0004917411335637889,0.0005072743838566404,-0.0010014924943378438,0.5000060451152488,0.621143668379807
736,20.43136,-0.0004892338221451941,-0.0005037090968798676,0.0009945901623245389,0.5000059687098088,0.6246826128601536
737,20.45912,0.00048310539003390486,0.000502923810348866,-0.0009834824515913708,0.500005871490145,0.6250283060450579
738,20.48688,-0.00047916324082446124,-0.0004983775731304541,0.0009763163947462812,0.5000057693436113,0.6285566805500972
739,20.51464,0.00047937901923901836,0.0004957820423793969,-0.0009731571082819237,0.5000057075709681,0.6289307966952596
740,20.5424,-0.0004753406390514228,-0.0004930366129290474,0.0009664419931371587,0.5000056512646964,0.6324488444124039
741,20.57016,0.0004709920530520939,0.0004861063913257838,-0.0009557782867936275,0.5000055491665982,0.6328511611110569
742,20.59792,-0.00046854325229455556,-0.00048268822899934477,0.0009488187055019933,0.5000054487496205,0.6363591221583884
743,20.62568,0.000462797492766389,0.000481801880858571,-0.0009456254894187341,0.5000053865265485,0.6367894193917263
744,20.65344,-0.0004590445131785503,-0.00047749290046736337,0.000939092780674885,0.5000053221737935,0.6402875308468111
745,20.6812,0.0004590780265573238,0.0004749606035914425,-0.0009288526687856074,0.5000052393094272,0.6407455909495634
746,20.70896,-0.0004552397358086872,-0.00047229378315204044,0.0009220934959129915,0.5000051592429307,0.6442340868779134
747,20.73672,0.00045111938509515004,0.00046581684492320147,-0.0009188747182306766,0.500005090676457,0.6447196945042977
748,20.76448,-0.0004487308076932145,-0.00046253981690254885,0.0009125197116116635,0.5000050255567624,0.6481988059874856
749,20.79224,0.00044334055106190636,0.0004615686022467352,-0.0009026838350092415,0.500004944707145,0.6487117480775322
750,20.82,-0.0004397666972546805,-0.0004574827467054843,0.0008961191880246262,0.5000048602024881,0.6521817032409641
751,20.84776,0.0004396410841285438,0.00045501511756502577,-0.0008928825357600778,0.5000048065144633,0.6527217689872107
752,20.87552,-0.0004359917685962912,-0.00045242683216445396,0.0008867006320369899,0.5000047570774062,0.6561827930275614
753,20.90328,0.0004320860624737466,0.00044636970297579586,-0.0008772506241140949,0.5000046728965305,0.6567497738421142
754,20.93104,-0.0004297589802257479,-0.0004432280577307173,0.000870874799152187,0.5000045900824801,0.6602020890544295
755,20.9588,0.000424699179292269,0.0004421864273810333,-0.0008676273241608245,0.5000045364266104,0.6607957785363866
756,20.98656,-0.00042129501723160847,-0.0004383105323627068,0.0008616140279232147,0.500004481236649,0.664239604340856
757,21.01432,0.00042103106398133357,0.000435908579017805,-0.0008525324597816457,0.5000044120509969,0.6648597982440918
758,21.04208,-0.00041756031844877314,-0.0004333984746761775,0.0008463399259108049,0.5000043450787635,0.6682953512124996
759,21.06984,0.00041385658853043683,0.0004277303669255047,-0.0008430880878468608,0.5000042869455908,0.6689418474138025
760,21.0976,-0.00041159188329857756,-0.0004247185824518669,0.0008372390061997557,0.5000042315156282,0.6723693412956578
761,21.12536,0.0004068394376317925,0.0004236194108294413,-0.0008285093349587021,0.5000041642073734,0.6730419397632228
762,21.15312,-0.0004035961005631831,-0.0004199412054790852,0.0008224947286469634,0.5000040941979306,0.6764615855115753
763,21.18088,0.0004032124629762517,0.00041760556076190033,-0.0008192444352170053,0.500004047715742,0.6771600882738449
764,21.20864,-0.0003999105397440111,-0.00041517303999058817,0.0008135552764122644,0.5000040045456173,0.6805720940707892
765,21.2364,0.0003963969704407211,0.00040986562668234424,-0.0008051617964904457,0.5000039350239299,0.681296305185641
766,21.26416,-0.0003941951801356429,-0.00040697840157833624,0.0007993199162623912,0.5000038666167309,0.6847008764675167
767,21.29192,0.00038972877534906955,0.0004058331391256692,-0.0007960765609380915,0.5000038204746922,0.6854506019917928
768,21.319679999999998,-0.00038663792458436475,-0.0004023411780013364,0.0007905431329489183,0.5000037732387953,0.6888479414740805
769,21.34744,0.0003861513292100963,0.0004000721450409424,-0.000782470930145461,0.50000371542981,0.6896229894334586
770,21.3752,-0.00038300909072015265,-0.0003977163996580149,0.000776796731422206,0.500003659376563,0.6930132971353802
771,21.40296,0.0003796746553333674,0.00039274360776296883,-0.0007735652287670201,0.5000036101226945,0.6938134774945799
772,21.43072,-0.00037753601537777093,-0.0003899758526523835,0.0007681834378122736,0.5000035629940095,0.697196950763404
773,21.45848,0.0003733359761038705,0.00038879466419761984,-0.0007604183460224288,0.5000035069033807,0.698022075396727
774,21.48624,-0.0003703897648441218,-0.0003854782648050892,0.0007549069361389066,0.5000034488253627,0.7013989089317868
775,21.514,0.000369815191961255,0.00038327585797791867,-0.0007516917548953224,0.5000034087142758,0.7022487915939883
776,21.54176,-0.0003668240671860085,-0.00038099589857966545,0.0007464576039222516,0.5000033711888524,0.7056191774704118
777,21.56952,0.0003636584691356082,0.00037633372018327886,-0.0007389861643327094,0.5000033136850954,0.7064936337678986
778,21.59728,-0.0003615829498222631,-0.00037368054947053546,0.0007336327977246454,0.5000032570925192,0.7098577614600617
779,21.62504,0.0003576311052005751,0.00037247243980311547,-0.0007304379917984895,0.5000032175060647,0.7107566088224161
780,21.6528,-0.00035482214514235145,-0.0003693216252442233,0.0007253475789288046,0.5000031771496025,0.7141146652271161
781,21.68056,0.0003541729949905733,0.0003671856069807356,-0.0007181570015480364,0.5000031288126963,0.7150377228789403
782,21.70832,-0.000351324939268532,-0.00036498028938060606,0.0007129570751030887,0.5000030818722375,0.7183898923382969
783,21.73608,0.0003483185580277215,0.00036060660907240153,-0.000709786312574555,0.500003040166875,0.719336981271378
784,21.76384,-0.0003463058981494632,-0.0003580633330137202,0.0007048358295209123,0.5000030001364248,0.7226834455954664
785,21.7916,0.0003425854587464052,0.0003568362608280452,-0.0006979139569067303,0.5000029533509719,0.7236543885412561
786,21.81936,-0.0003399067892396927,-0.0003538417071249633,0.0006928630054734613,0.5000029051109621,0.7269953270304746
787,21.84712,0.00033919503302101776,0.00035177162096313363,-0.000689719595754988,0.5000028705958627,0.7279899484328829
788,21.87488,-0.00033648249104948095,-0.0003496396698797074,0.000684905326212965,0.5000028381035367,0.73132553790006
789,21.90264,0.0003336263323936717,0.0003455341069708964,-0.0006782405992693089,0.5000027904714427,0.732343663888559
790,21.9304,-0.00033167606949067844,-0.0003430962240488092,0.0006733342913181649,0.5000027435861764,0.7356740786808026
791,21.95816,0.00032817151466311246,0.0003418572053079155,-0.0006702212105742333,0.5000027096940789,0.7367155370438397
792,21.98592,-0.0003256165742096151,-0.00033901019300369706,0.0006655395285947818,0.5000026752688744,0.7400409490641342
793,22.01368,0.00032485289122960036,0.00033700539324518276,-0.0006591209543163989,0.500002634826051,0.7411055692228481
794,22.04144,-0.00032226876294886203,-0.0003349454234981838,0.0006543550877468237,0.500002595496912,0.7444261479514007
795,22.0692,0.0003195544131604222,0.0003310891877778766,-0.000651275002681646,0.5000025602024712,0.7455137609336427
796,22.09696,-0.00031766591069736796,-0.00032875237736562266,0.0006467223710287964,0.5000025262314325,0.748829673448986
797,22.12472,0.0003143628854996021,0.00032750757904340117,-0.0006405394920800668,0.5000024871744478,0.7499401118636391
798,22.15248,-0.0003119254853983154,-0.0003247999487149822,0.000635909990169151,0.5000024470595269,0.7532515228634885
799,22.18024,0.000311119387596287,0.0003228596270052256,-0.0006328652802834284,0.5000024174326827,0.7543846208750857
800,22.208,-0.0003086569967241489,-0.00032087016245276555,0.0006284382487815536,0.5000023893916916,0.757691692696962
801,22.23576,0.00030607658042419716,0.000317245922306565,-0.0006224811148017107,0.5000023498832408,0.7588472860005983
802,22.26352,-0.0003042490521840246,-0.0003150060376109837,0.0006179840222883316,0.5000023109883344,0.7621501786422133
803,22.29128,0.0003011342729926695,0.000313760862685856,-0.000614976800698926,0.5000022820239687,0.7633281044387505
804,22.31904,-0.0002988085729574271,-0.0003111849740358996,0.0006106720045731977,0.5000022526986365,0.766626975578163
805,22.346799999999998,0.00029796851796249106,0.0003093081831622178,-0.0006049311451079801,0.5000022188407486,0.7678270725497252
806,22.37456,-0.00029562158295787764,-0.0003073876735932986,0.0006005626244082079,0.5000021858734379,0.7711220775652671
807,22.40232,0.0002931677242649089,0.00030397943540895597,-0.0005975947573203649,0.5000021560190533,0.7723441858510228
808,22.43008,-0.0002914002562187063,-0.00030183249668029236,0.0005934089155341305,0.5000021272130446,0.7756354778410051
809,22.45784,0.0002884614243256381,0.000300591661174279,-0.0005878753144981213,0.5000020945824794,0.776879439013236
810,22.4856,-0.00028624190991229467,-0.00029814035539965644,0.0005836316420466291,0.5000020611882507,0.7801671688154305
811,22.51336,0.00028537540366086524,0.0002963260305724866,-0.0005807047669609784,0.500002035811766,0.7814328258558805
812,22.54112,-0.0002831380109156108,-0.0002944728667492247,0.0005766346805532588,0.5000020116813896,0.7847171420667871
813,22.56888,0.0002808037976546607,0.00029126586463082687,-0.0005712997521347434,0.5000019788697707,0.7860043393432945
814,22.59664,-0.0002790953675445342,-0.00028920805262906604,0.0005671773148478628,0.5000019465632868,0.7892853883371935
815,22.6244,0.0002763210900303165,0.00028797565541546067,-0.0005642928575814579,0.5000019218495317,0.7905939715806004
816,22.65216,-0.0002742025517279008,-0.0002856422205740061,0.0005603354080077476,0.5000018968988853,0.7938718975283953
817,22.67992,0.0002733162415857394,0.00028388919843317934,-0.0005551909739306192,0.5000018685384836,0.7952017138097321
818,22.70768,-0.0002711828206591943,-0.0002821017254591408,0.0005511862657866395,0.5000018408921624,0.7984766586975851
819,22.73544,0.000268961771371673,0.00027908232035349964,-0.0005483454563814184,0.500001815650425,0.7998275564055312
820,22.7632,-0.0002673112662223055,-0.00027710997006149,0.0005444976038595885,0.5000017912413806,0.8030996600532949
821,22.79096,0.00026469098348349716,0.0002758895561002165,-0.0005395358719249414,0.5000017639603347,0.8044714888719076
822,22.81872,-0.0002626684973336416,-0.0002736676952234396,0.000535645490657545,0.5000017361331428,0.8077408889513589
823,22.84648,0.00026176825658168803,0.00027197473078797866,-0.0005328493782450179,0.5000017144379115,0.8091334998380733
824,22.87424,-0.000259733557310922,-0.0002702512599638863,0.0005291081601099342,0.5000016937241115,0.8124003318909465
825,22.902,0.0002576195908325085,0.0002674068473836367,-0.000524321703941736,0.5000016664422218,0.8138135770548444
826,22.92976,-0.0002560258225874718,-0.00026551644195710214,0.000520542347841918,0.5000016395770416,0.8170779745106731
827,22.95752,0.00025354974194603726,0.0002643110595560186,-0.0005177918145291609,0.5000016185196505,0.8185117073910132
828,22.98528,-0.00025161865156795514,-0.0002621948612770153,0.0005141543435973262,0.5000015973139124,0.8217738015847811
829,23.01304,0.0002507096560330672,0.0002605606430376263,-0.0005095360835227011,0.5000015735466604,0.8232278768297958
830,23.0408,-0.0002487687273645054,-0.00025889946235018374,0.0005058645483463213,0.5000015503534961,0.8264877970193995
831,23.06856,0.0002467561347611058,0.00025621838794794943,-0.0005031603221843974,0.5000015290201402,0.8279620704653495
832,23.09632,-0.00024521785422205897,-0.00025440655289351183,0.0004996237851311846,0.5000015083499268,0.8312199438488773
833,23.12408,0.00024287688909310906,0.0002532188055417213,-0.0004951669701296521,0.500001485526423,0.8327142724993676
834,23.15184,-0.00024103278900248254,-0.00025120271702699926,0.0004916001461059198,0.5000014623168523,0.8359702242321984
835,23.1796,0.000240119586546079,0.0002496258803622394,-0.0004889428131979627,0.5000014437993029,0.83748446623775
836,23.20736,-0.0002382677569476218,-0.0002480252637393239,0.0004855044689485559,0.5000014260565837,0.8407386194494699
837,23.23512,0.00023635117561640606,0.00024549674605232067,-0.0004812026596080267,0.5000014033478083,0.8422726340873462
838,23.26288,-0.00023486708484779205,-0.00024376024362578367,0.00047773752854574704,0.5000013809834283,0.8455251098984966
839,23.29064,0.0002326527989892365,0.00024259233689542017,-0.0004751275443485701,0.5000013630636636,0.8470787575527826
840,23.3184,-0.00023089151910686082,-0.00024067113888787128,0.0004717847224849545,0.5000013450579538,0.850329675091429
841,23.34616,0.00022997809261888518,0.00023915027796666982,-0.0004676317749061377,0.5000013251309907,0.8519028172333627
842,23.37392,-0.00022821095194492494,-0.00023760849341999737,0.0004642654073941243,0.5000013056667802,0.8551522936514988
843,23.40168,0.00022638534170199565,0.0002352225531653085,-0.00046170310726339033,0.5000012876430209,0.8567447928200503
844,23.42944,-0.00022495410504841433,-0.0002335582769810386,0.00045845320644810714,0.5000012701487913,0.8599929433098342
845,23.4572,0.0002228586614564262,0.00023241206094882583,-0.00045444325704270105,0.5000012510430176,0.8616046630925325
846,23.48496,-0.0002211762527131135,-0.00023058084474644747,0.00045117280974118617,0.5000012316683792,0.8648516009023597
847,23.51272,0.0002202660772022759,0.00022911452306629318,-0.0004486584187684392,0.5000012158859233,0.8664824059163643
848,23.54048,-0.0002185794598926414,-0.00022762983983061046,0.0004454989051869836,0.5000012007166967,0.8697282423667804
849,23.56824,0.00021684008088729279,0.00022537723518300162,-0.000441626356318133,0.5000011817954195,0.8713779982401975
850,23.596,-0.00021546033473793653,-0.0002237822050269946,0.0004384490693376738,0.500001163159254,0.8746228427396512
851,23.62376,0.00021347644879035195,0.00022265921262725656,-0.00043598271152296784,0.5000011479263253,0.8762914160930901
852,23.65152,-0.00021186916974185035,-0.00022091335883633878,0.00043291111734540397,0.5000011326507243,0.8795353761535349
853,23.67928,0.00021096526405889028,0.00021950011853107045,-0.0004291706237610788,0.5000011159366725,0.8812226345819054
854,23.70704,-0.00020935523356556318,-0.0002180708133004101,0.0004260838181264233,0.5000010995965923,0.8844658158342447
855,23.7348,0.00020769762587091734,0.00021594298063679564,-0.00042366552492891847,0.5000010843738311,0.8861716278887907
856,23.76256,-0.00020636798729250705,-0.00021441433747658345,0.00042067944679235314,0.5000010695750405,0.889414134098177
857,23.79032,0.00020448888377640903,0.00021331581915898037,-0.00041706590280724383,0.5000010535726161,0.8911383692687487
858,23.81808,-0.00020295318814916006,-0.00021165097807546163,0.0004140669780023557,0.5000010373866102,0.8943803023497348
859,23.84584,0.0002020581618322617,0.0002102893481155136,-0.0004116966963080611,0.5000010239524298,0.8961228310472936
860,23.8736,-0.00020052099617506782,-0.00020891371046639743,0.00040879379381997087,0.500001011004805,0.8993642910788372
861,23.90136,0.00019894096092040736,0.00020690271010392127,-0.0004053023212013042,0.5000009952246448,0.9011249846181941
862,23.92912,-0.00019766003527009362,-0.00020543771128696576,0.0004023887527937774,0.5000009796808845,0.9043660698585242
863,23.95688,0.00019587940896143306,0.00020436466632033385,-0.0004000663523365594,0.500000966744544,0.9061448004413101
864,23.98464,-0.00019441193405672492,-0.00020277673980440003,0.00039724434660057397,0.500000953794898,0.9093856073426533
865,24.0124,0.00019352802974461093,0.0002014652431995171,-0.0003938702831190126,0.5000009397704706,0.9111822480405153
866,24.04016,-0.00019206020810522308,-0.00020014158028381423,0.0003910396204597732,0.500000926049029,0.9144228712636852
867,24.06792,0.00019055379002461126,0.00019824004678084615,-0.0003887649007321129,0.5000009131956497,0.9162372960017152
868,24.09568,-0.00018932017764248065,-0.000196836061415963,0.00038602157289630766,0.500000900682631,0.9194778284305681
869,24.12344,0.0001876321571353578,0.00019578926614678186,-0.0003827604615021342,0.5000008872727397,0.9213099119709547
870,24.1512,-0.0001862297130259344,-0.00019427439086858178,0.00038001032549945526,0.5000008737408645,0.9245504447267138
871,24.17896,0.00018535884484330528,0.00019301155097358228,-0.0003777830221830044,0.5000008623184713,0.9264000626526184
872,24.20672,-0.00018395703511619424,-0.00019173819155530233,0.0003751162120113499,0.5000008512831158,0.9296406851080704
873,24.23448,0.00018252050639974704,0.0001899392881820042,-0.000371963790601613,0.5000008381113149,0.9315077138077271
874,24.26224,-0.0001813328084731259,-0.00018859379269610407,0.0003692918715652625,0.5000008251358039,0.9347485136012894
875,24.29,0.00017973192298049325,0.00018757382604437005,-0.0003671116625135787,0.5000008141593199,0.9366328302523267
876,24.31776,-0.00017839148243840538,-0.00018612835798823002,0.0003645192669815172,0.5000008031888677,0.9398738933019943
877,24.34552,0.0001775352707227466,0.00018491270400242073,-0.0003614714587230626,0.5000007914172307,0.9417753758559738
878,24.37328,-0.00017619631794676865,-0.00018368800190596873,0.0003588755142771868,0.5000007798916706,0.9450167863731421
879,24.40104,0.0001748261632897874,0.0001819853789257736,-0.000356742025078795,0.500000769041675,0.946935313540318
880,24.4288,-0.00017368298697132713,-0.0001806959527902872,0.00035422199699246585,0.5000007584656416,0.9501771540434861
881,24.45656,0.00017216413584556826,0.00017970321923745544,-0.00035127490116983667,0.5000007472231105,0.95211260527778
882,24.48432,-0.0001708828249460397,-0.00017832371936257752,0.0003487527542321294,0.5000007359026829,0.9553549566061382
883,24.51208,0.00017004262765177536,0.00017715379110513297,-0.0003466655633801874,0.5000007262005338,0.9573072120903288
884,24.53984,-0.00016876354325357157,-0.00017597612813648983,0.00034421591002012787,0.5000007168070577,0.9605501534172315
885,24.5676,0.0001674564460081296,0.00017436388456971657,-0.0003413657933781894,0.5000007058037795,0.9625190940483568
886,24.59536,-0.00016635640886373745,-0.00017312820619031158,0.0003389153302026729,0.5000006949636994,0.9657627028946815
887,24.62312,0.00016491483360493408,0.0001721629564940143,-0.000336873973896982,0.5000006856573365,0.9677482102696553
888,24.65088,-0.00016368992295452,-0.0001708461774568848,0.0003344927556866092,0.5000006763691801,0.970992562517053
889,24.67864,0.0001628668640383268,0.0001697205294932744,-0.0003317360442397904,0.5000006664853867,0.972994518918489
890,24.7064,-0.00016164481582481668,-0.00016858831788985057,0.0003293552125212465,0.500000656801925,0.9762396888225245
891,24.73416,0.0001603976451653999,0.0001670609664607889,-0.00032735918912638854,0.5000006476451746,0.9782579772047723
892,24.76192,-0.00015933937901954759,-0.00016587680922441222,0.0003250445183249099,0.5000006387095167,0.9815040374079613
893,24.78968,0.00015797063756080895,0.00016493915907023126,-0.00032237778960625564,0.5000006292801004,0.9835385413833457
894,24.81744,-0.00015679953410311682,-0.00016368203292421724,0.000320064596644196,0.5000006198039842,0.9867855629280866
895,24.8452,0.00015599452917019105,0.0001625992381101434,-0.0003181133708254928,0.500000611570338,0.9888361667533566
896,24.87296,-0.0001548268320102987,-0.00016151092256912842,0.00031586341024599147,0.5000006035835095,0.9920842190947607
897,24.90072,0.000153636631033377,0.00016006335756355448,-0.00031328338597142336,0.5000005943850636,0.9941508076577421
898,24.92848,-0.00015261878527435003,-0.00015892858603701646,0.00031103589689196996,0.5000005853224645,0.997399958676364
899,24.95624,0.0001513187283516079,0.00015801853282122386,-0.00030912890345077105,0.5000005774375345,0.9994824174828137
900,24.983999999999998,-0.00015019896770830868,-0.00015681815961340884,0.0003069418652030649,0.5000005695779315,1.0027327334972862
901,25.01176,0.0001494127471708618,0.00015577681211745192,-0.0003044454043269217,0.5000005612768743,1.0048309486579494
902,25.03952,-0.00014829685431596575,-0.00015473087144862786,0.00030226174035983817,0.5000005531392818,1.00808249443752
903,25.06728,0.00014716082899937644,0.000153358339232012,-0.00030039838778668287,0.500000545413137,1.0101963526553865
904,25.09504,-0.0001461820733992323,-0.00015227090550776876,0.0002982725320450759,0.5000005378658746,1.0134491914323622
905,25.1228,0.00014494682282825008,0.00015138834342521204,-0.0002958566241851494,0.5000005299541471,1.0155785799901242
906,25.15056,-0.00014387606213380573,-0.00015024198061994176,0.00029373496099487735,0.5000005220174761,1.0188327734722253
907,25.17832,0.00014310919211207743,0.0001492406984811138,-0.0002919146347601072,0.500000515035595,1.0209775802199281
908,25.20608,-0.00014204268710374155,-0.00014823564692521444,0.00028984826855601526,0.5000005082515877,1.0242331886025524
909,25.23384,0.00014095819605858262,0.0001469337188937088,-0.00028751002776722227,0.5000005005568062,1.0263933019454452
910,25.2616,-0.00014001722316017834,-0.00014589165907568743,0.000285448593835805,0.5000004929752273,1.029650383923841
911,25.28936,0.0001388431518614924,0.00014503639267251573,-0.0002836706594336226,0.500000486298728,1.0318256928104206
912,25.31712,-0.0001378191630575353,-0.00014394144533466657,0.00028166213547305315,0.5000004796511663,1.03508430559178
913,25.34488,0.00013707206423299717,0.00014297887260311592,-0.00027939879434951844,0.5000004726775993,1.0372746995020283
914,25.37264,-0.00013605265335477892,-0.00014201326085265666,0.00027739586940962475,0.5000004658377081,1.0405348988174914
915,25.4004,0.00013501719830752434,0.00014077780860937162,-0.0002756596751728566,0.5000004593198779,1.0427402677513027
916,25.42816,-0.0001341127254237164,-0.000139779239434808,0.00027370739067831423,0.5000004529471409,1.0460021078678832
917,25.45592,0.00013299643904684814,0.00013895099577048518,-0.0002715162947663368,0.5000004463065177,1.0482223423336865
918,25.48368,-0.00013201710260116905,-0.00013790500744906287,0.00026957020828311695,0.5000004396558343,1.0514858760661139
919,25.51144,0.0001312900672108638,0.00013697981595627704,-0.0002678750879822193,0.5000004337395901,1.0537208670696798
920,25.5392,-0.00013031557244291996,-0.0001360522319131461,0.0002659774835596128,0.5000004279823949,1.0569861457921659
921,25.56696,0.00012932678939020503,0.00013487940447944377,-0.000263856086063125,0.5000004215415415,1.0592357848256044
922,25.59472,-0.00012845756025669087,-0.00013392252007242937,0.00026196521576273566,0.5000004151951146,1.0625028584835317
923,25.62248,0.00012739588026990532,0.0001331209596226182,-0.0002603104910055559,0.5000004095449492,1.0647670375144749
924,25.65024,-0.0001264591792899914,-0.0001321216038791262,0.00025846604953483695,0.5000004039249446,1.0680359546360099
925,25.678,0.00012575238643647315,0.00013123249467764605,-0.00025641190629759454,0.500000398065206,1.0703145660969804
926,25.70576,-0.00012482073887436814,-0.00013034156397748948,0.0002545746767411031,0.5000003923150135,1.073585373804613
927,25.73352,0.0001238763898595563,0.0001292277668663028,-0.00025295965918420367,0.5000003868174518,1.075878310582577
928,25.76128,-0.0001230411759793869,-0.00012831083561670219,0.0002511669047344487,0.500000381437863,1.0791510546045904
929,25.78904,0.00012203112410206127,0.0001275355620368468,-0.00024917766948340025,0.5000003758623631,1.081458210030693
930,25.8168,-0.00012113513881470963,-0.00012658063456758017,0.00024739255068468295,0.5000003702867193,1.08473293471256
931,25.84456,0.00012044866824726455,0.00012572633907739444,-0.00024581654407023656,0.5000003652766225,1.0870542025520398
932,25.87232,-0.0001195579019516878,-0.00012487072540816137,0.00024407404083887394,0.5000003603946978,1.090330950867754
933,25.90008,0.0001186558674135807,0.000123812601400499,-0.0002421474606736216,0.5000003550004194,1.092666225310042
934,25.92784,-0.00011785346912747955,-0.00012293396296470343,0.0002404129667595735,0.5000003496849772,1.0959450388733791
935,25.9556,0.00011689225299265506,0.0001221845318219708,-0.00023887526878926422,0.5000003449057243,1.098294214522372
936,25.98336,-0.00011603515556360588,-0.0001212719431288034,0.00023718162006425116,0.5000003401562786,1.1015751335980886
937,26.01112,0.00011536900007522338,0.00012045122402326377,-0.00023531553117986788,0.5000003352314183,1.103938105462601
938,26.03888,-0.0001145172463193235,-0.00011962962926295266,0.0002336302190919734,0.5000003303965099,1.1072211689775673
939,26.06664,0.0001136555179703791,0.0001186240407432891,-0.00023213012314839758,0.5000003257602119,1.1095978324619624
940,26.0944,-0.00011288476528319926,-0.00011778210316227938,0.00023048397029439154,0.5000003212200611,1.112883078016233
941,26.12216,0.00011196976522815904,0.00011705802973512284,-0.00022867629392350267,0.500000316537496,1.1152733289112242
942,26.14992,-0.00011114981489754475,-0.00011618579830149911,0.0002270387621585728,0.5000003118611455,1.1185607927890489
943,26.17768,0.00011050389146628117,0.00011539745016294481,-0.00022557555888479125,0.5000003076207955,1.1209645272626783
944,26.20544,-0.00010968937335267497,-0.00011460861435841089,0.00022397558035194175,0.5000003034839983,1.1242542444434511
945,26.2332,0.00010886604754500873,0.0001136526270769291,-0.00022222431891479562,0.5000002989639271,1.126671359032239
946,26.26096,-0.00010812580073644312,-0.0001128458640069105,0.00022063320630476258,0.5000002945097296,1.1299633632013921
947,26.28872,0.0001072545576262994,0.0001121466302421705,-0.0002192061850515829,0.500000290468927,1.1323937548016558
948,26.31648,-0.0001064700961382812,-0.00011131287617530128,0.0002176510954076751,0.50000028645658,1.135688078361496
949,26.34424,0.00010584425593231219,0.00011055572594702564,-0.0002159543288586477,0.500000282316645,1.1381316442208418
950,26.372,-0.0001050652833519141,-0.00010979842715476052,0.0002144083133868964,0.500000278250713,1.141428318301329
951,26.39976,0.00010427855489539284,0.0001088892952955753,-0.000213016763536569,0.5000002743412837,1.1438849560103121
952,26.42752,-0.00010356770493969869,-0.00010811624334737324,0.00021150531252072424,0.5000002705103914,1.1471840104797857
953,26.45528,0.00010273790893997066,0.00010744130405473167,-0.0002098611948796615,0.500000266576725,1.1496536179637342
954,26.48304,-0.00010198735624610821,-0.00010664424315881549,0.00020835899253384693,0.5000002626531119,1.152955081439589
955,26.5108,0.00010138139359861392,0.00010591715041776843,-0.00020700220470914207,0.5000002590660515,1.1554375569505981
956,26.53856,-0.00010063635850684872,-0.00010519020442351951,0.0002055331763084445,0.5000002555628628,1.1587414568099044
957,26.56632,9.988451490361427e-05,0.0001043253568686853,-0.0002039399323676372,0.5000002517735544,1.1612366989189922
958,26.59408,-9.920198372173249e-05,-0.00010358461305163012,0.00020248029602702069,0.5000002480393301,1.1645430613090686
959,26.62184,9.841146393935792e-05,0.00010293340141105752,-0.0002011575631932511,0.5000002446242265,1.1670509688984978
960,26.6496,-9.769331415606763e-05,-0.0001021713396588686,0.0001997297747408966,0.5000002412356384,1.1703598187474338
961,26.67736,9.710697460848196e-05,0.00010147319673149143,-0.00019818569693739725,0.5000002377549158,1.1728802910031948
962,26.70512,-9.639434659626495e-05,-0.00010077545666608991,0.00019676741529395302,0.500000234335185,1.1761916520303264
963,26.73288,9.567576266142352e-05,9.99524843550638e-05,-0.00019547803376105497,0.5000002310390721,1.1787245884347815
964,26.76064,-9.502050322455607e-05,-9.924270362198572e-05,0.0001940903350557045,0.5000002278072508,1.1820384831611193
965,26.7884,9.426721814764453e-05,9.861463606967871e-05,-0.0001925937805004631,0.5000002245019232,1.184583783485806
966,26.81616,-9.358003575158429e-05,-9.788596444118558e-05,0.00019121567701266889,0.5000002212087276,1.1879002332444184
967,26.84392,9.301302325380745e-05,9.721569638063557e-05,-0.00018995894734492308,0.5000002181756744,1.1904577975430128
968,26.87168,-9.233134539196932e-05,-9.654605224615946e-05,0.00018861021979136398,0.5000002152107182,1.1937768224893655
969,26.89944,9.164447823092892e-05,9.576269653805626e-05,-0.00018715960744612105,0.5000002120326766,1.1963465510908027
970,26.9272,-9.101547453515991e-05,-9.508258942684576e-05,0.00018582053932411855,0.5000002089007277,1.199668170213052
971,26.95496,9.029750320413292e-05,9.44770699816134e-05,-0.00018459576716387,0.500000206015458,1.2022499637148012
972,26.98272,-8.963991944838078e-05,-9.378025964396075e-05,0.00018328492293417955,0.5000002031544591,1.2055741948440504
973,27.01048,8.909190279519756e-05,9.313682408840087e-05,-0.0001818787309285947,0.5000002002275145,1.208167954105547
974,27.03824,-8.843978773339143e-05,-9.249420220709548e-05,0.00018057758815003715,0.5000001973509234,1.211494813926057
975,27.066,8.778317205024311e-05,9.174834416252623e-05,-0.0001793840849605792,0.5000001945722157,1.2141004400622868
976,27.09376,-8.717943897830531e-05,-9.109667453098361e-05,0.000178110066176269,0.5000001918462473,1.2174299441216465
977,27.12152,8.64949728296142e-05,9.051309861500552e-05,-0.00017674682925680738,0.5000001890682916,1.220047338496884
978,27.14928,-8.586568236703133e-05,-8.984669641637355e-05,0.00017548253361234238,0.5000001863033404,1.223379501216145
979,27.17704,8.533630094542704e-05,8.922908334224749e-05,-0.00017431961734715472,0.5000001837397651,1.226008565437842
980,27.2048,-8.471242724738368e-05,-8.861244574150025e-05,0.00017308139528036888,0.5000001812316102,1.2293434001216128
981,27.23256,8.408467095816219e-05,8.790209624632196e-05,-0.00017175970238509275,0.5000001785651946,1.2319840360344352
982,27.26032,-8.350525404257479e-05,-8.727767909758413e-05,0.00017053120655264058,0.500000175937372,1.2353215548809384
983,27.28808,8.285258936957986e-05,8.671543690248626e-05,-0.00016939820225489205,0.5000001735005093,1.2379736645609556
984,27.31584,-8.225034706855828e-05,-8.607806115829009e-05,0.00016819477654971205,0.5000001710855626,1.2413138786720501
985,27.3436,8.173921598173899e-05,8.548529254382377e-05,-0.00016691326850159057,0.5000001686239345,1.2439773644210683
986,27.37136,-8.11423246806253e-05,-8.489363628585154e-05,0.00016571955514770758,0.5000001662039434,1.2473202838122328
987,27.39912,8.054210481134305e-05,8.421692694688792e-05,-0.00016461579548592448,0.5000001638616544,1.2499950481522786
988,27.42688,-7.998607991369577e-05,-8.361862634033177e-05,0.00016344619339915133,0.5000001615627134,1.2533406817625643
989,27.45464,7.936361089409698e-05,8.307710578389972e-05,-0.00016220356071055427,0.500000159227528,1.256026627430508
990,27.4824,-7.878722883412659e-05,-8.246744233303405e-05,0.00016104364161965734,0.5000001569054147,1.259374983132456
991,27.51016,7.829394346171234e-05,8.189857174487526e-05,-0.00015996846736400052,0.5000001547394314,1.262072013074785
992,27.53792,-7.772283482039135e-05,-8.133092821182932e-05,0.00015883174302424278,0.5000001526186556,1.2654230976843088
993,27.56568,7.714889366722266e-05,8.068610296116303e-05,-0.00015762672380895042,0.5000001503807093,1.2681311150520373
994,27.59344,-7.661536658351186e-05,-8.011283000733368e-05,0.00015649963903736276,0.5000001481750944,1.2714849343382784
995,27.621199999999998,7.602157882831434e-05,7.95914193213117e-05,-0.0001554523994803262,0.5000001461175374,1.274203842482005
996,27.64896,-7.54699234653072e-05,-7.900821783202172e-05,0.00015434763316612147,0.5000001440795596,1.277560401177151
997,27.67672,7.499406351568156e-05,7.84623299457647e-05,-0.00015317901115036533,0.5000001420090016,1.28029010364225
998,27.70448,-7.444759397765614e-05,-7.791776408780075e-05,0.0001520838282070715,0.5000001399729244,1.2836494054513274
999,27.73224,7.389873551161275e-05,7.73031714356132e-05,-0.00015106388153346745,0.5000001379986871,1.2863898059732863
1000,27.76,-7.33868415164448e-05,-7.675388237072689e-05,0.00014999017896882115,0.5000001360601458,1.289751853583919
1001,27.78776,7.28203060971124e-05,7.625197235785431e-05,-0.00014885678159843961,0.5000001340968094,1.2925028560838059
1002,27.81552,-7.229229558439804e-05,-7.569404286711379e-05,0.00014779259464889956,0.5000001321460937,1.2958676511759486
1003,27.84328,7.183342868810638e-05,7.517025293191582e-05,-0.00014679930825795974,0.5000001303166325,1.2986291597560216
1004,27.87104,-7.131050800688689e-05,-7.464786248647768e-05,0.0001457557999268351,0.5000001285241291,1.3019967030116606
1005,27.8988,7.07855945039082e-05,7.406194836983092e-05,-0.00014465649656407808,0.5000001266451961,1.30476862195111
1006,27.92656,-7.029449784187939e-05,-7.353564270674546e-05,0.0001436224256581257,0.5000001247933628,1.3081389130639405
1007,27.95432,6.975386575810246e-05,7.305262870004326e-05,-0.00014265517644321824,0.5000001230565158,1.3109211468147686
1008,27.98208,-6.924846741655933e-05,-7.251883836795203e-05,0.0001416410169200034,0.5000001213370114,1.3142941844998421
1009,28.00984,6.880615230609454e-05,7.20162916254397e-05,-0.00014057471712566985,0.5000001195951881,1.317086637682869
1010,28.0376,-6.83057408404236e-05,-7.151520631275755e-05,0.00013956990744914526,0.5000001178819589,1.320462419686214
1011,28.06536,6.78036897227563e-05,7.095650749088848e-05,-0.00013862808203569062,0.5000001162180742,1.3232649970872217
1012,28.09312,-6.733258305587384e-05,-7.045222624573338e-05,0.00013764244933359767,0.5000001145836356,1.3266435201954416
1013,28.12088,6.681658010870598e-05,6.998750980056395e-05,-0.000136608101230547,0.5000001129326692,1.3294561267614449
1014,28.14864,-6.633280803411774e-05,-6.947677986512968e-05,0.00013563172237754747,0.5000001112935568,1.3328373868112844
1015,28.1764,6.590659735013029e-05,6.899465092961217e-05,-0.00013471471732364018,0.500000109748783,1.335659927646932
1016,28.20416,-6.54277035139286e-05,-6.851403163236849e-05,0.00013375681225959385,0.5000001082342869,1.339043919534825
1017,28.23192,6.494748438612419e-05,6.798116958334087e-05,-0.00013275340097157348,0.500000106656312,1.3418762998989282
1018,28.25968,-6.449558820496835e-05,-6.749799357173013e-05,0.00013180464623971426,0.500000105101062,1.345263017590518
1019,28.28744,6.400301024157929e-05,6.705098391875997e-05,-0.00013091186820367697,0.5000001036352734,1.3481051428927062
1020,28.3152,-6.35399230422636e-05,-6.656228683665777e-05,0.00012998091377923996,0.5000001021847392,1.3514945794323412
1021,28.34296,6.312936580489069e-05,6.609977904352197e-05,-0.0001290074599439072,0.5000001007193,1.3543463552298431
1022,28.37072,-6.267104366246313e-05,-6.563881697465311e-05,0.00012808554564966367,0.5000000992776044,1.3577385027500524
1023,28.39848,6.221167552911133e-05,6.513049225339928e-05,-0.0001272164115246075,0.5000000978753856,1.3605998347445984
1024,28.42624,-6.177823753456795e-05,-6.466754045554968e-05,0.00012631165232303507,0.5000000964974977,1.3639946844755424
1025,28.454,6.130794603753755e-05,6.423765574025423e-05,-0.00012536721067270523,0.5000000951089992,1.366865478510396
1026,28.48176,-6.086464469282943e-05,-6.377001250063019e-05,0.0001244713754871927,0.5000000937314154,1.370263020789294
1027,28.50952,6.0469288470124923e-05,6.332635723090143e-05,-0.00012362531250690028,0.5000000924273686,1.3731431828463971
1028,28.53728,-6.003063546678797e-05,-6.288427309353759e-05,0.00012274601410585247,0.5000000911481771,1.3765434071269338
1029,28.56504,5.959118411941189e-05,6.239926011267907e-05,-0.00012182967211380594,0.5000000898226016,1.3794328433241803
1030,28.5928,-5.917547858113838e-05,-6.195568810478082e-05,0.00012095917641808482,0.5000000885160905,1.3828357381858898
1031,28.62056,5.872639657161205e-05,6.154235643477228e-05,-0.00012013562223534788,0.5000000872793134,1.385734354774513
1032,28.64832,-5.830202240455551e-05,-6.109483403426985e-05,0.00011928107063455762,0.5000000860558768,1.389139907932141
1033,28.67608,5.7921415208655025e-05,6.066929001990323e-05,-0.00011839194722314261,0.5000000848228456,1.3920476112942197
1034,28.70384,-5.750157002690725e-05,-6.024533316521987e-05,0.00011754607248270022,0.5000000836095538,1.39545580960707
1035,28.7316,5.708114558855559e-05,5.978247536338596e-05,-0.00011674447522478795,0.5000000824279275,1.398372506253152
1036,28.75936,-5.6682472684872096e-05,-5.9357473811937975e-05,0.00011591397628875213,0.5000000812664368,1.4017833357344038
1037,28.78712,5.625358091951551e-05,5.8960134133032465e-05,-0.00011505122059702245,0.5000000800985244,1.4047089323012476
1038,28.81488,-5.5847313676578204e-05,-5.853184320070426e-05,0.00011422926875381397,0.5000000789405119,1.4081223781272598
1039,28.84264,5.5481005616564315e-05,5.8123695815932445e-05,-0.00011344908705292119,0.500000077839937,1.4110567813756834
1040,28.8704,-5.50791461524429e-05,-5.771714340013789e-05,0.00011264196596845275,0.5000000767598055,1.4144728278952747
1041,28.89816,5.467690076671472e-05,5.727534877055072e-05,-0.00011180475617379834,0.5000000756459885,1.4174159447081236
1042,28.92592,-5.429458591249252e-05,-5.6868141987076554e-05,0.00011100604905789937,0.5000000745481707,1.4208345754518343
1043,28.95368,5.388491934595458e-05,5.648624480690997e-05,-0.00011024675206320704,0.500000073504819,1.423786312832058
1044,28.98144,-5.349597537762094e-05,-5.6076337368871076e-05,0.0001094623528103467,0.500000072473077,1.4272075105213937
1045,29.0092,5.3143520093092334e-05,5.568489791115147e-05,-0.00010864989500510808,0.5000000714355033,1.4301677755902347
1046,29.03696,-5.275886154184728e-05,-5.52950540578381e-05,0.00010787377376171081,0.5000000704143583,1.4335915221468871
1047,29.06472,5.2373987201037586e-05,5.487329100252137e-05,-0.00010713484113071869,0.5000000694186798,1.4365602221421792
1048,29.09248,-5.2007380364613326e-05,-5.448313555779179e-05,0.0001063725259686069,0.500000068439689,1.4399864986972326
1049,29.12024,5.1616024860951644e-05,5.411614353459057e-05,-0.00010558405308492374,0.5000000674572004,1.4429635409718
1050,29.148,-5.124365539706276e-05,-5.3723810908512526e-05,0.00010482987761946427,0.5000000664835874,1.4463923278749145
1051,29.17576,5.0904611293521125e-05,5.334841587533505e-05,-0.00010411079949328003,0.5000000655549324,1.4493776198950892
1052,29.20352,-5.053640434062315e-05,-5.297461084143294e-05,0.0001033699484585316,0.5000000646431222,1.4528088967236688
1053,29.23128,5.016813083946747e-05,5.257190432924306e-05,-0.00010260471924263524,0.5000000637070299,1.4558023460679028
1054,29.25904,-4.9816605856288185e-05,-5.219808772262904e-05,0.00010187186768146124,0.5000000627843695,1.4592360916362435
1055,29.2868,4.9442695128630864e-05,5.184547613193044e-05,-0.00010117214464343899,0.5000000619043391,1.4622376059938331
1056,29.31456,-4.9086184641882415e-05,-5.146994694338325e-05,0.00010045215506294203,0.5000000610343712,1.465673798362252
1057,29.34232,4.876011595159605e-05,5.110995730581213e-05,-9.970945309289882e-05,0.500000060161201,1.468683285532157
1058,29.37008,-4.840764506073088e-05,-5.075154665815315e-05,9.899732126005664e-05,0.5000000593017184,1.472121902016104
1059,29.39784,4.8055238069721895e-05,5.036697466053423e-05,-9.831646428144243e-05,0.5000000584627697,1.4751392699058754
1060,29.4256,-4.771819195195045e-05,-5.000881404372253e-05,9.761675029650211e-05,0.5000000576376701,1.4785802870850275
1061,29.45336,4.7360904711669086e-05,4.96700711393945e-05,-9.689588304491487e-05,0.5000000568110761,1.4816054437098318
1062,29.48112,-4.701956936619453e-05,-4.9310609451902465e-05,9.620388395425224e-05,0.5000000559923659,1.4850488374371695
1063,29.50888,4.670604705056079e-05,4.89654099290473e-05,-9.554141432544006e-05,0.5000000552089235,1.4880816909189116
1064,29.53664,-4.636862884275112e-05,-4.86217737305969e-05,9.486140642990016e-05,0.5000000544393849,1.4915274363297737
1065,29.5644,4.603138809161633e-05,4.825446391335456e-05,-9.416170436574648e-05,0.5000000536525021,1.4945678948963188
1066,29.59216,-4.570824034004715e-05,-4.791130486622016e-05,9.348926772742131e-05,0.5000000528768991,1.4980159664174455
1067,29.61992,4.536679764158105e-05,4.758593214544369e-05,-9.284471697820114e-05,0.500000052134736,1.5010639384019373
1068,29.64768,-4.50399838191043e-05,-4.72418356957105e-05,9.218386156823103e-05,0.5000000514012639,1.5045143097604896
1069,29.67544,4.4738586330180294e-05,4.6910834033025785e-05,-9.150467729850437e-05,0.5000000506663936,1.5075697036007643
1070,29.7032,-4.4415568049359606e-05,-4.658137604097666e-05,9.085124904049343e-05,0.500000049942938,1.5110223478333302
1071,29.73096,4.4092825614183706e-05,4.623050269203204e-05,-9.02241588500194e-05,0.5000000492360815,1.5140850720714218
1072,29.75872,-4.3783017533219536e-05,-4.590171804741641e-05,8.958191778591402e-05,0.5000000485407328,1.517539961533002
1073,29.78648,4.3456680297663036e-05,4.558923043316816e-05,-8.892262523422288e-05,0.5000000478452281,1.5206099248147407
1074,29.81424,-4.314376319923378e-05,-4.525982896602665e-05,8.828766703754102e-05,0.5000000471566739,1.5240670311877167
1075,29.842,4.2854077115586825e-05,4.494245521925091e-05,-8.767758913398698e-05,0.5000000464958498,1.5271441422624215
1076,29.86976,-4.254483517494102e-05,-4.462660209684897e-05,8.705343931399036e-05,0.5000000458465205,1.530603436565507
1077,29.89752,4.223595386276813e-05,4.4291383270887616e-05,-8.641343293341725e-05,0.500000045184944,1.5336876042857648
1078,29.92528,-4.193894787937088e-05,-4.3976371988376456e-05,8.579642178026188e-05,0.5000000445328427,1.5371490568829378
1079,29.95304,4.162701458490122e-05,4.367629793694671e-05,-8.520291783331845e-05,0.5000000439070329,1.5402401902044733
1080,29.9808,-4.1327396902078484e-05,-4.3360951632709366e-05,8.459635077820032e-05,0.500000043288707,1.543703770813894
1081,30.00856,4.104901745229532e-05,4.3056657459259e-05,-8.397504479908372e-05,0.5000000426701904,1.5468017787955248
1082,30.03632,-4.075295605571071e-05,-4.2753858002776034e-05,8.337547253528756e-05,0.5000000420612013,1.5502674564984293
1083,30.06408,4.0457327879439564e-05,4.2433552866125194e-05,-8.279811403924249e-05,0.5000000414656643,1.5533722483021108
1084,30.09184,-4.0172606871389256e-05,-4.213173895044027e-05,8.220863548879635e-05,0.5000000408797006,1.5568399915516913
1085,30.1196,3.9874411396482674e-05,4.184362049622569e-05,-8.160546319640606e-05,0.5000000402944434,1.559951476442643
1086,30.14736,-3.9587522048829274e-05,-4.15417184844169e-05,8.102283610553292e-05,0.5000000397152757,1.5634212530729095
1087,30.17512,3.932005353567894e-05,4.124997644375515e-05,-8.046120425764799e-05,0.500000039157964,1.5665393404198253
1088,30.20288,-3.903660337202228e-05,-4.095970082448666e-05,7.988833377761101e-05,0.5000000386101696,1.5700111176544478
1089,30.23064,3.875364810879134e-05,4.0653607185675564e-05,-7.930274682192428e-05,0.500000038053854,1.5731357169297902
1090,30.258399999999998,-3.84807147404984e-05,-4.036443865070056e-05,7.87365852126203e-05,0.5000000375054996,1.5766094613909212
1091,30.28616,3.8195624350154824e-05,4.008783139232126e-05,-7.819027078400622e-05,0.5000000369778655,1.5797404821712955
1092,30.31392,-3.7920917285723605e-05,-3.9798790346989854e-05,7.763354138317475e-05,0.5000000364566594,1.58321615988838
1093,30.34168,3.766397342108514e-05,3.951909321278204e-05,-7.706500911625942e-05,0.5000000359360426,1.5863535118549859
1094,30.36944,-3.7392590424081605e-05,-3.92408322366599e-05,7.651484692058941e-05,0.5000000354233846,1.5898310882735434
1095,30.3972,3.7121754255686756e-05,3.894828424540046e-05,-7.598345012259518e-05,0.5000000349216549,1.59297468121271
1096,30.42496,-3.686013032396021e-05,-3.8671232119389454e-05,7.544240788140538e-05,0.5000000344278979,1.5964541212031063
1097,30.45272,3.658754378624051e-05,3.8405705157564816e-05,-7.489041672225747e-05,0.5000000339353721,1.5996038650069015
1098,30.48048,-3.63244968404832e-05,-3.812896796873133e-05,7.435580110670046e-05,0.5000000334481542,1.603085132873096
1099,30.50824,3.607770100259802e-05,3.786082805208721e-05,-7.383893145293791e-05,0.5000000329782051,1.606240937540009
1100,30.536,-3.5817865174642865e-05,-3.7594092435905155e-05,7.331313516061456e-05,0.5000000325161471,1.6097239970282866
1101,30.56376,3.555861939902316e-05,3.731445844122909e-05,-7.277718798691683e-05,0.500000032048275,1.6128857726639905
1102,30.59152,-3.530784519227647e-05,-3.704901581293583e-05,7.225767897403414e-05,0.5000000315870937,1.61637058697167
1103,30.61928,3.5047191017845427e-05,3.6794151646026744e-05,-7.175495513815225e-05,0.5000000311422823,1.6195382437898516
1104,30.64704,-3.4795304828110244e-05,-3.652918616209311e-05,7.124397594113316e-05,0.5000000307029795,1.6230247755739775
1105,30.6748,3.4558290248552925e-05,3.627213464859613e-05,-7.072359150535058e-05,0.5000000302647427,1.6261982238972457
1106,30.70256,-3.430950454485136e-05,-3.6016454313495626e-05,7.021876160619603e-05,0.5000000298331593,1.6296864352832607
1107,30.73032,3.40613443604032e-05,3.574913486641611e-05,-6.972981127668439e-05,0.5000000294104749,1.6328655855441174
1108,30.75808,-3.382097802711519e-05,-3.5494815970524305e-05,6.923323233525145e-05,0.5000000289944369,1.6363554381345111
1109,30.78584,3.357171282092115e-05,3.525021035213592e-05,-6.87279447039231e-05,0.5000000285799191,1.639540200876402
1110,30.8136,-3.3330509794874413e-05,-3.499650818955535e-05,6.823737856210045e-05,0.5000000281700079,1.643031655759342
1111,30.84136,3.310291968444848e-05,3.475009448920684e-05,-6.776183829373681e-05,0.5000000277737754,1.6462219416377637
1112,30.86912,-3.286470895181142e-05,-3.4505017873741864e-05,6.72792544488344e-05,0.5000000273840945,1.6497149593957083
1113,30.89688,3.262715230439861e-05,3.424944386361946e-05,-6.678861246580532e-05,0.5000000269905521,1.6529106791793913
1114,30.92464,-3.239676923765951e-05,-3.400578320388565e-05,6.631190651058269e-05,0.5000000266026339,1.6564052198976766
1115,30.9524,3.215837615575007e-05,3.377104496919695e-05,-6.584942157464309e-05,0.5000000262276811,1.6596062844698314
1116,30.98016,-3.192739948849729e-05,-3.352812038492914e-05,6.538043902347571e-05,0.50000002585744,1.6631023077452394
1117,31.00792,3.170888710983031e-05,3.329191149724634e-05,-6.490400579353122e-05,0.5000000254885295,1.666308628104863
1118,31.03568,-3.148079707992252e-05,-3.305700488693017e-05,6.444076790358843e-05,0.5000000251251847,1.6698060930541683
1119,31.06344,3.125338357362617e-05,3.281263580256506e-05,-6.399099213505991e-05,0.5000000247691033,1.6730175803174185
1120,31.0912,-3.1032575807651916e-05,-3.2579187310342266e-05,6.353522811528027e-05,0.5000000244185675,1.676516445585915
1121,31.11896,3.080456311132793e-05,3.2353938174942064e-05,-6.307258050874414e-05,0.5000000240696791,1.6797330109875457
1122,31.14672,-3.058337584982409e-05,-3.212132699836889e-05,6.262242968585454e-05,0.5000000237247739,1.6832332347575467
1123,31.17448,3.0373604541916546e-05,3.189490689223324e-05,-6.218502533012073e-05,0.5000000233907319,1.6864547896524018
1124,31.20224,-3.0155200873884937e-05,-3.1669753769118694e-05,6.174210781341646e-05,0.5000000230621362,1.6899563296517242
1125,31.23,2.9937490737486083e-05,3.143607607480442e-05,-6.129283599076268e-05,0.5000000227310742,1.6931827855162893
1126,31.25776,-2.972586635882127e-05,-3.121241230242694e-05,6.0855402042158055e-05,0.5000000224047408,1.696685599026708
1127,31.285519999999998,2.950776605803716e-05,3.0996286640321484e-05,-6.043003960058787e-05,0.5000000220887033,1.699916867460726
1128,31.31328,-2.9295950211073653e-05,-3.077354525971021e-05,5.999960699353137e-05,0.5000000217766885,1.7034209113264125
1129,31.34104,2.9094593372715302e-05,3.055651426921192e-05,-5.956331394771295e-05,0.5000000214661233,1.706656904054549
1130,31.3688,-2.8885460742794732e-05,-3.034071467973013e-05,5.913823717837976e-05,0.5000000211602169,1.7101621346904796
1131,31.39656,2.8677033851953748e-05,3.0117240296481647e-05,-5.8724595252543385e-05,0.500000020860252,1.7134027635640472
1132,31.42432,-2.847421642633584e-05,-2.990295164358548e-05,5.8306296106286545e-05,0.500000020564918,1.7169091369643925
1133,31.45208,2.8265583007797354e-05,2.969559624337534e-05,-5.7882597224241435e-05,0.5000000202712502,1.7201543139631308
1134,31.47984,-2.806273869771123e-05,-2.9482300645478077e-05,5.7469528137734184e-05,0.5000000199810157,1.7236617857096195
1135,31.5076,2.7869479735627485e-05,2.9274274880227895e-05,-5.706729327415375e-05,0.5000000196994313,1.7269114229435227
1136,31.53536,-2.766922097175994e-05,-2.906744482152685e-05,5.666078600199408e-05,0.5000000194223791,1.7304199482137819
1137,31.56312,2.7469675920654968e-05,2.8853709708162925e-05,-5.6249308641828976e-05,0.5000000191438472,1.7336739579249847
1138,31.59088,-2.7275303932894354e-05,-2.864840368044312e-05,5.584790764946444e-05,0.5000000188692914,1.7371834915008526
1139,31.61864,2.707571316614241e-05,2.8449477487365143e-05,-5.545677418382987e-05,0.500000018602933,1.7404417860655577
1140,31.6464,-2.688145782074122e-05,-2.8245222345790744e-05,5.506172678645041e-05,0.500000018340004,1.7439522823413747
1141,31.67416,2.669599006473058e-05,2.804583311934785e-05,-5.466210987227656e-05,0.5000000180785459,1.747214774271839
1142,31.70192,-2.6504225323996958e-05,-2.784760394345874e-05,5.427204701140715e-05,0.5000000178209895,1.7507261872627107
1143,31.72968,2.6313178546844007e-05,2.76431667666369e-05,-5.389171691309781e-05,0.5000000175683033,1.7539927892092728
1144,31.75744,-2.6126904858019276e-05,-2.7446467264585366e-05,5.35078067116146e-05,0.5000000173194875,1.75750507255931
1145,31.7852,2.5935952672917606e-05,2.7255641110199555e-05,-5.31197003429901e-05,0.5000000170722867,1.7607756973124657
1146,31.81296,-2.5749920255456816e-05,-2.706003892055664e-05,5.274065500205822e-05,0.5000000168280371,1.7642888043029932
1147,31.84072,2.5571946849003025e-05,2.6868932192323656e-05,-5.2370837719336345e-05,0.5000000165906936,1.76756336479552
1148,31.86848,-2.538831283347825e-05,-2.667895002974665e-05,5.199775109456494e-05,0.5000000163571259,1.771077248353261
1149,31.89624,2.5205397769179072e-05,2.648339092118144e-05,-5.1620816171080695e-05,0.5000000161227652,1.774355657662382
1150,31.924,-2.5026889087418106e-05,-2.6294937558000395e-05,5.125247682437543e-05,0.5000000158917488,1.7778702703676188
1151,31.95176,2.4844190519830345e-05,2.6111893878918937e-05,-5.08928891300885e-05,0.5000000156672761,1.7811524417172078
1152,31.97952,-2.46660307948286e-05,-2.5924574136859668e-05,5.053032127065887e-05,0.5000000154457234,1.7846677358119118
1153,32.00728,2.4495264561398967e-05,2.5741409971718737e-05,-5.0164229131289296e-05,0.5000000152255991,1.7879535825747492
1154,32.03504,-2.4319413772839446e-05,-2.5559335173131522e-05,4.9806293079666714e-05,0.5000000150087444,1.7914695099706803
1155,32.0628,2.414428007396774e-05,2.537225456277146e-05,-4.945665891776875e-05,0.5000000147958898,1.7947589456707376
1156,32.090559999999996,-2.3973216441779903e-05,-2.519170201081181e-05,4.910431357372112e-05,0.5000000145862723,1.798275457957519
1157,32.11832,2.3798404642172062e-05,2.5016134559794953e-05,-4.874874564875554e-05,0.5000000143781757,1.8015683962722966
1158,32.14608,-2.3627782476013992e-05,-2.4836742980371973e-05,4.8400918768857826e-05,0.5000000141726098,1.8050854447254594
1159,32.17384,2.3463945765462093e-05,2.4661195024392946e-05,-4.8060969102033814e-05,0.5000000139725723,1.8083817994883458
1160,32.2016,-2.3295545795865558e-05,-2.448670161947144e-05,4.771855834618919e-05,0.5000000137756835,1.8118993350773474
1161,32.22936,2.312785857561117e-05,2.4307719143007628e-05,-4.737320582341461e-05,0.5000000135784713,1.8151990202800283
1162,32.25712,-2.2963932871674023e-05,-2.413473650707106e-05,4.703520232370541e-05,0.5000000133840721,1.8187169936762324
1163,32.28488,2.2796658171852014e-05,2.3966350058775343e-05,-4.6704674982803285e-05,0.5000000131949106,1.8220199234711316
1164,32.31264,-2.2633252865567764e-05,-2.379454783568713e-05,4.637191897814903e-05,0.5000000130082324,1.8255382850557684
1165,32.3404,2.247607738514308e-05,2.3626302807300644e-05,-4.603648248014883e-05,0.5000000128229013,1.828844373758519
1166,32.36816,-2.2314810239787403e-05,-2.3459077982267948e-05,4.570802466385976e-05,0.5000000126403111,1.8323630736306096
1167,32.39592,2.2154249359473965e-05,2.3287831455140397e-05,-4.538666419781352e-05,0.500000012461013,1.8356722357225652
1168,32.42368,-2.1997166815998165e-05,-2.3122101671695355e-05,4.506329097103067e-05,0.5000000122844237,1.8391912237068138
1169,32.45144,2.1837095850080386e-05,2.2960611724349134e-05,-4.4737480245536964e-05,0.5000000121092374,1.8425033738375856
1170,32.4792,-2.1680600503068162e-05,-2.2796074823971946e-05,4.441829828045449e-05,0.500000011936217,1.8460225994922428
1171,32.50696,2.152982713382632e-05,2.2634832020682583e-05,-4.4105855808358396e-05,0.5000000117676341,1.8493376524822727
1172,32.53472,-2.137538858867224e-05,-2.247457561228692e-05,4.379160103094864e-05,0.500000011601679,1.8528570651069656
1173,32.56248,2.1221647977853753e-05,2.2310720067492132e-05,-4.347513465204345e-05,0.5000000114357133,1.856174935950123
1174,32.59024,-2.1071125713105936e-05,-2.2151939328344808e-05,4.316496634717747e-05,0.5000000112721138,1.8596944845936536
1175,32.618,2.091794059002938e-05,2.199707180352838e-05,-4.2861199411819965e-05,0.500000011112718,1.8630150884598682
1176,32.64576,-2.0768061493084135e-05,-2.1839490294994768e-05,4.255580618534898e-05,0.5000000109554317,1.8665347219279782
1177,32.67352,2.062344009547761e-05,2.1684961117011015e-05,-4.22484112656043e-05,0.5000000107993894,1.8698579741658938
1178,32.70128,-2.0475539082770532e-05,-2.1531385124219663e-05,4.1947001853892375e-05,0.5000000106456461,1.8733776410289964
1179,32.72904,2.0328326095719884e-05,2.137459190689097e-05,-4.165167427726089e-05,0.5000000104946168,1.8767034571686527
1180,32.7568,-2.018409266113611e-05,-2.122246910745376e-05,4.1354892926061715e-05,0.5000000103458558,1.8802231057695302
1181,32.78456,2.0037490184006014e-05,2.107396004897805e-05,-4.105630483956035e-05,0.500000010198369,1.8835514015250714
1182,32.81232,-1.989394623988808e-05,-2.0923037466702432e-05,4.076340676687243e-05,0.5000000100527325,1.8870709799865388
1183,32.84008,1.9755235450338222e-05,2.0774944954673776e-05,-4.0476288507290185e-05,0.5000000099106674,1.8904016712589429
1184,32.86784,-1.9613593474065864e-05,-2.0627773067134604e-05,4.0187876376196215e-05,0.5000000097707972,1.8939211274914778
1185,32.8956,1.947262827628471e-05,2.0477728985829452e-05,-3.9897838491115395e-05,0.5000000096311167,1.8972541303713146
1186,32.92336,-1.9334423218744953e-05,-2.033198519523494e-05,3.961321121154738e-05,0.5000000094934269,1.9007734120806499
1187,32.95112,1.9194114149324802e-05,2.0189580467783316e-05,-3.9334078222197626e-05,0.5000000093591199,1.9041086428508502
1188,32.97888,-1.905663632030191e-05,-2.004503320440776e-05,3.905379948037152e-05,0.5000000092266034,1.9076276975455313
1189,33.00664,1.8923603339767925e-05,1.990311159360575e-05,-3.877206290110402e-05,0.5000000090952177,1.91096507268419
1190,33.0344,-1.8787953918346198e-05,-1.9762078736252217e-05,3.849547267771625e-05,0.5000000089657608,1.9144838476830974
1191,33.06216,1.865296890340984e-05,1.961848526232884e-05,-3.822410676862559e-05,0.5000000088385453,1.9178232838662814
1192,33.08992,-1.852054234166918e-05,-1.947885321646058e-05,3.795173221805151e-05,0.5000000087132301,1.9213417263061185
1193,33.11768,1.8386250705780243e-05,1.934230820634701e-05,-3.7678055537298116e-05,0.5000000085890587,1.9246831404107065
1194,33.14544,-1.825458148660806e-05,-1.9203864935146697e-05,3.740927524895463e-05,0.5000000084664652,1.928201197253444
1195,33.1732,1.8127001865350154e-05,1.9067859223421212e-05,-3.714546394977385e-05,0.5000000083467535,1.9315445063599734
1196,33.20096,-1.7997090000338895e-05,-1.8932711116871393e-05,3.688077083953335e-05,0.5000000082288767,1.935062124400261
1197,33.22872,1.786782923646202e-05,1.8795283632080278e-05,-3.661491989837218e-05,0.5000000081113105,1.9384072457957962
1198,33.25648,-1.774094145210833e-05,-1.8661507246421823e-05,3.635372885150507e-05,0.5000000079954193,1.9419243716683365
1199,33.28424,1.7612403883326343e-05,1.853058656580485e-05,-3.60972652769089e-05,0.5000000078822573,1.9452712228493514
1200,33.312,-1.7486296796550913e-05,-1.8397987691098905e-05,3.5840037122861414e-05,0.5000000077706138,1.948787803036232
1201,33.33976,1.7363954213330312e-05,1.8267653222599926e-05,-3.5581784779699325e-05,0.5000000076599858,1.952136301711504
1202,33.36752,-1.7239535882740697e-05,-1.8138145958891232e-05,3.5327968526487874e-05,0.5000000075509767,1.9556522825494957
1203,33.39528,1.7115754583740816e-05,1.8006613047593237e-05,-3.507865124339302e-05,0.5000000074438217,1.959002346643015
1204,33.42304,-1.699417562587548e-05,-1.7878446951953594e-05,3.482867765249268e-05,0.5000000073382594,1.9625176743308248
1205,33.4508,1.68711407471811e-05,1.7752924143239844e-05,-3.457780356009559e-05,0.5000000072337139,1.9658692219847151
1206,33.47856,-1.6750359863889448e-05,-1.7625921276409606e-05,3.433115372105316e-05,0.5000000071305124,1.969383842590204
1207,33.50632,1.6633045903349984e-05,1.7501023338903036e-05,-3.408878661906248e-05,0.5000000070296422,1.9727367921676524
1208,33.53408,-1.6513887578084278e-05,-1.7376922973998822e-05,3.384586311831966e-05,0.500000006930307,1.976250651635011
1209,33.56184,1.6395351602693786e-05,1.725102575479696e-05,-3.3602153508852075e-05,0.5000000068313478,1.9796049217232095
1210,33.5896,-1.6278860906695934e-05,-1.712823484535938e-05,3.3362467600201144e-05,0.5000000067337982,1.9831179658800908
1211,33.61736,1.6161088744163053e-05,1.7007892093205017e-05,-3.312685976250705e-05,0.5000000066384561,1.986473475293186
1212,33.64512,-1.6045408223728075e-05,-1.6886247554304123e-05,3.2890787633712725e-05,0.5000000065444009,1.9899856498578032
1213,33.67288,1.5932922152287974e-05,1.6766560991025083e-05,-3.265403511095044e-05,0.5000000064512489,1.9933423176398526
1214,33.70064,-1.5818800334894268e-05,-1.664764315043356e-05,3.242111637761087e-05,0.5000000063594562,1.9968535682280275
1215,33.7284,1.57052857070461e-05,1.6527134647578893e-05,-3.219208195618643e-05,0.5000000062691993,2.0002113136559627
1216,33.75616,-1.559367172573013e-05,-1.64094936593201e-05,3.1962668073631155e-05,0.5000000061802782,2.0037215857881363
1217,33.78392,1.5480933155407472e-05,1.6294121505011822e-05,-3.173267141257615e-05,0.5000000060922538,2.0070803283747334
1218,33.81168,-1.5370136807564416e-05,-1.6177607847223108e-05,3.150632866564932e-05,0.5000000060053729,2.0105895674829353
1219,33.83944,1.5262285349133937e-05,1.606291668188945e-05,-3.128368675699573e-05,0.5000000059203827,2.0139492269797885
1220,33.8672,-1.5152986133975871e-05,-1.594896618074669e-05,3.106074343135436e-05,0.5000000058366774,2.0174573784145586
1221,33.89496,1.5044278588727256e-05,1.583361072963317e-05,-3.083730738421396e-05,0.5000000057533757,2.0208178748150547
1222,33.92272,-1.4937338438097222e-05,-1.5720903825050317e-05,3.061735484334454e-05,0.5000000056712602,2.0243248838523273
1223,33.95048,1.482941466252942e-05,1.5610300885306113e-05,-3.0400929367826874e-05,0.5000000055909349,2.0276861373946304
1224,33.97824,-1.4723295528645822e-05,-1.549870044198487e-05,3.0184274193384426e-05,0.5000000055116995,2.0311919492425674
1225,34.006,1.4619892640324223e-05,1.5388797517995314e-05,-2.996720930366128e-05,0.5000000054332612,2.0345538804125964
1226,34.03376,-1.4515211294069746e-05,-1.5279607995817308e-05,2.9753466443104716e-05,0.5000000053559644,2.038058440218382
1227,34.06152,1.441110584310401e-05,1.5169180683698255e-05,-2.9543086025736368e-05,0.5000000052799417,2.041420969752797
1228,34.08928,-1.4308644959036433e-05,-1.5061201059771976e-05,2.9332541731738363e-05,0.5000000052050396,2.044924222609386
1229,34.11704,1.4205327010979775e-05,1.4955173753498394e-05,-2.9121664152524312e-05,0.5000000051309235,2.0482872714985647
1230,34.1448,-1.4103686963840703e-05,-1.4848278206136545e-05,2.8913955552912345e-05,0.5000000050577792,2.0517891624513864
1231,34.17256,1.4004553613263293e-05,1.4742964837943172e-05,-2.8709453406770976e-05,0.500000004986172,2.0551526519424113
1232,34.20032,-1.390429417339877e-05,-1.463833840688625e-05,2.850484771395865e-05,0.500000004915641,2.058653125996023
1233,34.22808,1.3804594692246042e-05,1.4532624543093168e-05,-2.829997903463826e-05,0.5000000048455159,2.062016977595655
1234,34.25584,-1.3706426500888118e-05,-1.4429174053748536e-05,2.8098134237550445e-05,0.5000000047763892,2.065515979720356
1235,34.2836,1.3607514774762434e-05,1.4327536332194353e-05,-2.7899348049612685e-05,0.5000000047087177,2.0688801151980134
1236,34.31136,-1.351016413643107e-05,-1.4225146298951774e-05,2.7700513529728085e-05,0.5000000046419688,2.0723775903364086
1237,34.33912,1.3415128081524837e-05,1.4124231936615878e-05,-2.7501480606867312e-05,0.5000000045759188,2.0757419317271384
1238,34.36688,-1.3319102973953052e-05,-1.40239788423876e-05,2.7305333974423705e-05,0.5000000045108278,2.0792378248006584
1239,34.39464,1.3223621807834096e-05,1.3922773458900908e-05,-2.7112105793543072e-05,0.5000000044467949,2.082602294408101
1240,34.4224,-1.312956740802746e-05,-1.3823662253555402e-05,2.6918879733307878e-05,0.5000000043837026,2.086096550323469
1241,34.45016,1.3034871214740613e-05,1.372623533742347e-05,-2.6725514527783345e-05,0.5000000043212958,2.0894610707228227
1242,34.47792,-1.2941628392179719e-05,-1.3628159980016985e-05,2.6534905106476273e-05,0.5000000042597137,2.0929536343784814
1243,34.50568,1.2850523962464429e-05,1.3531461885650583e-05,-2.6347081233443885e-05,0.5000000041993846,2.096318128419453
1244,34.53344,-1.275855363648905e-05,-1.3435400181517792e-05,2.6159305501962027e-05,0.5000000041399572,2.0998089447119357
1245,34.5612,1.2667111224662353e-05,1.333850756074938e-05,-2.597144492189495e-05,0.5000000040809217,2.1031733355216917
1246,34.58896,-1.2576999080836422e-05,-1.3243553737646553e-05,2.5786216308878903e-05,0.5000000040227266,2.1066623493519536
1247,34.61672,1.2486336226863082e-05,1.3150165860365562e-05,-2.560364718922184e-05,0.5000000039657172,2.110026560338057
1248,34.64448,-1.2397027361241467e-05,-1.3056222509855164e-05,2.5421168109032408e-05,0.5000000039094883,2.113513716617748
1249,34.67224,1.2309695242865328e-05,1.2963565446842872e-05,-2.5238653857708918e-05,0.500000003853869,2.1168776714710886
1250,34.7,-1.222160782138264e-05,-1.2871520679659659e-05,2.505865407248633e-05,0.5000000037990556,2.1203629151287835
1251,34.727759999999996,1.2134032339683465e-05,1.2778753906969717e-05,-2.488119419154209e-05,0.5000000037451222,2.1237265378264962
1252,34.75552,-1.204769798757393e-05,-1.2687783181382244e-05,2.470386241421495e-05,0.5000000036919784,2.127209813813877
1253,34.78328,1.1960894374804793e-05,1.259826933960528e-05,-2.4526540842513497e-05,0.5000000036394295,2.1305730286222513
1254,34.81104,-1.187535300925124e-05,-1.2508283138701337e-05,2.4351622202013918e-05,0.5000000035875805,2.134054281920231
1255,34.8388,1.179164003396104e-05,1.2419499070963594e-05,-2.417912998131427e-05,0.5000000035367548,2.1374170133976076
1256,34.86656,-1.1707270981414386e-05,-1.23313039798954e-05,2.4006800365149793e-05,0.5000000034866849,2.1408961890224156
1257,34.89432,1.162339800020451e-05,1.224248452123939e-05,-2.3834522330055736e-05,0.5000000034369834,2.1442583620220734
1258,34.92208,-1.154068376284046e-05,-1.2155329906846297e-05,2.366454132610539e-05,0.500000003387989,2.147735405031275
1259,34.94984,1.1457573010116534e-05,1.206953161573048e-05,-2.3496879022984013e-05,0.5000000033399633,2.1510969447042987
1260,34.9776,-1.1375639770869163e-05,-1.1983335177490062e-05,2.332941051526319e-05,0.5000000032925974,2.154571800202783
1261,35.00536,1.1295398706912618e-05,1.1898262982131704e-05,-2.3162031242059063e-05,0.5000000032457609,2.1579326320009247
1262,35.03312,-1.1214590510307866e-05,-1.1813757207455751e-05,2.2996848423402125e-05,0.5000000031996017,2.1614052451468186
1263,35.06088,1.1134262669854067e-05,1.1728714509260282e-05,-2.2833882033071008e-05,0.500000003154175,2.1647652948253353
1264,35.08864,-1.10550173842302e-05,-1.1645216013443353e-05,2.2671137554805423e-05,0.5000000031094115,2.1682356108358904
1265,35.1164,1.0975440467764426e-05,1.1562981069862455e-05,-2.2508516504027453e-05,0.5000000030651626,2.171594804456375
1266,35.14416,-1.0896962759058091e-05,-1.1480414152609253e-05,2.2347996361840968e-05,0.5000000030215068,2.1750627686137802
1267,35.17192,1.0820052109425707e-05,1.1398899341227149e-05,-2.218959552028749e-05,0.5000000029786887,2.178421032546972
1268,35.19968,-1.074265397443635e-05,-1.1317929145677468e-05,2.20314418545272e-05,0.5000000029365047,2.1818865902041273
1269,35.22744,1.06657206732641e-05,1.123650025551275e-05,-2.187344259322892e-05,0.5000000028946596,2.1852438511327037
1270,35.2552,-1.0589799427592373e-05,-1.1156504586705958e-05,2.1717453448629386e-05,0.50000000285341,2.188706947718939
1271,35.28296,1.0513604339425133e-05,1.1077686839103747e-05,-2.1563491339011557e-05,0.5000000028129531,2.1920631326402944
1272,35.31072,-1.0438436052191018e-05,-1.0998596034927921e-05,2.1409799022658447e-05,0.5000000027730539,2.1955237136670296
1273,35.33848,1.0364719853759601e-05,1.0920490487491892e-05,-2.1256289100248113e-05,0.5000000027336127,2.1988787498960316
1274,35.36624,-1.0290587413854473e-05,-1.0842908488492093e-05,2.1104702996784344e-05,0.5000000026947409,2.2023367609623934
1275,35.394,1.021690451258328e-05,1.0764937696237143e-05,-2.0955056257001514e-05,0.5000000026564796,2.20569057613412
1276,35.42176,-1.0144168393498386e-05,-1.0688297983848075e-05,2.080569947463213e-05,0.5000000026187753,2.2091459629324977
1277,35.44952,1.0071209817518198e-05,1.0612757108552441e-05,-2.0656550301944973e-05,0.5000000025815146,2.2124984850049563
1278,35.47728,-9.999211051145377e-06,-1.0536995546761574e-05,2.050924289935524e-05,0.5000000025447563,2.2159511933265037
1279,35.50504,9.928558680705343e-06,1.0462157253638644e-05,-2.036379153268643e-05,0.5000000025086854,2.219302350583333
1280,35.5328,-9.85755371990768e-06,-1.0387822163861667e-05,2.0218648014329986e-05,0.5000000024731462,2.22275232632342
1281,35.56056,9.786983259096882e-06,1.0313160660905226e-05,-2.0073734747653133e-05,0.5000000024379146,2.2261020473765614
1282,35.58832,-9.717299108226785e-06,-1.0239736187270975e-05,1.99305852202146e-05,0.5000000024031842,2.22954923654017
1283,35.61608,9.647438111780345e-06,1.0167337471095695e-05,-1.9789212506860677e-05,0.500000002369104,2.2328974503325294
1284,35.64384,-9.578474906975426e-06,-1.0094764535506506e-05,1.9648163428402436e-05,0.5000000023354951,2.236341799039597
1285,35.6716,9.510760891234092e-06,1.002305735128717e-05,-1.9507364856232718e-05,0.500000002302281,2.2396884348476713
1286,35.69936,-9.442751078577278e-06,-9.95183373229442e-06,1.9368255792869614e-05,0.5000000022695458,2.2431298893383707
1287,35.72712,9.375161007685318e-06,9.880339288651694e-06,-1.923084820433999e-05,0.5000000022373197,2.24647487677486
1288,35.75488,-9.308401188590993e-06,-9.809995230880311e-06,1.9093778090330406e-05,0.5000000022055617,2.2499133834148375
1289,35.78264,9.241504930858188e-06,9.740609360685154e-06,-1.8956976524700752e-05,0.500000002174185,2.2532566524312325
1290,35.8104,-9.17544901614242e-06,-9.671090417440187e-06,1.8821793832458852e-05,0.5000000021432337,2.2566921577167802
1291,35.83816,9.110552847122895e-06,9.60238382266138e-06,-1.868824094818645e-05,0.5000000021128473,2.2600336386059228
1292,35.86592,-9.045411483264456e-06,-9.534141845813496e-06,1.8555037577668903e-05,0.5000000020829074,2.2634660891691007
1293,35.89368,8.980675403336136e-06,9.465678504428359e-06,-1.8422118747941077e-05,0.500000002053243,2.266805712567721
1294,35.92144,-8.916717576312034e-06,-9.398285688416396e-06,1.8290751557882588e-05,0.5000000020240006,2.2702350551814185
1295,35.9492,8.852659029053977e-06,9.331788547700875e-06,-1.816094598305936e-05,0.5000000019952926,2.273572752072647
1296,35.97696,-8.789387576060477e-06,-9.265194688301559e-06,1.8031500298252107e-05,0.5000000019669827,2.276998933655594
1297,36.00472,8.727193529654771e-06,9.199363562253216e-06,-1.7902353249106584e-05,0.5000000019390123,2.2803346353714464
1298,36.03248,-8.664799304175685e-06,-9.13397878017667e-06,1.777469382562258e-05,0.5000000019114446,2.2837576029931665
1299,36.06024,8.602796221779396e-06,9.06841656550924e-06,-1.7648531111132326e-05,0.5000000018843019,2.2870912412170026
1300,36.088,-8.541523127877927e-06,-9.00385122965067e-06,1.7522737128022883e-05,0.5000000018575527,2.2905109421027063
1301,36.11576,8.480180811529067e-06,8.940123700776684e-06,-1.7397254120159905e-05,0.5000000018311304,2.2938424488716653
1302,36.14352,-8.419576202317646e-06,-8.876331494267475e-06,1.7273197771255965e-05,0.5000000018050681,2.2972588304070904
1303,36.17128,8.35997316431037e-06,8.813255894230439e-06,-1.7150576336467452e-05,0.500000001779471,2.3005881381144913
1304,36.19904,-8.300209924399377e-06,-8.75060902045126e-06,1.7028331058653612e-05,0.5000000017542487,2.304001147850689
1305,36.2268,8.240824016569892e-06,8.687823662882297e-06,-1.6906407473219985e-05,0.5000000017292712,2.3073281892484063
1306,36.25456,-8.182123270146473e-06,-8.625967231591908e-06,1.6785852465381392e-05,0.5000000017046489,2.3107377749064604
1307,36.28232,8.123381002092453e-06,8.564895005250218e-06,-1.6666673521176147e-05,0.5000000016804667,2.314062483107276
1308,36.31008,-8.065330607208314e-06,-8.503786261271351e-06,1.654787685545651e-05,0.5000000016566206,2.317468592582978
1309,36.33784,8.008211902106363e-06,8.443351212516291e-06,-1.6429411100384164e-05,0.5000000016330657,2.320790901062896
1310,36.3656,-7.950968430449336e-06,-8.383327911303236e-06,1.631225857479936e-05,0.5000000016098495,2.3241934824313537
1311,36.39336,7.894088820348255e-06,8.323200584099314e-06,-1.619642605009029e-05,0.5000000015869884,2.327513325031891
1312,36.42112,-7.837852709856008e-06,-8.263939450439903e-06,1.6080980724860682e-05,0.5000000015644581,2.33091232655208
1313,36.44888,7.781599365210038e-06,8.205412840558828e-06,-1.596587414591263e-05,0.5000000015422077,2.3342296374825278
1314,36.47664,-7.725995329274446e-06,-8.146874385550618e-06,1.585202803633092e-05,0.5000000015202617,2.337625007601793
1315,36.5044,7.671258555897963e-06,8.088969678424017e-06,-1.5739448505385954e-05,0.5000000014986994,2.3409397214414382
1316,36.53216,-7.616428359262497e-06,-8.031460361378967e-06,1.562725999167676e-05,0.500000001477452,2.344331408799931
1317,36.55992,7.561948901169124e-06,7.973877432718293e-06,-1.5515416784337013e-05,0.5000000014564203,2.3476434605002603
1318,36.58768,-7.5080741977551236e-06,-7.917102750863342e-06,1.5404783739056957e-05,0.5000000014356876,2.351031413935316
1319,36.61544,7.4542034810851174e-06,7.86101651679402e-06,-1.529536635060363e-05,0.500000001415318,2.3543407388221804
1320,36.6432,-7.400942519427274e-06,-7.804939977262837e-06,1.5186342784205134e-05,0.5000000013952322,2.357724907372647
1321,36.67096,7.348489390242107e-06,7.749459972784049e-06,-1.5077669909712016e-05,0.5000000013753956,2.361031441148394
1322,36.69872,-7.2959704966449764e-06,-7.694359604149384e-06,1.4970159214313018e-05,0.5000000013558438,2.364411774058893
1323,36.72648,7.243789571453885e-06,7.639212399970544e-06,-1.4863815623286888e-05,0.5000000013365891,2.3677154528044713
1324,36.75424,-7.1921773447882475e-06,-7.584819886123687e-06,1.475786772979587e-05,0.5000000013176124,2.371091899529608
1325,36.782,7.140587573325214e-06,7.5310730599698404e-06,-1.465227483306901e-05,0.5000000012988748,2.3743926597066354
1326,36.80976,-7.089570777284315e-06,-7.477354656282298e-06,1.4547798335827623e-05,0.5000000012803946,2.3777651699151456
1327,36.83752,7.039306963252646e-06,7.42419809878087e-06,-1.4444442635738973e-05,0.5000000012622314,2.3810629483679473
1328,36.86528,-6.989001728878279e-06,-7.371406008595065e-06,1.4341483658028218e-05,0.5000000012443329,2.384431471946789
1329,36.89304,6.939022048846333e-06,7.318590586670097e-06,-1.4238882988627448e-05,0.5000000012266231,2.387726205904399
1330,36.9208,-6.889577490661364e-06,-7.266480327228423e-06,1.4137355027784493e-05,0.5000000012091653,2.3910906929627846
1331,36.94856,6.8401713881539924e-06,7.2149760472186535e-06,-1.4036903685173288e-05,0.5000000011920074,2.394382320040917
1332,36.97632,-6.791304037849755e-06,-7.163516397179492e-06,1.3936849312063981e-05,0.500000001175089,2.3977427209142856
1333,37.00408,6.743139017936545e-06,7.112586235269979e-06,-1.3837155646877533e-05,0.5000000011583836,2.40103117911727
1334,37.03184,-6.694953940594005e-06,-7.062005940106536e-06,1.3738492980865138e-05,0.5000000011419178,2.404387444371207
1335,37.0596,6.6470823615327745e-06,7.011422876656744e-06,-1.3640864772257836e-05,0.5000000011257005,2.4076726720938892
1336,37.08736,-6.5997146154540205e-06,-6.9614991465120435e-06,1.3543633069894742e-05,0.5000000011097171,2.4110247525279798
1337,37.11512,6.5523991150219555e-06,6.912144497347392e-06,-1.3446763639530906e-05,0.5000000010939376,2.4143066885575863
1338,37.14288,-6.50559050128169e-06,-6.862848427380275e-06,1.3350885378104418e-05,0.5000000010783755,2.417654535209215
1339,37.17064,6.4594374170040565e-06,6.814051641567299e-06,-1.3256001326387515e-05,0.500000001063076,2.42093311872719
1340,37.1984,-6.413282960630428e-06,-6.765590671753358e-06,1.3161512671485352e-05,0.5000000010479987,2.424276682875281
1341,37.22616,6.367430303633181e-06,6.717144857456097e-06,-1.3067387087125164e-05,0.500000001033086,2.4275518534590783
1342,37.25392,-6.322052303540734e-06,-6.669315943611468e-06,1.2974214624675701e-05,0.5000000010183853,2.430891086627777
1343,37.28168,6.276738360117838e-06,6.622021800427544e-06,-1.2881997939793072e-05,0.5000000010039329,2.434162784252622
1344,37.30944,-6.231901613198799e-06,-6.574798165681628e-06,1.2790174953977895e-05,0.5000000009896826,2.4374976382149174
1345,37.3372,6.187677128247466e-06,6.528045602325061e-06,-1.269871513794263e-05,0.5000000009756139,2.440765803255533
1346,37.364959999999996,-6.143467552033848e-06,-6.481615337083917e-06,1.2608172089544402e-05,0.5000000009617469,2.444096230036823
1347,37.39272,6.099548432336732e-06,6.435215783061718e-06,-1.2518548108598652e-05,0.500000000948088,2.447360803269116
1348,37.42048,-6.056076745326762e-06,-6.38939381690042e-06,1.2429315595566029e-05,0.5000000009346257,2.450686755150711
1349,37.44824,6.012679157081173e-06,6.34407469701567e-06,-1.234044571358101e-05,0.5000000009213371,2.4539476777534293
1350,37.476,-5.969731083548851e-06,-6.298836209173153e-06,1.2252457851496573e-05,0.5000000009082323,2.4572691072760016
1351,37.50376,5.927355247378013e-06,6.254042422036361e-06,-1.2165353981493534e-05,0.5000000008953449,2.4605263208323436
1352,37.53152,-5.885008443922556e-06,-6.2095579308289305e-06,1.20786388655411e-05,0.5000000008826444,2.463843180799317
1353,37.55928,5.842941107947475e-06,6.165117584179361e-06,-1.1992285260676962e-05,0.5000000008700868,2.4670966272985164
1354,37.58704,-5.8012957841196966e-06,-6.121218381114862e-06,1.190678045392857e-05,0.5000000008577076,2.4704088707793934
1355,37.6148,5.759733022585797e-06,6.077792299172071e-06,-1.1822126115517855e-05,0.5000000008455342,2.473658492618258
1356,37.64256,-5.71859394860263e-06,-6.0344553616809016e-06,1.1737857381619592e-05,0.5000000008335314,2.476966072951893
1357,37.67032,5.677990064640295e-06,5.991538459670882e-06,-1.1653948510670462e-05,0.5000000008216832,2.480211812936315
1358,37.69808,-5.63742740548531e-06,-5.948918349727326e-06,1.1570856665456269e-05,0.5000000008100047,2.483514683734127
1359,37.72584,5.597133574453128e-06,5.90635391745012e-06,-1.1488583238018129e-05,0.5000000007985006,2.486756485080541
1360,37.7536,-5.55723800346848e-06,-5.8642968216865364e-06,1.1406691873774214e-05,0.5000000007871618,2.4900546002296737
1361,37.78136,5.5174320502523564e-06,5.822685151607398e-06,-1.1325158245612066e-05,0.5000000007759708,2.493292406566493
1362,37.80912,-5.478025671920537e-06,-5.781169702068212e-06,1.1244411247676686e-05,0.500000000764935,2.4965857202329054
1363,37.83688,5.439120171865362e-06,5.740051201827219e-06,-1.1164452016603934e-05,0.5000000007540797,2.499819475601916
1364,37.86464,-5.40026635844546e-06,-5.699217471911293e-06,1.1084870956177893e-05,0.5000000007433815,2.503107942233423
1365,37.8924,5.361671079340269e-06,5.658449253772605e-06,-1.1005645071789952e-05,0.5000000007328068,2.5063375910911323
1366,37.92016,-5.32345185191173e-06,-5.61815699139989e-06,1.0927176730637614e-05,0.5000000007223824,2.5096211654203855
1367,37.94792,5.2853280446738085e-06,5.578284332675271e-06,-1.0849466835106913e-05,0.5000000007121287,2.5128466526393423
1368,37.97568,-5.247581285078696e-06,-5.538513691893954e-06,1.0772130903707476e-05,0.5000000007020189,2.516125289686755
1369,38.00344,5.210303605458712e-06,5.499118378338848e-06,-1.0695147197846441e-05,0.5000000006920406,2.5193465605568264
1370,38.0312,-5.173086527430907e-06,-5.45999627889469e-06,1.0618893192241e-05,0.5000000006822053,2.5226202156334345
1371,38.05896,5.1361180299913656e-06,5.420948007453255e-06,-1.0543369574542424e-05,0.5000000006725159,2.5258372158630427
1372,38.08672,-5.099504805408407e-06,-5.382346544051153e-06,1.0468215435893204e-05,0.5000000006629658,2.5291058445733143
1373,38.11448,5.062991689898729e-06,5.344140592597853e-06,-1.0393410220604146e-05,0.5000000006535412,2.532318520290644
1374,38.14224,-5.0268345618350815e-06,-5.306041320984889e-06,1.0319308045910436e-05,0.5000000006442477,2.5355820785352243
1375,38.17,4.991117025594e-06,5.268297112225228e-06,-1.0245909402515174e-05,0.5000000006351041,2.5387903762893793
1376,38.19776,-4.955467624970504e-06,-5.2308150105540205e-06,1.0172875506259657e-05,0.5000000006260926,2.5420488202677913
1377,38.22552,4.920057185442417e-06,5.193413699586519e-06,-1.0100186917047766e-05,0.5000000006171875,2.545252687029921
1378,38.25328,-4.884982564504603e-06,-5.156432105005706e-06,1.00281758338586e-05,0.5000000006084091,2.54850597324319
1379,38.28104,4.850011753544479e-06,5.119823529975456e-06,-9.956842567238126e-06,0.5000000005997725,2.551705356407574
1380,38.3088,-4.815377227964096e-06,-5.083325289367835e-06,9.885869099555694e-06,0.5000000005912572,2.554953441660811
1381,38.33656,4.7811549318283814e-06,5.047163106760046e-06,-9.815237041296205e-06,0.5000000005828538,2.5581482890459055
1382,38.36432,-4.747007073000386e-06,-5.011252358313307e-06,9.74525802517794e-06,0.5000000005745705,2.561391130450826
1383,38.39208,4.713088883889771e-06,4.975428156892979e-06,-9.675932197330119e-06,0.5000000005664098,2.564581390300273
1384,38.41984,-4.6794882870653615e-06,-4.939998474940984e-06,9.606961030822331e-06,0.5000000005583661,2.5678189452776534
1385,38.4476,4.64599432632394e-06,4.904920798805273e-06,-9.538327127286984e-06,0.5000000005504291,2.571004566261247
1386,38.47536,-4.612818206933434e-06,-4.869956220343585e-06,9.470322820697875e-06,0.5000000005426026,2.5742367925433416
1387,38.50312,4.580028910248933e-06,4.835309865268008e-06,-9.402948107613832e-06,0.5000000005349009,2.577417723757958
1388,38.53088,-4.5473192554366156e-06,-4.800904689809909e-06,9.335922754680325e-06,0.5000000005273104,2.5806445793908406
1389,38.55864,4.5148302998954115e-06,4.766590745244519e-06,-9.269230298005942e-06,0.5000000005198112,2.58382077036133
1390,38.5864,-4.482641849629219e-06,-4.732647869556406e-06,9.203144963110014e-06,0.5000000005124187,2.5870422137071905
1391,38.61416,4.450562088997459e-06,4.699037353944337e-06,-9.137666610358756e-06,0.5000000005051441,2.5902136143872267
1392,38.64192,-4.418782891992936e-06,-4.665541912363125e-06,9.072532176732538e-06,0.5000000004979719,2.593429604126603
1393,38.66968,4.38736691181201e-06,4.632347946200762e-06,-9.007726079375174e-06,0.5000000004908948,2.596596164899499
1394,38.69744,-4.356034802032989e-06,-4.599385309032519e-06,8.943505552306306e-06,0.5000000004839187,2.599806660033466
1395,38.7252,4.324914735676089e-06,4.566517634496021e-06,-8.879870332190824e-06,0.5000000004770454,2.6029683317129426
1396,38.75296,-4.294079144876368e-06,-4.533999188538853e-06,8.81657347218773e-06,0.5000000004702706,2.60617329156523
1397,38.78072,4.2633536163026584e-06,4.501794723689659e-06,-8.753600219743157e-06,0.5000000004635862,2.6093300253961536
1398,38.80848,-4.232912455783706e-06,-4.4697066158283505e-06,8.691191865874844e-06,0.5000000004569951,2.612529409615216
1399,38.83624,4.202812564368934e-06,4.437904246272837e-06,-8.629348035391744e-06,0.5000000004505081,2.6156811572742957
1400,38.864,-4.172799906019057e-06,-4.406323744099227e-06,8.56783690720911e-06,0.5000000004441144,2.6188749258353283
1401,38.89176,4.14299094120274e-06,4.374841092796902e-06,-8.506644512978948e-06,0.5000000004377991,2.6220216394317695
1402,38.91952,-4.113451404660478e-06,-4.343687315953541e-06,8.445997184087529e-06,0.5000000004315737,2.6252097526386655
1403,38.94728,4.084022705154428e-06,4.3128303145245625e-06,-8.385894444031816e-06,0.5000000004254465,2.628351384714786
1404,38.97504,-4.054863181763317e-06,-4.282090344642775e-06,8.326118669260114e-06,0.5000000004194055,2.63153380320204
1405,39.0028,4.026024508548315e-06,4.251621315707487e-06,-8.266656630111192e-06,0.5000000004134452,2.6346703067338546
1406,39.03056,-3.9972756641914655e-06,-4.221365067667027e-06,8.207720621933385e-06,0.5000000004075699,2.6378469914684106
1407,39.05832,3.9687224625550854e-06,4.19120881282966e-06,-8.149310077100936e-06,0.5000000004017809,2.640978319866161
1408,39.08608,-3.940424554818872e-06,-4.161362450288389e-06,8.091220697676349e-06,0.5000000003960748,2.644149232149207
1409,39.11384,3.912237734446484e-06,4.131796745364413e-06,-8.033439951241039e-06,0.5000000003904455,2.6472753392578716
1410,39.1416,-3.884305831218852e-06,-4.102348213574913e-06,7.976166963368285e-06,0.5000000003848947,2.6504404407265794
1411,39.16936,3.856675768426909e-06,4.0731567012603624e-06,-7.919401084363201e-06,0.5000000003794307,2.6535612808263314
1412,39.19712,-3.8291374518351515e-06,-4.044169244361983e-06,7.862950523345269e-06,0.5000000003740454,2.656720533455543
1413,39.22488,3.8017870184203773e-06,4.015283265261292e-06,-7.806803406277872e-06,0.5000000003687269,2.6598360612621716
1414,39.25264,-3.774678593765087e-06,-3.986689463600832e-06,7.751146501500624e-06,0.5000000003634841,2.6629894273660306
1415,39.2804,3.747681049796766e-06,3.958361210466986e-06,-7.695979086211643e-06,0.5000000003583234,2.6660995980313316
1416,39.30816,-3.7209250305512577e-06,-3.930149807207517e-06,7.641121109055639e-06,0.5000000003532353,2.6692470402648594
1417,39.33592,3.6944531417754554e-06,3.9021823178516635e-06,-7.586561316393464e-06,0.5000000003482156,2.6723518093769774
1418,39.36368,-3.6680743191495396e-06,-3.874410506114385e-06,7.532474883214334e-06,0.5000000003432674,2.6754932907376006
1419,39.39144,3.641875903070968e-06,3.846741077968147e-06,-7.478861021075616e-06,0.5000000003383918,2.6785926143213374
1420,39.4192,-3.6159070010234373e-06,-3.8193472839975995e-06,7.425550697011349e-06,0.5000000003335858,2.681728098150361
1421,39.44696,3.590048375404868e-06,3.7922048661761244e-06,-7.3725332437997725e-06,0.5000000003288447,2.6848219326674427
1422,39.47472,-3.5644186881610084e-06,-3.765178571257799e-06,7.319972958062937e-06,0.5000000003241701,2.6879513826514696
1423,39.50248,3.539056621755726e-06,3.7383838448636665e-06,-7.2678689938858245e-06,0.5000000003195679,2.691039685000784
1424,39.53024,-3.5137884150063944e-06,-3.7117767534525808e-06,7.216062659956696e-06,0.5000000003150318,2.694163065173079
1425,39.558,3.488693413822297e-06,3.685272443813351e-06,-7.164543842356555e-06,0.5000000003105529,2.697245792690865
1426,39.58576,-3.463816167821055e-06,-3.659028308889333e-06,7.113466631656883e-06,0.5000000003061377,2.7003630674326726
1427,39.61352,3.4390482501378897e-06,3.6330222469925797e-06,-7.062830130981414e-06,0.5000000003017909,2.703440177892675
1428,39.64128,-3.4144974346105654e-06,-3.6071312323193716e-06,7.012485355801866e-06,0.5000000002975054,2.7065513119344837
1429,39.66904,3.3901988383530505e-06,3.5814601503771126e-06,-6.9624227145600925e-06,0.5000000002932777,2.709622763548071
1430,39.6968,-3.365994434373785e-06,-3.555968982974324e-06,6.9127867224341425e-06,0.5000000002891104,2.712727721970823
1431,39.72456,3.341956302249649e-06,3.5305805520394987e-06,-6.863576437795204e-06,0.5000000002850039,2.71579347338707
1432,39.75232,-3.3181248526222194e-06,-3.5054378385869898e-06,6.814651986858693e-06,0.5000000002809561,2.718892221623321
1433,39.78008,3.2944014872923104e-06,3.480520703587485e-06,-6.766004271749052e-06,0.5000000002769633,2.7219522319290497
1434,39.80784,-3.2708840862335943e-06,-3.4557172403637537e-06,6.717768823368542e-06,0.5000000002730265,2.725044735764082
1435,39.8356,3.2476045271467278e-06,3.431122736572581e-06,-6.669944661537347e-06,0.5000000002691501,2.728098964483868
1436,39.86336,-3.224419090237156e-06,-3.406700736940504e-06,6.62240046396406e-06,0.5000000002653293,2.7311851900567494
1437,39.89112,3.201393250440443e-06,3.38238104200282e-06,-6.575127598304793e-06,0.5000000002615574,2.734233597152885
1438,39.91888,-3.1785636604376368e-06,-3.3582935361825097e-06,6.528253167450275e-06,0.5000000002578391,2.7373135109574744
1439,39.94664,3.1558406575347394e-06,3.334419865532595e-06,-6.481776156934404e-06,0.5000000002541779,2.740356056829908
1440,39.9744,-3.1333131323050694e-06,-3.31065823538923e-06,6.435573271660512e-06,0.5000000002505685,2.743429625715819
1441,40.002159999999996,3.111010018588064e-06,3.2870952097371716e-06,-6.389636319402184e-06,0.5000000002470079,2.746466271202043
1442,40.02992,-3.0888006061857393e-06,-3.263697576431892e-06,6.344084495328924e-06,0.5000000002434981,2.7495334623755534
1443,40.05768,3.0667443678411566e-06,3.2404014815274196e-06,-6.298916756355923e-06,0.5000000002400395,2.752564168750462
1444,40.08544,-3.0448745432981877e-06,-3.21732490749903e-06,6.254017341594865e-06,0.5000000002366303,2.75562494977537
1445,40.1132,3.0231095943576476e-06,3.194451125137786e-06,-6.209378474142915e-06,0.5000000002332675,2.7586496787510844
1446,40.14096,-3.001530243221585e-06,-3.1716875352749696e-06,6.165111930614754e-06,0.500000000229952,2.7617040175495267
1447,40.16872,2.980162749171648e-06,3.149112773376435e-06,-6.1212166440508675e-06,0.500000000226687,2.7647227312751794
1448,40.19648,-2.9588882317723525e-06,-3.126696579343316e-06,6.077583924919822e-06,0.5000000002234688,2.7677705961283907
1449,40.22424,2.937760708809911e-06,3.104380868327721e-06,-6.0342063892974856e-06,0.5000000002202922,2.7707832571898714
1450,40.252,-2.9168103216142524e-06,-3.082272807330199e-06,5.9911888540676355e-06,0.5000000002171607,2.7738246167389007
1451,40.27976,2.8959629180553153e-06,3.0603571461693894e-06,-5.948530232106773e-06,0.5000000002140771,2.776831188158572
1452,40.30752,-2.875291799028317e-06,-3.03854964750494e-06,5.906128471636547e-06,0.500000000211037,2.7798660114049496
1453,40.33528,2.854820793554203e-06,3.0169217415993477e-06,-5.863976559873243e-06,0.5000000002080383,2.782866456641326
1454,40.36304,-2.834441778258361e-06,-2.99544585455334e-06,5.822172784223269e-06,0.5000000002050823,2.785894712947687
1455,40.3908,2.81420381348374e-06,2.974069148173043e-06,-5.780716041795263e-06,0.5000000002021693,2.7888889958950758
1456,40.41856,-2.7941342272520734e-06,-2.952888960979476e-06,5.7395105107718555e-06,0.5000000001992979,2.7919106549857298
1457,40.44632,2.7741655829402997e-06,2.93189138839997e-06,-5.698549529514153e-06,0.5000000001964658,2.7948987399738376
1458,40.47408,-2.7543644387945773e-06,-2.9109997979892555e-06,5.657925260293473e-06,0.5000000001936735,2.7979137719352942
1459,40.50184,2.7347524155097956e-06,2.89027907172058e-06,-5.617636587139672e-06,0.5000000001909235,2.800895623728802
1460,40.5296,-2.715231172078126e-06,-2.8697040808717263e-06,5.577593536552429e-06,0.5000000001882129,2.8039039990102568
1461,40.55736,2.695845263189778e-06,2.849226757345838e-06,-5.537789778670535e-06,0.5000000001855376,2.8068795828083553
1462,40.58512,-2.6766194627194334e-06,-2.828935509594526e-06,5.498311729061519e-06,0.5000000001829004,2.809881272222119
1463,40.61288,2.657492440141564e-06,2.808817657147929e-06,-5.459158262980638e-06,0.5000000001803031,2.812850553658017
1464,40.64064,-2.6385246273428983e-06,-2.788803483422253e-06,5.420244895801984e-06,0.5000000001777426,2.815845528379906
1465,40.6684,2.6197356392740748e-06,2.7689519197983614e-06,-5.381565611323982e-06,0.5000000001752171,2.818808473520294
1466,40.69616,-2.601036029408091e-06,-2.749240063268869e-06,5.3432014347178865e-06,0.5000000001727275,2.821796705089976
1467,40.72392,2.582466258671534e-06,2.729624183400218e-06,-5.305151234597469e-06,0.500000000170274,2.8247532804344644
1468,40.75168,-2.5640487825658634e-06,-2.7101845735807996e-06,5.26733567894828e-06,0.5000000001678556,2.8277347407557563
1469,40.77944,2.545727821536921e-06,2.6909096678140177e-06,-5.229749048205667e-06,0.5000000001654704,2.830684913236278
1470,40.8072,-2.527558241776064e-06,-2.67173603957227e-06,5.192467310748385e-06,0.5000000001631187,2.833659574577402
1471,40.83496,2.5095578367241492e-06,2.6527172117241068e-06,-5.155489331605251e-06,0.5000000001608025,2.836603311557581
1472,40.86272,-2.491645247676231e-06,-2.6338323077178567e-06,5.118740614861902e-06,0.5000000001585194,2.8395711465513753
1473,40.89048,2.473857215190556e-06,2.6150415414468643e-06,-5.082215721734166e-06,0.5000000001562663,2.8425084158258622
1474,40.91824,-2.4562140903906545e-06,-2.596417832708094e-06,5.045985877038855e-06,0.5000000001540453,2.845469397469946
1475,40.946,2.43866514076887e-06,2.5779506302434495e-06,-5.010049944351251e-06,0.5000000001518577,2.848400167263722
1476,40.97376,-2.4212601765826252e-06,-2.5595822272239666e-06,4.97433796786139e-06,0.5000000001497011,2.8513542689206255
1477,41.00152,2.4040153360548805e-06,2.5413612322499928e-06,-4.93884477411615e-06,0.5000000001475741,2.85427850788827
1478,41.02928,-2.386856615287759e-06,-2.5232686135929553e-06,4.903637138088721e-06,0.5000000001454773,2.8572257032855126
1479,41.05704,2.3698173743369466e-06,2.50526817140594e-06,-4.868713924253819e-06,0.500000000143411,2.860143380510443
1480,41.0848,-2.3529160542333952e-06,-2.487426126075668e-06,4.834009438105891e-06,0.500000000141374,2.8630836437405742
1481,41.11256,2.3361065110675424e-06,2.4697328501373004e-06,-4.799518757832902e-06,0.5000000001393652,2.865994728734257
1482,41.14032,-2.3194339618823958e-06,-2.4521358386597747e-06,4.765304484054329e-06,0.5000000001373847,2.868928034254852
1483,41.16808,2.30291304190285e-06,2.434679234396276e-06,-4.731365484475504e-06,0.5000000001354338,2.8718324969559705
1484,41.19584,-2.286476435458493e-06,-2.4173456849554386e-06,4.697640064598069e-06,0.5000000001335108,2.8747588195895886
1485,41.2236,2.2701544303838084e-06,2.4001022523435877e-06,-4.664123540178016e-06,0.5000000001316133,2.8776566303631896
1486,41.25136,-2.2539637345176124e-06,-2.383009069550235e-06,4.63087459684258e-06,0.5000000001297428,2.8805759452972923
1487,41.27912,2.237862375829596e-06,2.366057349844013e-06,-4.597892106814481e-06,0.5000000001279002,2.8834670749338995
1488,41.30688,-2.2218913991432736e-06,-2.349199319517936e-06,4.565118130630684e-06,0.5000000001260838,2.886379357720718
1489,41.33464,2.2060640740778134e-06,2.332475063298004e-06,-4.532548209070846e-06,0.5000000001242924,2.8892637774354135
1490,41.3624,-2.190319167152778e-06,-2.3158687580610064e-06,4.500237355259748e-06,0.5000000001225264,2.8921690039917918
1491,41.39016,2.1746841752379176e-06,2.2993504311177162e-06,-4.468184447764326e-06,0.500000000120786,2.8950466854232646
1492,41.41792,-2.1591742322628777e-06,-2.282974685737531e-06,4.436335072065344e-06,0.5000000001190704,2.8979448320304484
1493,41.44568,2.1437511601697606e-06,2.266733500203715e-06,-4.404684982033093e-06,0.5000000001173787,2.9008157472400224
1494,41.47344,-2.128452213704571e-06,-2.250583403806683e-06,4.373285745876879e-06,0.5000000001157107,2.9037067905434184
1495,41.5012,2.1132894223471146e-06,2.2345607940464513e-06,-4.342136250070324e-06,0.5000000001140674,2.906570912014039
1496,41.52896,-2.098207083125314e-06,-2.218651239980645e-06,4.3111853889984615e-06,0.5000000001124477,2.909454829022928
1497,41.55672,2.0832301571016565e-06,2.202827466277899e-06,-4.280429118384141e-06,0.5000000001108497,2.912312129658123
1498,41.58448,-2.068372350681376e-06,-2.1871390512069836e-06,4.2499157751154285e-06,0.5000000001092744,2.9151888977453453
1499,41.61224,2.0535989348972674e-06,2.171578670439214e-06,-4.219644255341387e-06,0.5000000001077225,2.9180393508681624
1500,41.64,-2.0389437217210933e-06,-2.156106766515453e-06,4.189566559149032e-06,0.5000000001061926,2.92090894776975
1501,41.66776,2.0244176147186247e-06,2.140756386855404e-06,-4.15967883343393e-06,0.5000000001046838,2.9237525271216582
1502,41.69552,-2.009969940292349e-06,-2.125514368048369e-06,4.130026384551613e-06,0.5000000001031966,2.9266149309364438
1503,41.72328,1.995623355177667e-06,2.1103558877200245e-06,-4.10060811916079e-06,0.5000000001017307,2.929451610676214
1504,41.75104,-1.9813902708800133e-06,-2.0953259593051355e-06,4.0713789531346984e-06,0.5000000001002858,2.9323067998653913
1505,41.7788,1.967239094305821e-06,2.0804178929845357e-06,-4.042335214451379e-06,0.5000000000988608,2.935136554567937
1506,41.80656,-1.953200510141276e-06,-2.065595691158606e-06,4.013519366941523e-06,0.500000000097456,2.9379845079545954
1507,41.83432,1.9392843999985066e-06,2.050889356609728e-06,-3.984930329028774e-06,0.500000000096072,2.940807312609797
1508,41.86208,-1.9254446635974387e-06,-2.036286881086605e-06,3.956525753356892e-06,0.5000000000947078,2.9436480093784123
1509,41.88984,1.911701864532045e-06,2.021765672318685e-06,-3.928302140018245e-06,0.500000000093362,2.9464638393899136
1510,41.9176,-1.8980672391695395e-06,-2.0073665967268424e-06,3.900299286797322e-06,0.5000000000920353,2.949297259085802
1511,41.94536,1.8845120455574486e-06,1.9930835432505525e-06,-3.872516124359773e-06,0.5000000000907281,2.952106090269767
1512,41.97312,-1.8710641289432371e-06,-1.9788837508083468e-06,3.844912875051717e-06,0.5000000000894396,2.9549322127985107
1513,42.00088,1.8577324421250544e-06,1.964794456906788e-06,-3.8174862016027034e-06,0.5000000000881688,2.957734021382368
1514,42.02864,-1.8444750441484436e-06,-1.950804704739845e-06,3.7902734014067587e-06,0.5000000000869163,2.960552827009203
1515,42.0564,1.8313105968892351e-06,1.9368939305421534e-06,-3.7632734187007927e-06,0.5000000000856817,2.9633475896303594
1516,42.08416,-1.818249270754186e-06,-1.9230992335119966e-06,3.736448887785672e-06,0.5000000000844647,2.966159058979524
1517,42.11192,1.8052649163222879e-06,1.9094150292202587e-06,-3.709796625964942e-06,0.5000000000832646,2.968946752684047
1518,42.13968,-1.7923827997929816e-06,-1.8958115011735721e-06,3.6833515854046613e-06,0.5000000000820815,2.971750866738103
1519,42.16744,1.7796110305522545e-06,1.88231337426046e-06,-3.657112724448423e-06,0.5000000000809157,2.9745314689793836
1520,42.1952,-1.7669114506261191e-06,-1.8689106491394472e-06,3.631044942059104e-06,0.5000000000797667,2.9773282090784976
1521,42.22296,1.7543009940279575e-06,1.8555846072148713e-06,-3.6051452018364844e-06,0.5000000000786332,2.9801016977158854
1522,42.25072,-1.7417888642502672e-06,-1.8423689254138025e-06,3.5794462566760188e-06,0.5000000000775159,2.9828910455570865
1523,42.27848,1.729351269350696e-06,1.829258498977946e-06,-3.5539470796203743e-06,0.500000000076415,2.9856573988544994
1524,42.30624,-1.7170111330209608e-06,-1.8162261896104148e-06,3.528614695632772e-06,0.5000000000753296,2.9884393364908926
1525,42.334,1.704775799632526e-06,1.803294439572779e-06,-3.503446207098524e-06,0.5000000000742594,2.9911985331154027
1526,42.36176,-1.6926105507997677e-06,-1.7904541218964969e-06,3.4784723043123283e-06,0.5000000000732044,2.993973042955358
1527,42.38952,1.6805307516132295e-06,1.777688195650994e-06,-3.453691975848828e-06,0.5000000000721646,2.9967250619757557
1528,42.41728,-1.6685447283101166e-06,-1.7650272294719429e-06,3.4290742426305905e-06,0.5000000000711395,2.999492126782065
1529,42.44504,1.6566308324714759e-06,1.752466555624813e-06,-3.4046163384577156e-06,0.5000000000701289,3.0022369476673907
1530,42.4728,-1.644809860689301e-06,-1.739981472126395e-06,3.380347019509434e-06,0.5000000000691324,3.004996550556387
1531,42.50056,1.6330884624381548e-06,1.7275923473249916e-06,-3.3562652902045864e-06,0.5000000000681506,3.0077341531744493
1532,42.52832,-1.621435048034564e-06,-1.7152908488170609e-06,3.3323420450854455e-06,0.5000000000671828,3.0104862776151022
1533,42.55608,1.6098635570727104e-06,1.7030614619955054e-06,-3.308574643397402e-06,0.5000000000662281,3.0132166422309665
1534,42.58384,-1.59838152007345e-06,-1.6909319316810285e-06,3.2849900270199068e-06,0.5000000000652871,3.015961272043947
1535,42.6116,1.5869692383546277e-06,1.6788979884624826e-06,-3.2615872167996826e-06,0.5000000000643599,3.018684379318406
1536,42.639359999999996,-1.5756455765910483e-06,-1.6669371463162719e-06,3.2383388665949883e-06,0.5000000000634458,3.0214214986751147
1537,42.66712,1.5644165539138696e-06,1.6550678897596572e-06,-3.2152424537936918e-06,0.5000000000625444,3.02413732966313
1538,42.69488,-1.5532534255737754e-06,-1.6432826106104277e-06,3.192323219880055e-06,0.5000000000616559,3.026866923084703
1539,42.72264,1.5421688360772734e-06,1.6315671821604718e-06,-3.1695802019986825e-06,0.50000000006078,3.0295754592338295
1540,42.7504,-1.5311695950572545e-06,-1.6199467846454614e-06,3.1469877057003813e-06,0.5000000000599167,3.0322975115901096
1541,42.77816,1.5202377765926288e-06,1.60841751161787e-06,-3.1245433212519294e-06,0.5000000000590655,3.034998734738899
1542,42.80592,-1.5093904909536093e-06,-1.5969588927355893e-06,3.1022706949135883e-06,0.5000000000582263,3.037713231247385
1543,42.83368,1.498633185525019e-06,1.5855877012240562e-06,-3.0801688807406527e-06,0.5000000000573993,3.0404071236237615
1544,42.86144,-1.4879397027033988e-06,-1.5742969884288716e-06,3.0582137350942034e-06,0.5000000000565842,3.043114049848523
1545,42.8892,1.4773215110674975e-06,1.563073890801851e-06,-3.0364029550517576e-06,0.5000000000557802,3.0458005940681456
1546,42.91696,-1.4667847667630645e-06,-1.5519412584963766e-06,3.0147586911769076e-06,0.5000000000549876,3.0484999359187097
1547,42.94472,1.4563131550475788e-06,1.5408955163819009e-06,-2.993280014804432e-06,0.5000000000542066,3.05117911498331
1548,42.97248,-1.4459221940737984e-06,-1.5299180276540092e-06,2.9719442381642728e-06,0.5000000000534367,3.053870858713527
1549,43.00024,1.4356168117339815e-06,1.519024011397901e-06,-2.9507491603693377e-06,0.5000000000526775,3.056542656009224
1550,43.028,-1.425373203687119e-06,-1.50820712012584e-06,2.929715528959065e-06,0.5000000000519292,3.0592267882161037
1551,43.05576,1.4152017709934128e-06,1.497455638174012e-06,-2.9088424330171826e-06,0.5000000000511916,3.0618911875117054
1552,43.08352,-1.4051080765009613e-06,-1.486790300574722e-06,2.8881085516441213e-06,0.5000000000504645,3.0645676951342233
1553,43.11128,1.3950772714638154e-06,1.4762078338201563e-06,-2.8675117800519066e-06,0.5000000000497475,3.067224680579503
1554,43.13904,-1.3851234279413158e-06,-1.4656912690758084e-06,2.8470715515013576e-06,0.5000000000490408,3.0698935508973824
1555,43.1668,1.375251002808811e-06,1.4552544134558327e-06,-2.826786971962906e-06,0.5000000000483442,3.0725431070213394
1556,43.19456,-1.365438332365912e-06,-1.4448914672876496e-06,2.806638004489109e-06,0.5000000000476577,3.0752043276538115
1557,43.22232,1.3556948472159824e-06,1.4345917600249396e-06,-2.786622635947889e-06,0.5000000000469805,3.077846439362907
1558,43.25008,-1.34602557337454e-06,-1.4243741053241818e-06,2.766759066827557e-06,0.500000000046313,3.080499998267443
1559,43.27784,1.3364169948467736e-06,1.414235504435579e-06,-2.747046420410548e-06,0.5000000000456553,3.0831346508438284
1560,43.3056,-1.3268818711801969e-06,-1.4041605060910456e-06,2.7274658649130587e-06,0.5000000000450068,3.085780536314846
1561,43.33336,1.3174242314022504e-06,1.3941616354516466e-06,-2.708015474677571e-06,0.5000000000443674,3.0884077154145615
1562,43.36112,-1.308024358805845e-06,-1.3842335919280675e-06,2.6887122938481343e-06,0.5000000000437371,3.0910459160821073
1563,43.38888,1.298690803286373e-06,1.3743666554255023e-06,-2.669555463520384e-06,0.5000000000431158,3.0936656077332687
1564,43.41664,-1.2894281037604944e-06,-1.3645778944498388e-06,2.650527283705987e-06,0.5000000000425034,3.0962961125616837
1565,43.4444,1.2802239568859799e-06,1.3548645614333686e-06,-2.631625911516085e-06,0.5000000000418996,3.098908303162653
1566,43.47216,-1.2710899299811856e-06,-1.3452125856572295e-06,2.612867307298407e-06,0.5000000000413043,3.101531101449201
1567,43.49992,1.262029664574118e-06,1.3356333277471333e-06,-2.594250629881769e-06,0.5000000000407177,3.1041357777667336
1568,43.52768,-1.253025214552182e-06,-1.3261219422903138e-06,2.575759241826533e-06,0.5000000000401394,3.1067508591402246
1569,43.55544,1.244084330109807e-06,1.3166695737543933e-06,-2.557391378994546e-06,0.5000000000395691,3.109348008307607
1570,43.5832,-1.2352111091723926e-06,-1.3072917058996301e-06,2.5391619860070394e-06,0.5000000000390069,3.1119553627269783
1571,43.61096,1.2263943503693746e-06,1.2979858206489868e-06,-2.5210702389952664e-06,0.5000000000384529,3.1145449722421454
1572,43.63872,-1.2176445396883577e-06,-1.2887391027671669e-06,2.50310049843878e-06,0.5000000000379068,3.117144589995041
1573,43.66648,1.2089649668078803e-06,1.2795618553831314e-06,-2.4852510754454066e-06,0.5000000000373682,3.119726647718681
1574,43.69424,-1.2003392961010205e-06,-1.2704496482002482e-06,2.4675359617193495e-06,0.5000000000368374,3.122318519419989
1575,43.722,1.1917745517120437e-06,1.2613944123933892e-06,-2.4499543510309933e-06,0.5000000000363142,3.124893013573627
1576,43.74976,-1.1832744318423277e-06,-1.2524101928346493e-06,2.4324915410587978e-06,0.5000000000357984,3.1274771301640167
1577,43.77752,1.174828737864401e-06,1.243494679748144e-06,-2.4151459140471516e-06,0.5000000000352898,3.1300440493280863
1578,43.80528,-1.166446973321099e-06,-1.2346362016080192e-06,2.3979305690305586e-06,0.5000000000347884,3.1326204020725066
1579,43.83304,1.158132109635763e-06,1.2258441004996654e-06,-2.3808447170313115e-06,0.5000000000342943,3.1351797351844124
1580,43.8608,-1.1498692760886961e-06,-1.2171143246936838e-06,2.3638745358124753e-06,0.5000000000338073,3.137748315670582
1581,43.88856,1.1416648375006666e-06,1.208439521080914e-06,-2.347018475754533e-06,0.5000000000333269,3.1403000520227313
1582,43.91632,-1.1335221296856176e-06,-1.1998324280366603e-06,2.3302887986494453e-06,0.5000000000328534,3.1428608521596004
1583,43.94408,1.1254318662807294e-06,1.1912909267541264e-06,-2.313684732777482e-06,0.5000000000323868,3.1454049813974407
1584,43.97184,-1.1174026595297616e-06,-1.182804384880498e-06,2.2971932821900164e-06,0.5000000000319268,3.1479579934136437
1585,43.9996,1.1094371916469132e-06,1.1743812727511105e-06,-2.280812961951022e-06,0.5000000000314733,3.1504945055336733
1586,44.02736,-1.1015219244747508e-06,-1.1660178836400106e-06,2.2645552494960166e-06,0.5000000000310262,3.1530397219759494
1587,44.05512,1.0936626244628656e-06,1.1577075155887203e-06,-2.248419390103033e-06,0.5000000000305854,3.155568607323718
1588,44.08288,-1.0858622994826614e-06,-1.1494617209140314e-06,2.232393164025918e-06,0.500000000030151,3.158106021055326
1589,44.11064,1.0781124927549464e-06,1.1412785544051288e-06,-2.2164751481557604e-06,0.5000000000297227,3.1606272703234235
1590,44.1384,-1.0704210075427978e-06,-1.1331483301679768e-06,2.2006760840185924e-06,0.5000000000293005,3.1631568745225302
1591,44.16616,1.062790263937894e-06,1.125078726661547e-06,-2.1849952338139536e-06,0.5000000000288842,3.1656704787485612
1592,44.19392,-1.0552079357215242e-06,-1.1170663520851217e-06,2.169421107140511e-06,0.500000000028474,3.1681922669066123
1593,44.22168,1.0476792463576245e-06,1.1091050969471785e-06,-2.1539523394511552e-06,0.5000000000280695,3.170698217471158
1594,44.24944,-1.0402069065014643e-06,-1.1012054363926666e-06,2.138598982844537e-06,0.5000000000276708,3.1732121833912386
1595,44.2772,1.0327832143634063e-06,1.0933655841717443e-06,-2.1233603166661972e-06,0.5000000000272777,3.175710472015811
1596,44.30496,-1.0254152390501292e-06,-1.0855767153539198e-06,2.108225534761268e-06,0.5000000000268903,3.178216609810979
1597,44.33272,1.0181051629482008e-06,1.0778457896394322e-06,-2.0931933287968696e-06,0.5000000000265082,3.1807072285559532
1598,44.36048,-1.0108417625253493e-06,-1.0701697020873792e-06,2.078273104704343e-06,0.5000000000261317,3.18320553264757
1599,44.38824,1.0036297681259576e-06,1.0625428825476696e-06,-2.063464158173632e-06,0.5000000000257605,3.185688473910117
1600,44.416,-9.964716217264408e-07,-1.0549748285152313e-06,2.048756326386002e-06,0.5000000000253946,3.188178939026145
1601,44.44376,9.89360307714158e-07,1.0474638986577406e-06,-2.034148354066879e-06,0.5000000000250339,3.190654195538149
1602,44.47152,-9.823022289658771e-07,-1.040002051699851e-06,2.0196490416370798e-06,0.5000000000246783,3.193136816711447
1603,44.49928,9.752993526235056e-07,1.0325955943787213e-06,-2.005257701362251e-06,0.5000000000243278,3.195604381537408
1604,44.52704,-9.683414587082603e-07,-1.0252416837752597e-06,1.9909647742592734e-06,0.5000000000239821,3.198079154104005
1605,44.5548,9.614328297935515e-07,1.0179352407401115e-06,-1.9767690560855616e-06,0.5000000000236415,3.2005390206389346
1606,44.58256,-9.545756645284428e-07,-1.0106848749265877e-06,1.9626787797467676e-06,0.5000000000233056,3.2030059402362916
1607,44.61032,9.477635712571749e-07,1.0034890778876224e-06,-1.948693273465833e-06,0.5000000000229746,3.2054581022036035
1608,44.63808,-9.410023492975204e-07,-9.963405209201248e-07,1.934803546010705e-06,0.5000000000226483,3.2079171647688574
1609,44.66584,9.342937702443198e-07,9.892449184774135e-07,-1.9210084411045276e-06,0.5000000000223266,3.210361616218238
1610,44.693599999999996,-9.276285267737031e-07,-9.821996666780054e-07,1.9073156603471679e-06,0.5000000000220094,3.2128128179864346
1611,44.72136,9.210104952583897e-07,9.752001330891364e-07,-1.893724547620958e-06,0.5000000000216968,3.215249553291713
1612,44.74912,-9.14441654273118e-07,-9.682541215714942e-07,1.8802266445179125e-06,0.5000000000213886,3.2176928907940274
1613,44.77688,9.07916180527106e-07,9.613602446989345e-07,-1.866820841391923e-06,0.5000000000210847,3.220121904651031
1614,44.80464,-9.014393240042594e-07,-9.545118229703498e-07,1.853514341050898e-06,0.5000000000207852,3.2225573747129688
1615,44.8324,8.950126805273532e-07,9.477140329942767e-07,-1.8403065036184672e-06,0.5000000000204899,3.2249786621373766
1616,44.86016,-8.886277726796643e-07,-9.409644888850258e-07,1.8271893709892284e-06,0.500000000020199,3.2274062618769706
1617,44.88792,8.822881086834045e-07,9.342589646221602e-07,-1.8141618776534654e-06,0.5000000000199121,3.229819818202146
1618,44.91568,-8.759954675368324e-07,-9.276045328862844e-07,1.8012307595784442e-06,0.5000000000196292,3.23223954502813
1619,44.94344,8.697445430515183e-07,9.209999169077563e-07,-1.7883953920412438e-06,0.5000000000193503,3.234645365902964
1620,44.9712,-8.635400874617846e-07,-9.144390278881254e-07,1.7756482875469761e-06,0.5000000000190755,3.2370572175129424
1621,44.99896,8.573835365006256e-07,9.079265542815342e-07,-1.762988422674596e-06,0.5000000000188045,3.2394552988996725
1622,45.02672,-8.512671684952645e-07,-9.014603092044294e-07,1.7504220957351666e-06,0.5000000000185374,3.2418592732782803
1623,45.05448,8.451941570508659e-07,8.950364372400292e-07,-1.737948697402911e-06,0.500000000018274,3.2442496114503117
1624,45.08224,-8.391661011521177e-07,-8.886613469295579e-07,1.725561182031323e-06,0.5000000000180145,3.2466457068673518
1625,45.11,8.331781646931296e-07,8.823338628056205e-07,-1.7132585663502896e-06,0.5000000000177586,3.249028298407063
1626,45.13776,-8.272346485875303e-07,-8.760484335179619e-07,1.7010467385507076e-06,0.5000000000175063,3.2514165134156445
1627,45.16552,8.213368438770476e-07,8.698093046445567e-07,-1.688925104450785e-06,0.5000000000172576,3.2537913552121998
1628,45.19328,-8.154777161128657e-07,-8.636144712023281e-07,1.6768870334148844e-06,0.5000000000170126,3.2561716886468557
1629,45.22104,8.096601356588629e-07,8.574604146170583e-07,-1.6649315806037311e-06,0.5000000000167709,3.258538777893998
1630,45.2488,-8.03885538473542e-07,-8.513529408921122e-07,1.6530642504206774e-06,0.5000000000165327,3.2609112288688014
1631,45.27656,7.981495164904545e-07,8.452909672597481e-07,-1.641284463192182e-06,0.5000000000162979,3.2632705630626457
1632,45.30432,-7.924559613482061e-07,-8.392694316738947e-07,1.629585978105628e-06,0.5000000000160664,3.265635130969312
1633,45.33208,7.868060327566258e-07,8.332921778316896e-07,-1.6179678873024866e-06,0.5000000000158381,3.2679867079061293
1634,45.35984,-7.811933216190467e-07,-8.273573666327809e-07,1.6064353351340006e-06,0.5000000000156132,3.270343392412104
1635,45.3876,7.756204233877462e-07,8.214617863781356e-07,-1.5949877564743368e-06,0.5000000000153914,3.272687210186107
1636,45.41536,-7.700886266910044e-07,-8.156106964391199e-07,1.5836192771935772e-06,0.5000000000151728,3.275036011232658
1637,45.44312,7.645939125995969e-07,8.098030987575964e-07,-1.572329024231685e-06,0.5000000000149573,3.277372068233773
1638,45.47088,-7.591398015942319e-07,-8.040343768001001e-07,1.5611218051229991e-06,0.5000000000147448,3.2797129860340566
1639,45.49864,7.537273348808302e-07,7.983080093541537e-07,-1.5499970687301574e-06,0.5000000000145353,3.282041280945695
1640,45.5264,-7.483506724973116e-07,-7.926223091384486e-07,1.5389492851964237e-06,0.5000000000143289,3.2843743159828285
1641,45.55416,7.430121604090623e-07,7.86974343487907e-07,-1.5279776151749312e-06,0.5000000000141253,3.286694847779656
1642,45.58192,-7.377129538661159e-07,-7.813688759868902e-07,1.517086550378709e-06,0.5000000000139246,3.2890200008047707
1643,45.60968,7.324493885126174e-07,7.75804986055405e-07,-1.5062755536693538e-06,0.5000000000137269,3.2913327687504643
1644,45.63744,-7.27224648167289e-07,-7.702784625696069e-07,1.4955394186387043e-06,0.5000000000135318,3.2936500407807583
1645,45.6652,7.220396662724956e-07,7.64792453856414e-07,-1.4848773381632649e-06,0.5000000000133397,3.295955044425769
1646,45.69296,-7.168891214372253e-07,-7.593454105613148e-07,1.4742935081987651e-06,0.5000000000131501,3.298264436742551
1647,45.72072,7.11775132833381e-07,7.539346548601425e-07,-1.4637874049672558e-06,0.5000000000129634,3.3005616759218595
1648,45.74848,-7.06698735628105e-07,-7.485645001998657e-07,1.453354126518451e-06,0.5000000000127792,3.30286319006858
1649,45.77624,7.016565878792341e-07,7.432340966591241e-07,-1.4429928960555044e-06,0.5000000000125977,3.305152664899444
1650,45.804,-6.966515680035426e-07,-7.379396029238983e-07,1.432707632657643e-06,0.5000000000124187,3.3074463026797303
1651,45.83176,6.916845129297018e-07,7.32683866483849e-07,-1.422497826287577e-06,0.5000000000122424,3.3097280135594356
1652,45.85952,-6.867505720314774e-07,-7.274654649148949e-07,1.4123588603853484e-06,0.5000000000120685,3.3120137770351095
1653,45.88728,6.818516598006141e-07,7.222819521262715e-07,-1.4022899876181129e-06,0.500000000011897,3.3142877246387146
1654,45.91504,-6.769887024253638e-07,-7.171372329251947e-07,1.3922948676850382e-06,0.5000000000117281,3.316565616127814
1655,45.9428,6.721586514926465e-07,7.120305229663527e-07,-1.3823730034701877e-06,0.5000000000115614,3.318831801405894
1656,45.97056,-6.673641088963763e-07,-7.069583167207405e-07,1.3725200472500445e-06,0.5000000000113972,3.3211018234806735
1657,45.99832,6.626058233483127e-07,7.019231896909696e-07,-1.3627352796597055e-06,0.5000000000112353,3.3233602476570607
1658,46.02608,-6.578793736882949e-07,-6.969238346332642e-07,1.3530221173686119e-06,0.5000000000110758,3.3256224031420087
1659,46.05384,6.531864881753613e-07,6.919580170120632e-07,-1.3433800763303793e-06,0.5000000000109185,3.327873067711532
1660,46.0816,-6.485279949376166e-07,-6.870292711224709e-07,1.3338050611612684e-06,0.5000000000107634,3.330127359681361
1661,46.10936,6.439011129914694e-07,6.821368717393706e-07,-1.324296379109977e-06,0.5000000000106105,3.332370266407583
1662,46.13712,-6.393081932018815e-07,-6.772776198760155e-07,1.3148572199759065e-06,0.5000000000104597,3.334616698185231
1663,46.16488,6.34749904764479e-07,6.72453843991341e-07,-1.3054871116239312e-06,0.5000000000103112,3.336851849098185
1664,46.19264,-6.302222173214617e-07,-6.676643428715853e-07,1.2961821963373334e-06,0.5000000000101648,3.3390904242527992
1665,46.2204,6.257266900733249e-07,6.629070739870646e-07,-1.286941806985944e-06,0.5000000000100203,3.3413178216467245
1666,46.24816,-6.212640630412403e-07,-6.581852355698717e-07,1.2777689203663688e-06,0.500000000009878,3.343548543991657
1667,46.27592,6.168317983357543e-07,6.534981572422954e-07,-1.2686630769004148e-06,0.5000000000097377,3.3457681904227314
1668,46.30368,-6.124320192595467e-07,-6.488429189488443e-07,1.2596206419075316e-06,0.5000000000095993,3.3479910640135118
1669,46.33144,6.080653235611268e-07,6.442216250916634e-07,-1.2506409726356835e-06,0.500000000009463,3.3502029622975873
1670,46.3592,-6.037280361477792e-07,-6.396331710809083e-07,1.2417268466221555e-06,0.5000000000093286,3.3524179914299093
1671,46.38696,5.994215639404388e-07,6.350756894636272e-07,-1.2328778163549598e-06,0.5000000000091961,3.354622144640242
1672,46.41472,-5.951465667733851e-07,-6.305520736710341e-07,1.2240904566535913e-06,0.5000000000090655,3.3568293338479336
1673,46.44248,5.909007279469339e-07,6.260617035934428e-07,-1.2153641486481494e-06,0.5000000000089367,3.359025745312923
1674,46.47024,-5.866859649771097e-07,-6.216019132754269e-07,1.2067014831261628e-06,0.5000000000088097,3.361225099365922
1675,46.498,5.825028108930863e-07,6.171746038017527e-07,-1.1981020242930937e-06,0.5000000000086846,3.3634137726668403
1676,46.52576,-5.783479141454357e-07,-6.127787589150868e-07,1.1895625439732383e-06,0.5000000000085613,3.365605296569161
1677,46.55352,5.742225430704906e-07,6.08412671328338e-07,-1.1810824461515137e-06,0.5000000000084397,3.3677862355378863
1678,46.58128,-5.701272852900632e-07,-6.040789580424576e-07,1.1726641469151562e-06,0.5000000000083198,3.369969934525591
1679,46.60904,5.660600261191737e-07,5.997770444534722e-07,-1.1643072215377237e-06,0.5000000000082016,3.3721431432423468
1680,46.6368,-5.620224962441778e-07,-5.955044960481715e-07,1.156008627898527e-06,0.5000000000080851,3.374319022781505
1681,46.66456,5.580151705332055e-07,5.912630298306107e-07,-1.1477677910551482e-06,0.5000000000079703,3.376484505572592
1682,46.69232,-5.540349915151173e-07,-5.870517110216663e-07,1.1395869638663134e-06,0.500000000007857,3.378652571357249
1683,46.72008,5.500831024018993e-07,5.828689770770787e-07,-1.131465733057412e-06,0.5000000000077455,3.3808103327927856
1684,46.74784,-5.46160025991101e-07,-5.787171946482539e-07,1.123401230390978e-06,0.5000000000076354,3.3829705907429233
1685,46.7756,5.422638312073737e-07,5.745958313180518e-07,-1.1153929019568939e-06,0.500000000007527,3.385120635634578
1686,46.80336,-5.3839607923099e-07,-5.705026636104726e-07,1.1074428473817172e-06,0.5000000000074201,3.387273091894074
1687,46.83112,5.345571922700662e-07,5.664392415224718e-07,-1.0995506644844745e-06,0.5000000000073147,3.3894154252928104
1688,46.85888,-5.307443814101898e-07,-5.624047040553524e-07,1.0917136489698343e-06,0.5000000000072108,3.391560086227396
1689,46.88664,5.269586761946776e-07,5.583976215054467e-07,-1.0839312667180193e-06,0.5000000000071083,3.393694713421216
1690,46.9144,-5.23200540584284e-07,-5.54420133265845e-07,1.076205474241732e-06,0.5000000000070074,3.3958315856164387
1691,46.94216,5.194682109772493e-07,5.504717458631033e-07,-1.0685358801874305e-06,0.5000000000069078,3.3979585121281217
1692,46.96992,-5.157630954066447e-07,-5.46550427416026e-07,1.0609199341738277e-06,0.5000000000068097,3.4000876023872983
1693,46.99768,5.120855684702819e-07,5.426575770919077e-07,-1.0533571214806285e-06,0.500000000006713,3.402206833972152
1694,47.02544,-5.084330852793837e-07,-5.387924015745496e-07,1.0458492644551392e-06,0.5000000000066176,3.4043281493143303
1695,47.0532,5.048065725987705e-07,5.34953592281264e-07,-1.0383959822316749e-06,0.5000000000065237,3.40643969195794
1696,47.08096,-5.012064418714198e-07,-5.311430821700383e-07,1.0309948693544594e-06,0.500000000006431,3.408553239615855
1697,47.10872,4.976310816187304e-07,5.273604136225553e-07,-1.0236454292964532e-06,0.5000000000063396,3.410657099531833
1698,47.13648,-4.940817614417818e-07,-5.236037295963669e-07,1.0163493592773613e-06,0.5000000000062496,3.4127628869498645
1699,47.16424,4.905588128616447e-07,5.19874292242947e-07,-1.0091062886185381e-06,0.5000000000061608,3.4148590705776054
1700,47.192,-4.870599134277824e-07,-5.16171370270611e-07,1.001913948415408e-06,0.5000000000060733,3.4169571054097387
1701,47.21976,4.835858965490658e-07,5.124937657386783e-07,-9.94771859366231e-07,0.500000000005987,3.4190456194121803
1702,47.24752,-4.801371265298524e-07,-5.088432245930288e-07,9.876816017266492e-07,0.500000000005902,3.421135909519963
1703,47.27528,4.767121305892505e-07,5.052193219406729e-07,-9.806428145774989e-07,0.5000000000058181,3.4232167607813464
1704,47.30304,-4.733120524414533e-07,-5.016203604157887e-07,9.736533572712216e-07,0.5000000000057355,3.4252993142318506
1705,47.330799999999996,4.6993718525633344e-07,4.980474779549408e-07,-9.6671276777785e-07,0.500000000005654,3.4273725098554864
1706,47.35856,-4.665854094638246e-07,-4.944999995836696e-07,9.598225162120541e-07,0.5000000000055738,3.4294473349192685
1707,47.38632,4.632574736040951e-07,4.909768286115446e-07,-9.529822515824681e-07,0.5000000000054946,3.431512882225302
1708,47.41408,-4.5995369955953695e-07,-4.874795415122833e-07,9.461899540848025e-07,0.5000000000054166,3.433579987374369
1709,47.44184,4.5667274089998147e-07,4.840077434201922e-07,-9.394451774673075e-07,0.5000000000053396,3.4356378938975616
1710,47.4696,-4.5341562762004957e-07,-4.805598824986212e-07,9.327492895491429e-07,0.5000000000052638,3.437697287803331
1711,47.49736,4.5018261810632375e-07,4.771369839307588e-07,-9.261019488105973e-07,0.500000000005189,3.4397475612908335
1712,47.52512,-4.4697177713349586e-07,-4.73738425482173e-07,9.195012489498124e-07,0.5000000000051152,3.4417992528221033
1713,47.55288,4.43783777503981e-07,4.703632012097263e-07,-9.129467593453715e-07,0.5000000000050426,3.4438419012312376
1714,47.58064,-4.4061890222752054e-07,-4.670127349931809e-07,9.064397519756813e-07,0.500000000004971,3.445885899452156
1715,47.6084,4.3747592023122453e-07,4.63686659259612e-07,-8.999798942680476e-07,0.5000000000049004,3.447920930948204
1716,47.63616,-4.343557585848516e-07,-4.603835549454871e-07,8.935653870148015e-07,0.5000000000048308,3.4499572451162392
1717,47.66392,4.3125864439136926e-07,4.571043454313407e-07,-8.871958144789269e-07,0.5000000000047622,3.451984668070233
1718,47.69168,-4.28182810318849e-07,-4.5384845624115114e-07,8.808723590554645e-07,0.5000000000046945,3.454013307634145
1719,47.71944,4.2512886067047617e-07,4.506149648139006e-07,-8.745946973035653e-07,0.5000000000046279,3.456033130620664
1720,47.7472,-4.220970433987905e-07,-4.474051561942686e-07,8.683611302750997e-07,0.5000000000045621,3.4580541052184866
1721,47.77496,4.1908623298960756e-07,4.4421868869687777e-07,-8.621712567718957e-07,0.5000000000044973,3.4600663370134623
1722,47.80272,-4.1609726283727237e-07,-4.410542636668069e-07,8.560261751364313e-07,0.5000000000044335,3.462079656470481
1723,47.83048,4.1313033222410833e-07,4.37912712441875e-07,-8.499255710665705e-07,0.5000000000043704,3.4640843060490005
1724,47.85824,-4.101838265894126e-07,-4.3479350416048087e-07,8.438678397533129e-07,0.5000000000043083,3.4660899803757297
1725,47.886,4.072582880931819e-07,4.31695792900327e-07,-8.378525942028422e-07,0.5000000000042472,3.4680870569098525
1726,47.91376,-4.043539338648932e-07,-4.2862073770209365e-07,8.318808543662616e-07,0.5000000000041869,3.4700850963000303
1727,47.94152,4.014697336972906e-07,4.255680202850823e-07,-8.25952314243626e-07,0.5000000000041274,3.472074609156606
1728,47.96928,-3.9860643710723663e-07,-4.225364524934605e-07,8.200654586235352e-07,0.5000000000040687,3.4740650239851805
1729,47.99704,3.9576421817866523e-07,4.195267812806142e-07,-8.142199130046467e-07,0.5000000000040109,3.476046982723675
1730,48.0248,-3.929416016419358e-07,-4.165385171168904e-07,8.084166248720824e-07,0.500000000003954,3.4780297835447973
1731,48.05256,3.9013907338070197e-07,4.135708831980013e-07,-8.026552964586641e-07,0.5000000000038978,3.4800041979151195
1732,48.08032,-3.873568224490635e-07,-4.106249247555462e-07,7.969344960572319e-07,0.5000000000038425,3.481979395460148
1733,48.10808,3.845939059320516e-07,4.077003451111933e-07,-7.912538622882469e-07,0.5000000000037879,3.4839462754004913
1734,48.13584,-3.818509976261565e-07,-4.0479605645238337e-07,7.856142736617967e-07,0.5000000000037341,3.4859138805759855
1735,48.1636,3.7912824822450696e-07,4.019127307597355e-07,-7.800154408976759e-07,0.500000000003681,3.4878732362106732
1736,48.19136,-3.764243102350834e-07,-3.99049914057507e-07,7.744560112356769e-07,0.5000000000036288,3.489833260096405
1737,48.21912,3.737396178093988e-07,3.9620689440849136e-07,-7.689356352801775e-07,0.5000000000035772,3.4917851017337376
1738,48.24688,-3.710743358862527e-07,-3.9338461340885407e-07,7.634551281947202e-07,0.5000000000035264,3.4937375555807026
1739,48.27464,3.684276008230681e-07,3.905827943447738e-07,-7.580142083212007e-07,0.5000000000034763,3.495681893710814
1740,48.3024,-3.658000171799899e-07,-3.8780044131492275e-07,7.526115972513906e-07,0.5000000000034269,3.497626788939248
1741,48.33016,3.6319171571841696e-07,3.8503815745814275e-07,-7.472469574434752e-07,0.5000000000033783,3.499563634231977
1742,48.35792,-3.606014646262592e-07,-3.822955233802104e-07,7.419210441694463e-07,0.5000000000033302,3.5015009824293757
1743,48.38568,3.5802965214770666e-07,3.795718844243418e-07,-7.366335834083009e-07,0.5000000000032829,3.5034303457321254
1744,48.41344,-3.554764206461731e-07,-3.768680893604914e-07,7.313833672300442e-07,0.5000000000032363,3.505360158651272
1745,48.4412,3.529409794322856e-07,3.741838793958397e-07,-7.261700690474492e-07,0.5000000000031903,3.5072820509869014
1746,48.46896,-3.504238703777028e-07,-3.715183424235491e-07,7.209943883156876e-07,0.500000000003145,3.5092043405439006
1747,48.49672,3.4792520633555067e-07,3.688720200982066e-07,-7.158560587690867e-07,0.5000000000031004,3.5111187731086013
1748,48.52448,-3.454438609466438e-07,-3.6624452353463965e-07,7.107539382319363e-07,0.5000000000030563,3.5130335513809112
1749,48.55224,3.429801804788468e-07,3.63635252155493e-07,-7.05687711179127e-07,0.5000000000030129,3.5149405355421037
1750,48.58,-3.405342879761058e-07,-3.61044968669266e-07,7.006580248498352e-07,0.5000000000029702,3.516847814766584
1751,48.60776,3.381054584662774e-07,3.5847343251690785e-07,-6.956646207336132e-07,0.500000000002928,3.518747362060822
1752,48.63552,-3.356941780313296e-07,-3.559198072933256e-07,6.907064180400677e-07,0.5000000000028864,3.5206471546317797
1753,48.66328,3.3330054266759596e-07,3.533845789265992e-07,-6.857831121987738e-07,0.5000000000028454,3.522539276762654
1754,48.69104,-3.3092352268976065e-07,-3.5086738728712327e-07,6.80895302041523e-07,0.500000000002805,3.5244315952298986
1755,48.7188,3.285634267991e-07,3.483676796885747e-07,-6.760427358069277e-07,0.5000000000027651,3.526316304065958
1756,48.74656,-3.2622035983199107e-07,-3.458861432441842e-07,6.712243915041434e-07,0.5000000000027258,3.5282011611328654
1757,48.77432,3.2389365743123427e-07,3.434225525121638e-07,-6.664399741953961e-07,0.5000000000026871,3.5300784687055393
1758,48.80208,-3.2158375464445444e-07,-3.409761408779133e-07,6.616900377809754e-07,0.500000000002649,3.531955877227114
1759,48.82984,3.1929073326198116e-07,3.3854734375495927e-07,-6.569743372351525e-07,0.5000000000026114,3.5338257957286476
1760,48.8576,-3.170136510835234e-07,-3.3613582676293617e-07,6.522919057743676e-07,0.5000000000025743,3.5356957687096005
1761,48.88536,3.147527827263019e-07,3.33741082439632e-07,-6.476424582209877e-07,0.5000000000025376,3.537558310490997
1762,48.91312,-3.125082176961943e-07,-3.3136372777744013e-07,6.430265060345171e-07,0.5000000000025017,3.5394208610838245
1763,48.94088,3.10279346453941e-07,3.290035521120476e-07,-6.384438110164701e-07,0.5000000000024661,3.541276038652791
1764,48.96864,-3.0806655823197584e-07,-3.2665985283397703e-07,6.338934586438777e-07,0.500000000002431,3.543131180155864
1765,48.9964,3.058699215502029e-07,3.2433301911405853e-07,-6.293751725223631e-07,0.5000000000023965,3.5449790061747732
1766,49.02416,-3.0368857424112773e-07,-3.2202274148631424e-07,6.248894250764269e-07,0.5000000000023624,3.5468267520304275
1767,49.05192,3.0152276053740934e-07,3.197285520902421e-07,-6.20435984687679e-07,0.5000000000023289,3.5486672393142853
1768,49.07968,-2.993725556142063e-07,-3.174510059000985e-07,6.16013985114835e-07,0.5000000000022958,3.550507603106928
1769,49.10744,2.972374004308921e-07,3.151899055699618e-07,-6.11623159773779e-07,0.5000000000022632,3.552340764621349
1770,49.1352,-2.951176422491273e-07,-3.129446062288821e-07,6.07263943833398e-07,0.5000000000022311,3.554173760075558
1771,49.16296,2.930133387730848e-07,3.10715456180403e-07,-6.029361121139572e-07,0.5000000000021994,3.5559996089347514
1772,49.19072,-2.9092370030882725e-07,-3.085021677528768e-07,5.986388447416858e-07,0.5000000000021682,3.557825249913399
1773,49.21848,2.888489436525532e-07,3.063043107367409e-07,-5.943718837544327e-07,0.5000000000021374,3.559643799378163
1774,49.24624,-2.8678913134404357e-07,-3.041223831100018e-07,5.901356300053427e-07,0.500000000002107,3.5614620998805377
1775,49.274,2.8474374984661667e-07,3.0195620003380664e-07,-5.859298644958877e-07,0.5000000000020771,3.563273363356259
1776,49.30176,-2.8271311007385765e-07,-2.9980516969008164e-07,5.817538109728339e-07,0.5000000000020476,3.5650843375161942
1777,49.32952,2.8069725823842154e-07,2.9766960292654507e-07,-5.776072196896856e-07,0.5000000000020185,3.566888328550864
1778,49.35728,-2.7869547183502865e-07,-2.9554923277613723e-07,5.734904592964087e-07,0.5000000000019899,3.5686919906348766
1779,49.38504,2.767079427812291e-07,2.9344366270784945e-07,-5.694033171576453e-07,0.5000000000019615,3.570488722917113
1780,49.4128,-2.74734722168656e-07,-2.913533394775079e-07,5.653450578277912e-07,0.5000000000019337,3.5722850873225505
1781,49.44056,2.7277533880834426e-07,2.892780901372261e-07,-5.613154400403619e-07,0.5000000000019063,3.574074574679627
1782,49.46832,-2.7083006926702834e-07,-2.87217370886772e-07,5.573148022034934e-07,0.5000000000018792,3.5758636559328205
1783,49.49608,2.6889895102201887e-07,2.851714594895053e-07,-5.533429378895057e-07,0.5000000000018525,3.5776459123287125
1784,49.52384,-2.669813221378558e-07,-2.831401070577725e-07,5.493991500160299e-07,0.5000000000018262,3.5794277250831397
1785,49.5516,2.6507735229053253e-07,2.8112294860262775e-07,-5.454832050659974e-07,0.5000000000018002,3.5812027646165685
1786,49.57936,-2.6318708259578023e-07,-2.791203845715616e-07,5.415954142464391e-07,0.5000000000017747,3.582977323651022
1787,49.60712,2.613100801939898e-07,2.771322523688664e-07,-5.377355762895655e-07,0.5000000000017495,3.5847451605535157
1788,49.63488,-2.5944659116155473e-07,-2.751580527871056e-07,5.339030309464203e-07,0.5000000000017246,3.5865124807702866
1789,49.66264,2.575966447774546e-07,2.731980329841385e-07,-5.300975521668333e-07,0.5000000000017001,3.5882731294042536
1790,49.6904,-2.557596345593548e-07,-2.712519616429802e-07,5.263194248659511e-07,0.500000000001676,3.5900332258273107
1791,49.71816,2.539357101261075e-07,2.693195019928557e-07,-5.225684535495584e-07,0.5000000000016521,3.5917867006841204
1792,49.74592,-2.5212490361216316e-07,-2.674010126077077e-07,5.188440124020134e-07,0.5000000000016287,3.593539588457314
1793,49.77368,2.5032681712832034e-07,2.6549634144008894e-07,-5.151458825612678e-07,0.5000000000016055,3.5952859041553804
1794,49.80144,-2.4854166923018734e-07,-2.6360502936029206e-07,5.114743254333282e-07,0.5000000000015827,3.5970315985406387
1795,49.8292,2.467694825459282e-07,2.6172729553619677e-07,-5.078291505753467e-07,0.5000000000015603,3.5987707698235285
1796,49.85696,-2.450097007205536e-07,-2.598629255979763e-07,5.042097643258545e-07,0.5000000000015381,3.6005092861990757
1797,49.88472,2.4326245540162716e-07,2.5801160823473954e-07,-5.006159549577028e-07,0.5000000000015162,3.602241327933615
1798,49.91248,-2.4152777071659504e-07,-2.5617366470143836e-07,4.970479614790317e-07,0.5000000000014947,3.603972681792191
1799,49.94024,2.398052814614361e-07,2.543489512046446e-07,-4.935055988829768e-07,0.5000000000014735,3.6056976089665835
1800,49.967999999999996,-2.3809518078385811e-07,-2.525370462747034e-07,4.899883040516929e-07,0.5000000000014525,3.607421815913672
1801,49.99576,2.363974851189028e-07,2.507381447579304e-07,-4.864958721209579e-07,0.500000000001432,3.6091396436356336
1802,50.02352,-2.3471168410564318e-07,-2.489520463741608e-07,4.83028520924444e-07,0.5000000000014115,3.6108567193877077
1803,50.05128,2.330378932047239e-07,2.471784639466625e-07,-4.79586070828608e-07,0.5000000000013916,3.612567462882603
1804,50.07904,-2.3137613027966345e-07,-2.454176842380729e-07,4.761679873110579e-07,0.5000000000013718,3.614277423265365
1805,50.1068,2.2972605813135903e-07,2.436695729138565e-07,-4.727740725457021e-07,0.5000000000013523,3.615981097874366
1806,50.13456,-2.2808784889197596e-07,-2.419337417070011e-07,4.6940452464508754e-07,0.500000000001333,3.6176839588210092
1807,50.16232,2.264615129567318e-07,2.402103630024844e-07,-4.6605916917231497e-07,0.5000000000013142,3.61938057999925
1808,50.19008,-2.2484658198086973e-07,-2.3849925039440655e-07,4.627374987962505e-07,0.5000000000012955,3.6210763575487315
1809,50.21784,2.2324315673838413e-07,2.368001390403676e-07,-4.5943932168579087e-07,0.5000000000012771,3.6227659408634856
1810,50.2456,-2.2165124913119173e-07,-2.3511328412194714e-07,4.56164818033038e-07,0.5000000000012589,3.624454651158788
1811,50.27336,2.2007054897144198e-07,2.334385594670464e-07,-4.52913818196208e-07,0.500000000001241,3.6261372122876514
1812,50.30112,-2.185012082994396e-07,-2.3177560781739714e-07,4.4968584128005434e-07,0.5000000000012235,3.6278188715740822
1813,50.32888,2.1694323188210896e-07,2.3012458172535944e-07,-4.4648070063008304e-07,0.500000000001206,3.6294944263031637
1814,50.35664,-2.1539619075515992e-07,-2.284853074141797e-07,4.4329856022786163e-07,0.5000000000011889,3.6311690509266428
1815,50.3844,2.1386017234892307e-07,2.2685753952922235e-07,-4.401392551556264e-07,0.5000000000011721,3.6328376151487727
1816,50.41216,-2.1233518302950174e-07,-2.2524150603192645e-07,4.3700232839918755e-07,0.5000000000011554,3.6345052215541394
1817,50.43992,2.108209376279384e-07,2.2363708788563968e-07,-4.338875998852788e-07,0.500000000001139,3.6361668112670844
1818,50.46768,-2.093175694561925e-07,-2.2204395644376262e-07,4.307952174553723e-07,0.5000000000011228,3.63782741599641
1819,50.49544,2.0782507955073496e-07,2.2046224562386284e-07,-4.2772502095318086e-07,0.5000000000011069,3.6394820473010983
1820,50.5232,-2.0634307378327507e-07,-2.1889179377250206e-07,4.2467657621651627e-07,0.5000000000010911,3.64113566699201
1821,50.55096,2.0487162766258393e-07,2.173323737781079e-07,-4.216497086068376e-07,0.5000000000010756,3.6427833560907725
1822,50.57872,-2.0341074335435686e-07,-2.1578418855863987e-07,4.1864455203651246e-07,0.5000000000010604,3.644430007474789
1823,50.60648,2.019601576971629e-07,2.1424712600615074e-07,-4.156609507017795e-07,0.5000000000010453,3.6460707706696
1824,50.63424,-2.0051998787577738e-07,-2.1272088324142402e-07,4.126984920077154e-07,0.5000000000010304,3.6477104705704706
1825,50.662,1.9909023136692674e-07,2.1120557821988096e-07,-4.0975700704953775e-07,0.5000000000010159,3.6493443242612167
1826,50.68976,-1.9767052606037492e-07,-2.097010597507987e-07,4.0683661572609857e-07,0.5000000000010014,3.6509770895932756
1827,50.71752,1.9626093716862414e-07,2.0820711764302422e-07,-4.039371669521932e-07,0.5000000000009872,3.652604050276023
1828,50.74528,-1.948614623566481e-07,-2.0672393234405391e-07,4.010582687100729e-07,0.5000000000009731,3.6542298980425576
1829,50.77304,1.934718591972661e-07,2.0525139795195235e-07,-3.9819975701963007e-07,0.5000000000009593,3.655849982307826
1830,50.8008,-1.9209223060724606e-07,-2.0378923537567317e-07,3.953617398319144e-07,0.5000000000009457,3.6574689295994403
1831,50.82856,1.9072257039607955e-07,2.0233754844188073e-07,-3.925440702560906e-07,0.5000000000009323,3.6590821541305076
1832,50.85632,-1.893625460220406e-07,-2.0089619537748772e-07,3.8974637537449586e-07,0.500000000000919,3.6606942181235147
1833,50.88408,1.880122131314721e-07,1.9946498183108586e-07,-3.869684965458344e-07,0.5000000000009059,3.6623005996947136
1834,50.91184,-1.8667156606864978e-07,-1.980440676634844e-07,3.8421053010775894e-07,0.5000000000008931,3.663905797649522
1835,50.9396,1.8534038103516716e-07,1.966333532688079e-07,-3.8147233283770206e-07,0.5000000000008804,3.6655053531245563
1836,50.96736,-1.8401874792505862e-07,-1.9523258099063412e-07,3.7875355083716775e-07,0.5000000000008679,3.667103702384079
1837,50.99512,1.827066579433076e-07,1.9384184142578496e-07,-3.760540301094402e-07,0.5000000000008555,3.6686964487143516
1838,51.02288,-1.8140380512387953e-07,-1.9246100211680097e-07,3.7337385620639644e-07,0.5000000000008434,3.670287966702415
1839,51.05064,1.8011023672492854e-07,1.9108988325727008e-07,-3.7071289015606346e-07,0.5000000000008314,3.6718739209253632
1840,51.0784,-1.7882594421670035e-07,-1.8972862600436366e-07,3.680707950597423e-07,0.5000000000008197,3.673458625145131
1841,51.10616,1.7755072069788655e-07,1.8837713650451732e-07,-3.6544742164996025e-07,0.500000000000808,3.675037804382579
1842,51.13392,-1.7628464446381777e-07,-1.8703517701279537e-07,3.6284284579543915e-07,0.5000000000007965,3.67661571241499
1843,51.16168,1.7502770446519286e-07,1.8570282631826893e-07,-3.6025693224521933e-07,0.5000000000007851,3.6781881338715072
1844,51.18944,-1.737796190864911e-07,-1.8437996067186955e-07,3.5768936058056335e-07,0.500000000000774,3.679759263373712
1845,51.2172,1.725404285002341e-07,1.8306641273738344e-07,-3.5513998646055833e-07,0.5000000000007631,3.681324944334986
1846,51.24496,-1.7131012091106462e-07,-1.8176230798122802e-07,3.5260887611971316e-07,0.5000000000007522,3.6828893130388116
1847,51.27272,1.7008850583121957e-07,1.8046755723267413e-07,-3.5009589838509875e-07,0.5000000000007415,3.684448270870026
1848,51.30048,-1.6887565057499914e-07,-1.79181941284412e-07,3.476007482957585e-07,0.500000000000731,3.686005896580432
1849,51.32824,1.6767154225792746e-07,1.7790552840994834e-07,-3.451232856369859e-07,0.5000000000007206,3.6875581487246696
1850,51.356,-1.6647592191601326e-07,-1.7663820234056335e-07,3.4266356867224473e-07,0.5000000000007104,3.6891090493182306
1851,51.38376,1.652888224068505e-07,1.7537980845414631e-07,-3.402214697739931e-07,0.5000000000007003,3.690654613294875
1852,51.41152,-1.641102302208e-07,-1.7413045702382566e-07,3.3779669824433307e-07,0.5000000000006903,3.692198806718261
1853,51.43928,1.62939969149044e-07,1.7289006351813458e-07,-3.353891186391368e-07,0.5000000000006806,3.6937377001214107
1854,51.46704,-1.6177809745839564e-07,-1.7165842569610845e-07,3.329987810896858e-07,0.5000000000006709,3.695275204389887
1855,51.4948,1.6062460014389197e-07,1.7043560215676522e-07,-3.306255616459248e-07,0.5000000000006614,3.696807444886791
1856,51.52256,-1.594792388144677e-07,-1.692214843681707e-07,3.282691836129135e-07,0.5000000000006519,3.698338278082724
1857,51.55032,1.583420404793756e-07,1.6801592820199437e-07,-3.2592951551953184e-07,0.5000000000006427,3.6998638834122195
1858,51.57808,-1.5721298975024194e-07,-1.6681903106678726e-07,3.2360660015795907e-07,0.5000000000006336,3.7013880636835923
1859,51.60584,1.5609192334259598e-07,1.656307129400137e-07,-3.2130031749744396e-07,0.5000000000006246,3.7029070516545577
1860,51.6336,-1.5497889140534323e-07,-1.6445078687699066e-07,3.190104034082272e-07,0.5000000000006157,3.704424597213499
1861,51.66136,1.538738773811077e-07,1.6327930309116846e-07,-3.1673673092815743e-07,0.500000000000607,3.7059369857033144
1862,51.68912,-1.52776661643637e-07,-1.6211616008206343e-07,3.144793363722123e-07,0.5000000000005983,3.7074479148246433
1863,51.71688,1.5168726608116856e-07,1.6096122340820235e-07,-3.122381024262479e-07,0.5000000000005899,3.708953721777668
1864,51.74464,-1.5060567366039688e-07,-1.5981457845811121e-07,3.1001277779412015e-07,0.5000000000005814,3.7104580527974322
1865,51.7724,1.4953173310313735e-07,1.586761502760369e-07,-3.0780323922752447e-07,0.5000000000005732,3.7119572962234924
1866,51.80016,-1.4846548748679904e-07,-1.5754576498938633e-07,3.056095167204125e-07,0.500000000000565,3.7134550475375376
1867,51.82792,1.474069186829403e-07,1.5642346595055958e-07,-3.0343149669184903e-07,0.500000000000557,3.7149477455104214
1868,51.85568,-1.4635582438895998e-07,-1.5530915713102066e-07,3.012689395427967e-07,0.5000000000005491,3.7164389355729575
1869,51.88344,1.4531222181091152e-07,1.542027145972667e-07,-2.9912172561092225e-07,0.5000000000005413,3.71792510622893
1870,51.9112,-1.442760925737349e-07,-1.5310421220228501e-07,2.9698987935431743e-07,0.5000000000005336,3.719409753551111
1871,51.93896,1.4324729702558146e-07,1.5201357885863487e-07,-2.948732906085121e-07,0.500000000000526,3.720889415087427
1872,51.96672,-1.4222587056885777e-07,-1.5093065441895703e-07,2.927717303710437e-07,0.5000000000005186,3.7223675382359485
1873,51.99448,1.4121179467792163e-07,1.4985547536725863e-07,-2.9068508299382923e-07,0.5000000000005113,3.7238407089093952
1874,52.02224,-1.4020488262024554e-07,-1.48787951172666e-07,2.8861336770533177e-07,0.5000000000005039,3.725312326505092
1875,52.05,1.3920514763121616e-07,1.4772796641117046e-07,-2.865564772177479e-07,0.5000000000004968,3.7267790246305283
1876,52.07776,-1.382125702593513e-07,-1.4667558564666935e-07,2.8451419350169837e-07,0.5000000000004897,3.728244155346989
1877,52.10552,1.3722702107440024e-07,1.4563074125692606e-07,-2.824864040203406e-07,0.5000000000004827,3.7297043992959
1878,52.13328,-1.3624852933383326e-07,-1.4459328523397375e-07,2.804731232680945e-07,0.500000000000476,3.7311630618580938
1879,52.16104,1.352770760413231e-07,1.4356324754969174e-07,-2.7847424729227743e-07,0.5000000000004692,3.732616870057164
1880,52.1888,-1.3431248862253164e-07,-1.4254054400182193e-07,2.764895678904533e-07,0.5000000000004625,3.7340690832400707
1881,52.21656,1.3335477677678398e-07,1.4152506629335847e-07,-2.745189758451514e-07,0.500000000000456,3.735516474169758
1882,52.24432,-1.324039204291643e-07,-1.4051687049932623e-07,2.725624816037099e-07,0.5000000000004494,3.736962256797019
1883,52.27208,1.314597990439148e-07,1.3951589307532868e-07,-2.7061998378488647e-07,0.5000000000004431,3.7384032489901484
1884,52.29984,-1.3052243718469546e-07,-1.385219962068973e-07,2.6869128378493125e-07,0.5000000000004368,3.739842619932718
1885,52.3276,1.2959181495422243e-07,1.3753520474714078e-07,-2.6677627569269364e-07,0.5000000000004305,3.7412772319730823
1886,52.35536,-1.2866777307727312e-07,-1.3655543979150845e-07,2.648749661225308e-07,0.5000000000004244,3.742710210147899
1887,52.38312,1.27750317657771e-07,1.3558260039713138e-07,-2.629872561662597e-07,0.5000000000004184,3.744138460668876
1888,52.41088,-1.2683942819706286e-07,-1.3461673495784715e-07,2.61112956840472e-07,0.5000000000004124,3.7455650650375394
1889,52.43864,1.2593499312958857e-07,1.3365778285841066e-07,-2.592519650840042e-07,0.5000000000004066,3.74698697272071
1890,52.4664,-1.250370318172145e-07,-1.3270561660672087e-07,2.57404283421252e-07,0.5000000000004008,3.7484072222881686
1891,52.49416,1.2414552389805381e-07,1.3176025626481994e-07,-2.555698160950844e-07,0.5000000000003951,3.749822805861964
1892,52.52192,-1.2326032263571663e-07,-1.3082162744018876e-07,2.5374838268001045e-07,0.5000000000003896,3.751236719675213
1893,52.54968,1.2238143110021582e-07,1.2988963626637885e-07,-2.5193988306439e-07,0.500000000000384,3.752645997913556
1894,52.57744,-1.2150882820739648e-07,-1.2896432372554007e-07,2.5014431651057815e-07,0.5000000000003786,3.754053595060352
1895,52.605199999999996,1.2064241050249958e-07,1.2804563288392864e-07,-2.483615904236204e-07,0.5000000000003731,3.7554565867813166
1896,52.63296,-1.1978219334879265e-07,-1.2713344510473235e-07,2.465915316760007e-07,0.5000000000003678,3.7568578863888944
1897,52.66072,1.1892815589246558e-07,1.2622777637033807e-07,-2.448340436499393e-07,0.5000000000003626,3.7582546104533825
1898,52.68848,-1.1808016248828987e-07,-1.2532855659076292e-07,2.4308912248378174e-07,0.5000000000003575,3.75964963168719
1899,52.71624,1.1723821369269416e-07,1.2443569807779924e-07,-2.413566778670075e-07,0.5000000000003524,3.761040106997611
1900,52.744,-1.164022880925466e-07,-1.2354923614021887e-07,2.396365447315434e-07,0.5000000000003474,3.7624288690600474
1901,52.77176,1.1557228943171459e-07,1.2266911618111777e-07,-2.3792862916620638e-07,0.5000000000003425,3.763813114559012
1902,52.79952,-1.1474822944168053e-07,-1.2179522834721013e-07,2.362329246341447e-07,0.5000000000003376,3.7651956366881865
1903,52.82728,1.1393008728670644e-07,1.2092758508674966e-07,-2.3454934345212826e-07,0.5000000000003328,3.766573671357217
1904,52.85504,-1.1311773737968879e-07,-1.2006611986682778e-07,2.328777275072014e-07,0.5000000000003281,3.7679499728257064
1905,52.8828,1.1231117802434909e-07,1.1921075120897485e-07,-2.3121798602938527e-07,0.5000000000003234,3.7693218156839485
1906,52.91056,-1.1151038760063756e-07,-1.1836150852182386e-07,2.295701099014687e-07,0.5000000000003189,3.77069191579758
1907,52.93832,1.1071527696895347e-07,1.1751834032135056e-07,-2.2793401396567315e-07,0.5000000000003143,3.7720575859005328
1908,52.96608,-1.099258542089257e-07,-1.1668114452412226e-07,2.263095467572415e-07,0.5000000000003099,3.773421503997161
1909,52.99384,1.0914209855262461e-07,1.1584992987379265e-07,-2.246966205274822e-07,0.5000000000003054,3.7747810204354204
1910,53.0216,-1.0836389362317442e-07,-1.1502463422077396e-07,2.23095223765071e-07,0.5000000000003011,3.7761387758837284
1911,53.04936,1.0759123614256794e-07,1.1420518114429396e-07,-2.2150527362425125e-07,0.5000000000002969,3.777492157781737
1912,53.07712,-1.0682410405152774e-07,-1.1339159529878136e-07,2.199266253336096e-07,0.5000000000002927,3.7788437699800403
1913,53.10488,1.0606241429377898e-07,1.1258382765608994e-07,-2.1835919360228626e-07,0.5000000000002884,3.78019103649485
1914,53.13264,-1.0530617244937493e-07,-1.1178178360715663e-07,2.1680296513677935e-07,0.5000000000002843,3.7815365248699173
1915,53.1604,1.0455535774221528e-07,1.1098546853037921e-07,-2.1525785918939087e-07,0.5000000000002803,3.78287769518996
1916,53.18816,-1.03809862225101e-07,-1.1019482394723175e-07,2.1372373741195155e-07,0.5000000000002763,3.7842170791958374
1917,53.21592,1.0306968112328008e-07,1.0940977859810714e-07,-2.1220051707462858e-07,0.5000000000002724,3.7855521725397177
1918,53.24368,-1.0233479246373804e-07,-1.0863035268786276e-07,2.1068818280823734e-07,0.5000000000002686,3.7868854716565714
1919,53.27144,1.0160511872810529e-07,1.0785649955165209e-07,-2.0918665619276419e-07,0.5000000000002647,3.7882145072718565
1920,53.2992,-1.0088066310550471e-07,-1.0708813091842018e-07,2.0769580516092577e-07,0.500000000000261,3.789541741004818
1921,53.32696,1.0016140461131361e-07,1.063252502097139e-07,-2.062155488704399e-07,0.5000000000002572,3.7908647381668494
1922,53.35472,-9.944724356376377e-08,-1.0556780225323992e-07,2.047458705659413e-07,0.5000000000002536,3.7921859260448785
1923,53.38248,9.873817341521374e-08,1.0481571964186672e-07,-2.0328669405118984e-07,0.50000000000025,3.7935029040555923
1924,53.41024,-9.803417256477045e-08,-1.0406901937642875e-07,2.018378928580034e-07,0.5000000000002465,3.794818065630345
1925,53.438,9.733516874829755e-08,1.0332765673819514e-07,-2.003993886908963e-07,0.5000000000002429,3.7961290438170954
1926,53.46576,-9.664116294328256e-08,-1.0259154981095975e-07,1.9897116319445436e-07,0.5000000000002395,3.7974381986618084
1927,53.49352,9.595213418818706e-08,1.0186069987610965e-07,-1.9755314240288218e-07,0.5000000000002361,3.7987431963762193
1928,53.52128,-9.526799029189681e-08,-1.0113505460478325e-07,1.961452052241175e-07,0.5000000000002327,3.8000463640845954
1929,53.54904,9.45887232983722e-08,1.0041455093828022e-07,-1.9474727556994296e-07,0.5000000000002295,3.8013454007014054
1930,53.5768,-9.39143119156525e-08,-9.969920231168808e-08,1.9335933358984243e-07,0.5000000000002262,3.8026426008865237
1931,53.60456,9.324468866419455e-08,9.898896643107417e-08,-1.919813078877902e-07,0.5000000000002229,3.8039356958024513
1932,53.63232,-9.257985267450607e-08,-9.828376690279583e-08,1.9061308187253247e-07,0.5000000000002198,3.805226948095676
1933,53.66008,9.191978311769494e-08,9.75836027618093e-08,-1.8925458210114826e-07,0.5000000000002167,3.8065141207282958
1934,53.68784,-9.126439445802445e-08,-9.688842495992058e-08,1.8790578765266335e-07,0.5000000000002136,3.807799444778192
1935,53.7156,9.061367767237982e-08,9.619817430931898e-08,-1.8656662859646933e-07,0.5000000000002106,3.809080714564822
1936,53.74336,-8.996761192206763e-08,-9.551286115767832e-08,1.8523699375611588e-07,0.5000000000002076,3.810360130036103
1937,53.77112,8.932613385323363e-08,9.483244523335403e-08,-1.839168115511364e-07,0.5000000000002046,3.8116355164326947
1938,53.79888,-8.868924130277358e-08,-9.415685531255491e-08,1.8260605995811098e-07,0.5000000000002017,3.812909043005156
1939,53.82664,8.805691378501081e-08,9.348608882381225e-08,-1.8130467173860063e-07,0.5000000000001988,3.814178565485211
1940,53.8544,-8.742907118612695e-08,-9.282009922636489e-08,1.8001253939256664e-07,0.5000000000001961,3.8154462228526866
1941,53.88216,8.680570462438197e-08,9.215883152626162e-08,-1.7872959386279688e-07,0.5000000000001933,3.816709900906168
1942,53.90992,-8.618679284629029e-08,-9.150229275223725e-08,1.7745581253478312e-07,0.5000000000001905,3.8179717087754956
1943,53.93768,8.557227688274578e-08,9.085044492490665e-08,-1.7619112942413177e-07,0.5000000000001877,3.8192295619077603
1944,53.96544,-8.4962153245002e-08,-9.020322144781545e-08,1.7493544197782241e-07,0.5000000000001851,3.8204855399977564
1945,53.9932,8.435640121491062e-08,8.956061853297337e-08,-1.7368868299076022e-07,0.5000000000001825,3.8217375877284976
1946,54.02096,-8.37549472402926e-08,-8.892259182769693e-08,1.7245082898051165e-07,0.5000000000001799,3.8229877557689393
1947,54.04872,8.315778099454718e-08,8.828908987688434e-08,-1.7122181577668613e-07,0.5000000000001773,3.8242340176311336
1948,54.07648,-8.256488170570577e-08,-8.766011756236711e-08,1.7000154516720015e-07,0.5000000000001749,3.82547839536176
1949,54.10424,8.197619429837693e-08,8.703563858457988e-08,-1.6878995179438268e-07,0.5000000000001723,3.82671889090063
1950,54.132,-8.139171400964493e-08,-8.64155906832309e-08,1.6758701157579446e-07,0.5000000000001699,3.827957498070143
1951,54.15976,8.081142074822409e-08,8.579996888515085e-08,-1.66392662270616e-07,0.5000000000001675,3.8291922468421338
1952,54.18752,-8.023524570359384e-08,-8.518873127038585e-08,1.6520680952267126e-07,0.5000000000001651,3.8304251032072143
1953,54.21528,7.96631782762347e-08,8.458182928695554e-08,-1.6402938992833247e-07,0.5000000000001628,3.8316541247789706
1954,54.24304,-7.909519795088849e-08,-8.397926580652416e-08,1.6286037861927083e-07,0.5000000000001604,3.832881250103306
1955,54.2708,7.853125341250239e-08,8.338100649032554e-08,-1.6169971539952455e-07,0.5000000000001582,3.834104564050671
1956,54.29856,-7.797133853943748e-08,-8.278699326069727e-08,1.6054730973729347e-07,0.5000000000001559,3.8353259781039895
1957,54.32632,7.741543371989147e-08,8.219721963440235e-08,-1.5940309995681845e-07,0.5000000000001537,3.8365436040110064
1958,54.35408,-7.686347509785974e-08,-8.161164637695126e-08,1.5826706065297347e-07,0.5000000000001515,3.8377593265681247
1959,54.38184,7.631545151376429e-08,8.103022755434365e-08,-1.5713913367865462e-07,0.5000000000001493,3.838971284026054
1960,54.4096,-7.577134280742041e-08,-8.045296435405731e-08,1.5601923141555426e-07,0.5000000000001472,3.8401813348659335
1961,54.43736,7.52311009800142e-08,7.98798240177325e-08,-1.5490729468906356e-07,0.5000000000001451,3.8413876434722756
1962,54.46512,-7.469471888799937e-08,-7.931075218792216e-08,1.5380329757575816e-07,0.5000000000001431,3.8425920423770856
1963,54.49288,7.416217768894071e-08,7.874574163560852e-08,-1.52707183092966e-07,0.5000000000001411,3.843792721734619
1964,54.52064,-7.363341739322918e-08,-7.81847551836669e-08,1.5161886785371476e-07,0.5000000000001391,3.8449914884888137
1965,54.5484,7.3108426756896e-08,7.762774957992115e-08,-1.5053829373762165e-07,0.5000000000001371,3.8461865582046415
1966,54.57616,-7.258718628624475e-08,-7.707472417975185e-08,1.494654347575321e-07,0.5000000000001351,3.847379712594049
1967,54.60392,7.206965087490198e-08,7.652564831731781e-08,-1.4840023576485978e-07,0.5000000000001332,3.848569192278653
1968,54.63168,-7.155581234051999e-08,-7.598047058188229e-08,1.4734261626504286e-07,0.5000000000001313,3.8497567540895683
1969,54.65944,7.104565256064487e-08,7.543918318869818e-08,-1.462925199656714e-07,0.5000000000001295,3.8509406633558796
1970,54.6872,-7.053911546259617e-08,-7.490175117373522e-08,1.4524992104086088e-07,0.5000000000001276,3.85212265237417
1971,54.71496,7.003618973655534e-08,7.436813371188266e-08,-1.4421476540225655e-07,0.5000000000001258,3.8533010108366446
1972,54.74272,-6.953685597037987e-08,-7.383832892859036e-08,1.4318697589242585e-07,0.500000000000124,3.854477446846864
1973,54.77048,6.904107198887348e-08,7.331230721226682e-08,-1.4216649826577836e-07,0.5000000000001222,3.855650274120569
1974,54.79824,-6.854882964545933e-08,-7.279002067761553e-08,1.41153305632352e-07,0.5000000000001206,3.8568211769050893
1975,54.826,6.806011037242058e-08,7.227146093479081e-08,-1.4014734618836634e-07,0.5000000000001188,3.8579884926048025
1976,54.85376,-6.75748623124149e-08,-7.175659439544872e-08,1.3914854534382763e-07,0.5000000000001171,3.8591538819429423
1977,54.88152,6.709307398544695e-08,7.124538297503857e-08,-1.381568504528756e-07,0.5000000000001155,3.860315705682257
1978,54.90928,-6.66147262457255e-08,-7.073782370255291e-08,1.3717223499403764e-07,0.5000000000001138,3.861475601349426
1979,54.93704,6.613977968268373e-08,7.023388798515363e-08,-1.361946477856786e-07,0.5000000000001122,3.8626319527398763
1980,54.9648,-6.56682253556666e-08,-6.973353139372307e-08,1.3522401792934473e-07,0.5000000000001106,3.8637863745067325
1981,54.99256,6.520004552382024e-08,6.923674464611504e-08,-1.3426029393200262e-07,0.500000000000109,3.864937273156911
1982,55.02032,-6.473519164577564e-08,-6.87434963631073e-08,1.3330344940169034e-07,0.5000000000001075,3.8660862407885257
1983,55.04808,6.427365195627033e-08,6.825375019387711e-08,-1.323534345587998e-07,0.5000000000001059,3.86723170630323
1984,55.07584,-6.381540808698325e-08,-6.776750240412255e-08,1.314101811060881e-07,0.5000000000001045,3.8683752395582536
1985,55.1036,6.336042301861285e-08,6.728472572057493e-08,-1.3047363925582044e-07,0.5000000000001029,3.8695152915376294
1986,55.13136,-6.29086870592706e-08,-6.680537834036215e-08,1.295437821676733e-07,0.5000000000001015,3.8706534101674834
1987,55.15912,6.246018345221613e-08,6.6329450675669e-08,-1.2862056179968944e-07,0.5000000000001,3.871788068206183
1988,55.18688,-6.201486653810376e-08,-6.585691284052364e-08,1.2770391281444088e-07,0.5000000000000986,3.872920791954248
1989,55.21464,6.157272447460116e-08,6.538773077616062e-08,-1.267937862388367e-07,0.5000000000000973,3.874050075640597
1990,55.242399999999996,-6.113373962073568e-08,-6.492189952067847e-08,1.2589015564414378e-07,0.5000000000000958,3.875177424241413
1991,55.27016,6.069787665587636e-08,6.445939353516507e-08,-1.2499297428436476e-07,0.5000000000000945,3.87630135315659
1992,55.29792,-6.026512649794421e-08,-6.400017316110507e-08,1.241021790355618e-07,0.5000000000000931,3.8774233463350694
1993,55.32568,5.983547175097884e-08,6.354422885656725e-08,-1.2321772251412098e-07,0.5000000000000918,3.878541940052293
1994,55.35344,-5.940887033330742e-08,-6.30915319615959e-08,1.223395783364787e-07,0.5000000000000905,3.8796585975229374
1995,55.3812,5.898531052483946e-08,6.264205050051396e-08,-1.2146770138791432e-07,0.5000000000000893,3.880771875606662
1996,55.40896,-5.856477457910412e-08,-6.219577891128303e-08,1.2060203046071044e-07,0.5000000000000879,3.881883217072799
1997,55.43672,5.81472300814969e-08,6.175269236352409e-08,-1.1974252020264056e-07,0.5000000000000867,3.882991199077919
1998,55.46448,-5.773266702142846e-08,-6.131275442911033e-08,1.188891440151019e-07,0.5000000000000855,3.8840972442309325
1999,55.49224,5.732106917823542e-08,6.087595439739299e-08,-1.1804185775062698e-07,0.5000000000000843,3.8851999497020007
