n,C_A,C_B,C_C,W_x,W_y,Gamma,z1,z2,z3,z4,z5,parity_aligned_weighted_distance
0,-0.86602540378443864676372317075293618347140262690519031402790348973,-0.86602540378443864676372317075293618347140262690519031402790348973,-0.86602540378443864676372317075293618347140262690519031402790348973,0.0,0.0,-2.5980762113533159402911695122588085504142078807155709420837104692,-2.0814393619578547555468636019530506665719082928618526450052985967,-2.0459555649516825249017996562551883622752516748484080171637188473,-1.0864339946829603140625687194168398826152300719257682040157641484,-1.223982685754449555059962574595288593285039599815131570679293884,0.043201677899410229181270583646678608198111070404969684839467367112,112350.18605588237482759283251139820028567719180136918136696187398
1,-0.23766872331493998560396584130960435878155903582243658166653385465,-0.231282536320888026177635049406089622053825643849347418529804931,-0.14239010370601085616920482001049824137529468647649639038605627762,-0.041253122810412605291049718746038321975398782699880932503509864864,0.082513705018846783148721980955706875,-0.61134136334183886795080571072619222221067936614828039058239506328,-1.7642555608302324112846997480533825079428147372326861288591664596,-1.7687186978688243503574764166000736832531019875344071804812491904,-1.418555799396603976127883159254702091884150011412451409216040342,-0.49647156646012464311700575881620258689945859657449347319930220577,0.026145535400249739318438426289974616436383720733240082297454328062,48224.304052462000500736069180817884198257326124160402551941585642
2,-0.054851815802444786753498944163926208802678009128410083983295875851,-0.050515240556823283184752702018382353089166549647495309703571604504,-0.025556565250875712506598036788613397581764052733371593584221302882,-0.010311050030163033554704211542112549896945518716604470919813015138,0.025370431187888906506286339227729403068262171722635822457728759327,-0.13092362161014378244484968297092195947360861150927698727108878324,-1.6774068138239949559877187445642750916208787024309532721858951407,-1.701270580251875363271240991406619316277637694487835921487115575,-1.5693692707792260589673129410008225304382509685638509622956663929,-0.14424556898393288051939215957608626412233882431472418579167285984,0.015607119162436512907280030383043383368930465577733054031882466223,45765.573059414596133567658197469125634987008767511344606115775516
3,-0.01730814788048534326441335830001565658614063885574839217005607496,-0.014561458556069989211025337267876034244980876294707012561669238435,-0.0020145400765479162328496669563602182432675257464130790001805404322,-0.0049001145775533594623938246396880968302767939936262769765509307385,0.013244652873725752241648830889695374730001950686095065181033402162,-0.033884146513103248708288362524251909074389040896868483731905853827,-1.5786774584536891569543285972911395952230155695834885819704705114,-1.6023366981503750162652831767261496944274006183818150810967667312,-1.6689331902259519879529733353619522956552719603497261274644518151,-0.054054633625885802023460677633864805140561994416562827369256044189,0.0080331238457471339623762556725728922484829829545072690335656876699,42970.496166075790734228103388012989175689877050458823418161427247
4,0.0095007314395908960656835120575055298897978622173048306220673512716,0.0070403107582340631516149539905021332591733370491536182081968225736,-0.0026579997806988057737933000983715649411659574801426957719426265319,0.0036189449287880180056698480109351507848573846805725507831344602038,-0.010529770114557849477090633755044027833466808258999644030889207535,0.013883042417126153443505165949636098207805241786315753058321547313,-1.4938836048580792053159856593804216281059920879107589516884662725,-1.5160873861515807647047870229744079971093767030692393347315958615,-1.7175269570153923003869333791789991093115860431161295565531355171,0.03175053248452896819889766893538703741247812169929695722994467409,-0.0057770007020229897705420186351393868978683554661701019477610279209,40569.940222068021509725127021127126568167555196044729582924089286
5,-0.010232544654385813539452190823159924299867622855980232506932705322,-0.0062223616949098878259807965954231978493102684362999245733047855874,0.0056168136559192352126365896022304664666169300640617192752596618257,-0.003914496195676598662572995984958468932684922040340667957468263839,0.013725946930406178083471395632875308041138435613305348744768100523,-0.010838092693376466152796397816352655682560961228218437804977829084,-1.4311463355237005059125716429769467991927902216148619791547496763,-1.4520451894572474611492333105098370984660907786410379583812308084,-1.7268150839096588510270136211628946787138231957960739594197841993,-0.032389142494948704388561867639388131127493171591676626326589416474,0.0078064360168825921642226463375904651759483535445111153174034368167,38793.817090199222981913211620636091410903876758400522169536045903
6,0.012300604995418920976162882277663806364001571810751937356540307072,0.0056951749554877450333316092981453453324410756027625133117436338565,-0.0083798925659940291512908218712380326599155392436950813430446760745,0.0037348187407752991208955790949324584803980593192340853049958183576,-0.017909836251085748905022247114591461114948846323087001594857160268,0.0096158873849126368582036697045711190365271081698193693252392648543,-1.3791144629987484060817521500180579834170583526528385943076605173,-1.3987429849274547623743089071348120719440914542776320808011739099,-1.70982835510654592686260583401167385356088410299258109757077791,0.033798452367280171011436183746337699274280473426300632370143827773,-0.010836903268448665932202889311467015789659310334534359291938139017,38391.575934503213103454706797541227654976306274713729059068869314
7,-0.015800028698097385857635291264550590986412840857522939682154267746,-0.0049463724358050639808086799730311600827717339278308434472365185742,0.011237111784428906092026453235740182346259723583361661401127891824,-0.002664913978970824098004260958625955762695175290750204306723330613,0.023414850503556424336275069768348260269450102969016766540456987535,-0.0095092893494735437464175180018415687229248512019921217282628944967,-1.3311820642420230892328925458459610382763677979730040876764887293,-1.3498365164827529286941389130941036966023523204951254400869156041,-1.6735694128287279401472667438760495485774272503957656099422216708,-0.035506676611523427034626049721681120632364164485199032890408628761,0.015139134221647488370390772145850481064835750111129157949391184652,37538.723232068156058855277265743326518654985037217811342317554832
8,0.021175274616751439887875141387477975683109834792262614079547780924,0.0034325436201912686131175051372913338585258712250265971741887062812,-0.014396721118070728679517236103564913726941216210141417875511245214,0.000043266870850913008938552495334802880441561933965999072170438426184,-0.030806251969667697863818750710205892213019736181545003954998547985,0.010211097118871979821475410421204395814694489807147793378225241991,-1.2830963439121874671115705230830887167820550647668778941643628162,-1.3010712499116552060448039480440976214878341291385337485694582478,-1.6218608078752067893156670052946358984957076197074597498604647703,0.037384177571855636588338644461497295455781410318132767568530491284,-0.021152074636100953936106118809122714409237572704584527802817391998,36322.476405675316298253921802091003562358837058378151322411634351
9,-0.029197792058962685374199214072002346020134017479905994428331865156,-0.00038595413832113836890750455833847645284002844840683189523977728159,0.018024239369634977830432084891533563112056801809692742376282286863,0.0052008222063427154029760600318959150011985793866997941307850118647,0.040895478835472743432932248326358077216202572045114113531890339901,-0.011559506827648845912674633738807259360917244118620083947289355574,-1.2320256439353259763437144418507422384915050766764011005782208475,-1.2495621293455857880804428688316343067993745175336736619847950602,-1.5566752396358173773978334893534669123175654967677213222290448749,-0.039362015331443387063080989725471776833439899291550586744688786922,0.029470088007794741279071527906337238237667026223683700165034190166,34789.235650697793132925035346008555625669783967610771558930877203
10,0.04105172114904929291022793814722417979346252026436985345149019769,-0.0053413835413673777306806909856133890584229268101552138454277344234,-0.022251193526205054210606749635124021700780363699034666291874758004,-0.014741647352789497080491285241663468104764005092822807425235454266,-0.054821932242369012816878702657856663876800955388052270900429222911,0.013459144081476860968940497526486769034259229755179973314187705262,-1.1760299997236170645163439680979240689168276815949480610412874801,-1.1933195851966870000646835919833646055112570639994429798216647358,-1.4789947506062734929522042849267885159979264433116429244592008152,0.041376746823960075131688582174362168378696351988029398700419486049,-0.040857707024051055480753306841225903968539707640711963106225666036,32962.099754462539288235979763744948140228835456817752275830361944
11,-0.058448848442517041012720986873481133600593520245973907766693297252,0.015445997185408386244529404188990713629456054171810787014543735421,0.027167965791058772067273873113084037027813155059083100414741472289,0.031086438511137520717252961069189261915846236765256190690519647903,0.074146336117369767551262503244845571884840187198638284641937241373,-0.015834885466049882700917709571406382943324311015080020337408089541,-1.1137947124639600229545936201843002376360404197144064607717294613,-1.1309929706915050622519664625882162892616293814343866447948509703,-1.3894177705510637597270279788279217151890121491544895447209590235,-0.043350368252734460613852261816021732639705163221658241803450876406,0.056250215401735701955763905009016116404921589256563643276128404188,30855.144484485087790606979133554630679805351129364451250609428515
12,0.083722813408212121553256108757760178021594974022382893240518341148,-0.032326349685261584252294938590006913172068367873960887529135444332,-0.032801935049355071991076563265280103743890276831207915461279634206,-0.057786788864690109033384711336246950310920716469548376418754797803,-0.10091339233384477318334694877595807444179085180027523245505642656,0.01859452867359546530988460690247316110563632931721409025010326261,-1.0445413617008614401613831962010675195060304813169810897373273747,-1.0617762281608166444794357720805422815902945059258271283098686774,-1.2886435525786797869234898384626778022942314116331984298242143395,0.045179381185324496647830466272921056536812874993593305453943383572,-0.076712827991766401823714515040006951609860100877609263228562812163,28484.817091175939890910652649873788446409001050320090644402001819
13,-0.11981314382750802680362895516032329829199162108740516933693310055,0.059135632132769956487387451816737980616419822241335283786050421078,0.039081649112096988277166857357091877945218341049131872679212580138,0.099501379490475475750618500718353690789806462260471932114910681283,0.1376069272147662041975130239808623699276049497566815156640502621,-0.021595862582641082039074645986493439730353457796938012871670099333,-0.9680636632447255365226969944579027484493171599308443341289422473,-0.98543269878962461043953975267375003228216734721798611219837237654,-1.1778959588968868088789945175426229625715282667688833222898623018,-0.046729006966647016624673707794969012764426431721747610627241658641,0.10332436222502862307502001208753094849054688830068956955337399856,25879.904244132439625540898216684441577476440275944568077262169414
14,0.16999468476239238246497288937716298865743866779231661899327051523,-0.099578330281898855894906278966214512383621415811054041985483175276,-0.04579257457560152579300239850289105878953360870790103139388315388,-0.16167938537529428423089152440335047731757394535326183578517685595,-0.18687724839972355331460660431019802017130807997908254606207433658,0.02462377990489200077706421190805741748428364327336154561390418607,-0.8848441953667089978187751473932391719740022514727384438748646357,-0.90239897655479568736537807612924023464529865620583153964748021893,-1.0592846452822734428433047303950534641402894365786318318171903586,0.047834678128561738399425374805674236433102707793839104012346805325,-0.13695067797174891030505584416722630022839844664539600882572119942,23327.733238976211011647766062630511978846952161534238432649338764
15,-0.23718797314980605866064472466287872922595339855884359512416288912,0.15725558882121369058590776224745086468669973667552232022210307928,0.05254042602777508500995355756222712073280201589845621484881051349,0.24957936238222917741125334579777666893327542800571601035977926709,0.25091215388558373189241233418827527604315836117911505273545355752,-0.027391958300817283064783404853200743806451645984865060053249296346,-0.79619510973418024966813557918437038876918131581181029968040912466,-0.81391504711873722969323901944670220146700136138363183102055456646,-0.93603323409271286556922854071550242010895290884159618863375841515,-0.048315591719544973135862292306367295544113780480329274793905417087,0.17789806556328670543712235861881055369252046396202110464576286669,20818.033768765573918729874199212301498869973173099806995063217512
16,0.32279694786402804331193475291150251970455456306616376044424430426,-0.23445922596881141997402448388805890400925802474012358277523182306,-0.05875160405958768050614115548183499493019636150162474676591705737,-0.36648189787103160137692128260289266639643712552239308961439544651,-0.33043073874301716218230517093838772848246123903234829417272441653,0.02958611783562894283176911354160862076510017682441543090309542383,-0.70433895691171056150768226374048416665725720989136128848435867217,-0.72210353055484677326303517937000241655630975092404408352566358441,-0.81244733128289693304856339744824841588582901284955917037511215874,0.048004604181209196190500347171711355452110484632798114449544379473,-0.22550664533012569979250943349072170990401636911455309294281037764,18217.54063982630928850601123759854720363901656914346913889103579
17,-0.4253484682673780521446030939093708936311345771082021669143847017,0.33065207883792683292179926043963270444534373289708426755130457268,0.06374567290221041098522466761095199844204839610305516595602212678,0.51145347652051065350148847358884215203988682339965776803048586013,0.42356795109499608636529708717673082142541031645210487910935008938,-0.030950716527240808237579165858786190743742448108062733407058002238,-0.61232553682336162590287294566492867116545718288946258493218232852,-0.62990150417317749096142611081693112223633246788901262898166774,-0.6934995863399769490807577526288215061880230654042078482192523187,-0.04679290918008584629719826540710593793952896736930459738335018601,0.27785217280735329401841428229722454973733668352566876722055937049,15612.595196787667252963836962273673579405382390979402559870268169
18,0.53965114859130397634511816424275272332893661708961817554268412524,-0.44137250626604351162810386602447214018772914925913584964310653628,-0.066893143669689726595496679566618487093449546145254426901903570596,-0.6777515087268506365029146083625392583054726847313177239634968136,-0.52528276561847363659308236421471660684916971310069421918355334882,0.031385498655570738121517618651662096047757921685227898997674018365,-0.52370274750651947220318528489041922471647363274904310669731722092,-0.54076445585104192277280846214506627949139538715396640310282262932,-0.58403285760197879939645414177927515002129792259469948390413987777,0.044676611492950793691363604337842416101726382783351391184428098051,-0.33179861470035638892250827234613905356155464757618558435947633892,13103.640188283276133459565372126232748231283287269289979558546552
19,-0.6573138841253469356218204589990280624962439058183817414868420975,0.55850878721783167498725556379026429571960400169809178299293064691,0.067815696013132192486525774708340517870624930556606119043213218311,0.8532578812739390465549029059356080680324134893289795942147450865,0.62798063743546684929929449661263233703979260540727407950041340096,-0.030989400894383068148039120500423248906014973563683839450698232277,-0.44195162998075189213027027183686736235169220119813105287918810591,-0.45814025741535650283677601801273154438100629503787213103753446429,-0.48781190262345201804821676169329441523104401608988364873963005717,-0.041782095674426577133938250351403104350340963171903020087336210606,0.38355600804103337791065110915554140755662586457895791423128776274,10824.372295395833511505860850667983109657764756666763993787964163
20,0.7688164493428160220307545669435012854089842521507228441635395195,-0.67227565396409408548921888277020373318092111462325806803281050866,-0.06652935251816182387677750616878260213673626103852497165669540116,-1.0234192023764211845662074131575630748170451101793570042862325678,-0.72343068535628901936772505050461219830429735014471857623583192821,0.030011442860560112664758178004514950091326876488939804474033609672,-0.36983535517539434443805189706541633446768187076544054560238268672,-0.38483914216055381276465648329942873341404097413806910414403685517,-0.4068286576831304109187723016986850247501098316427560190494187367,0.038350079691399489429007776351484944666130442796006572125733997579,-0.42960667257565491350414186195816412609005209130090929341727187887,8812.9205969015856413775654866723758957167072680486472676617076094
21,-0.8661996499539975445998637192886389623133736238894168396721671244,0.77402127236305440195429447940259816087792373760840174692803259323,0.063439111916817610975174687270590002664926680322738518831010319757,1.1754015413816443687666389954116226407021472093917409073486109955,0.80509078412283830138642566320730932927382765678708841755507568754,-0.028739265674125531670394552615450798770523205958276573913124211414,-0.30890740764592728386760754514196658449069249365845703417113798312,-0.32252796474201305737795568417915015229536853692222716337155457584,-0.34117926661362061059991585403885675277781971588662636322459544782,-0.034679161045571235641419312593680647704824922074218821800254242357,0.46756902774604226905514328763361644496934672870209111815764500287,7103.0431520902911174467614567743887514560261611909162981478416316
22,0.94492729116239739301441890635767177594849608653149638708419148953,-0.85834078455043920123186546930660298220509740834299284527781818416,-0.059184179601258676948911553867572616527419129167135787355695583953,-1.3012123403310085592646191455516525619156358870251731451420661369,-0.86958604191268180906916360681147255475587281302951459724868899388,0.027402327010699514833641883183496177215979549021367754450677721418,-0.25937769689668932693458722201775328521306045125035716030974555814,-0.27155486194629019530499469288388680478286376474285917232251286848,-0.2894956502711101127110974382782791926576961382911128362553911467,0.031054279170051194699367337708013288858182192465886236449622953884,-0.49657847885084396432114526721304431411936232943690284519732833735,5704.2931625495674126113247061751823931767451005355527267814054589
23,-1.0041503550926723809342231519952555455871533504168377084084669921,0.92358414093604124354519439539041692317518681874652081402020574589,0.05442874233367434712798695914209634366931955300966556345469925198,1.398444947315540260448312491816996524134103717450106886497089616,0.9167563902864185426652938174352811317878368122416825207056612189,-0.026137471822956790261041797462742278742646978660651330933561994223,-0.22035323782462957002062932459565702858125128358687020783000741157,-0.23114690376796798076845351149501566898993963949866007934495069352,-0.24962272210876422189420377301851191486557951544938780741586405302,-0.027692209166137014337719985316988807366075900940206512005469513068,0.51709878642363885598006833239536563778309524177187997677286195838,4595.4607003429930886465654241062767846768690026587763595221931278
24,1.0457228869517165972906794349747834134863039410972133004719938432,-0.97101205109414460305004337957484852981559480044031346809368195009,-0.049705677888967355547822437264229604344163184675757316250191353116,-1.4690206556255192239214718784301254343866651786510414602045831951,-0.94866896518316145208255008037407352272316446788886270292100103229,0.025005157968604638692813618135705279326545955981142516128120539993,-0.19028823359354502844225590281530758150602221385253815332182369204,-0.19983665678766923199910442227862214542765880951190880862366405384,-0.21921694140615212587811623697471648506931303641882297287958454224,0.024720821330605958013868786159091672895645152264496538610517495316,-0.53040831054950492637082732075227308559626700859873664019213348099,3736.2780091946489921811151619819449524343946591007949212646562
25,-1.0728379363059194686981660406261145090563795893535904271657769004,1.0034601051751833014802693613292453915713563946884058230698341612,0.045357173120996882769346670488619540525124756326462418792035482395,1.5172004867676445944446790463979928758369838112019698272567048702,0.96838537115122979078360595024314691595716819767609070722506195983,-0.024020658009739284448550008808249576959898438338722185303907256887,-0.16743010522809631212015021881253291793833667955807373100049981621,-0.17590687350467370456315887363292856352237132697558040331125176035,-0.19612044438847988307142417060314082535680762069116168143790840771,-0.022187815565584276071815642584803634702681471262127069181838847617,0.53807428981735563808590459019004261530401446377573654801590120188,3079.62219895406880855221132443982370670473407626873489317508946
26,1.0889326554449856899367620007634412966010888381655206159949454675,-1.02420324214266575774079548505334785981399769713009981959232626,-0.04155134097120209745123379126380183438940753909869749899023601283,-1.5478938993795575539835595898031675909198383466635113780946809874,-0.97902785946817492063312739580149459728292401494297876519215122484,0.023178072331117834744732724446291602397683601936723297412383194623,-0.15012986651267383240783245350324230846361285085345039068279340152,-0.15771202779193227542670306720641113224856114586667260888768545137,-0.17852622128455927736401925578912805808519880227512952702042490135,0.020084012295650165391831271677696964013681905552099172372062959969,-0.54159184015791626550883379804221331243636078631330376946571102967,2580.3384815711108915557160281745994954950023367761330528006172402
27,-1.0970656607777870050197137722162858439227291337757544690769202622,1.0362703496305171027436200865629472386587566162390211651531233507,0.038331935166534570740302585668075257355246151002626065418896564338,1.5656372124361433198833256798370525319424981076255853669821351996,0.98328316148356201191051135794102805280020003706838241132392832995,-0.022463375980735331535791099985263347908726366534107238504900347149,-0.13699535380420303738285069383274329015782667637713771106228136301,-0.14384501201788986190426252015839560078353611711861805152688054129,-0.16500854758406599400936607779605459306936385387166532788107970795,-0.018367826958186432936741980024946351652045264875324597553879320968,0.54220983238854279039596650657744484659946625846460771949285975509,2199.814497252651272301867063740527622892319077799760438209936395
28,1.0996838917358618609925337401137502654388180297849286862020863639,-1.0421544062771754200553814056910536062750059299205577721305613651,-0.035669212844745998522544089320110245309116748418173477501041761505,-1.5741617457227333512903762310878736163398565706039353764810836663,-0.98324463083233692047771656194128196822308356953432756524873544087,0.021860272613940442414608245102586413854695351446197436570483237271,-0.12692895324113925191825790819945172592046271249781123940635182033,-0.13318537509145859224968869131003413075917219886525556985917078932,-0.15448570941011595589940238187774524017063337524928306986360707903,0.016984117582011435446969000588927698184663880831361788901890225605,-0.54088910871868873993545580211494725682491472896903491279673847377,1907.3040118873232997487747268910757463766355940053087612797620205
29,-1.0986185878255631675039025581890625038561845724046196626618153221,1.0437677284501101016704329711629778212968029280469466382870436807,0.033498239035370089316724387638939777859334314845524349761885731633,1.576327902845206640764022056438039184295228056826494294737008476,0.98044193211339714033541671642308252988193437124802392898539305207,-0.02135262034008297651674519938714490470004732951214867461288590975,-0.11910259225882028745350865499651163949943643895495290475411100686,-0.12488081405034413783091546581617615263574333588704078898714410844,-0.1461580345786945443126223364959098987197087197707958098493807934,-0.01587608315313076283803661923450876938816264719811801629018558491,0.53832963838058864126152342267776937332597304557492983169999407366,1679.4190287825898719178248483396696760773003342001029651721917347
30,1.0951807993150526547816817786545065273798468240714670526105275784,-1.0425123421706750170302710010758852083571733676683460147482535791,-0.031743008537111944044181508208345250316581018981755153546117001227,-1.5742312375596453723990211362989658468888062702132019642804588677,-0.97594464572946799795787556963022695276095604273616499475549828431,0.020925448607265693707229269370276068706092437421365884316156998017,-0.11290883602394589297563895122740863087338884445008463061296805315,-0.11830158875426045637488719231167860344783217553263063936786278669,-0.13944413689938024230259988636175311865689704323991721053265762359,0.014991545624549764877932276679316149233567987568215081272632106923,-0.53502225885138892808310755919108508728372499300906926124025659411,1498.8788848764333615945304685034594859926403184991717195872108471
31,-1.0902806198703616733371258570847195677685375457840365256635372636,1.0393856394324268655666136944534621267638988301753013949865632073,0.030329591020361670508675670283391544512050686783838161658932178545,1.5693611538574268669808387878541261383921422596754005769888657498,0.97047691037160363019629729484355666937700809312892621638375050155,-0.020565389417573137261836492347865896492588028824896969018041877795,-0.10790964825040358796397830863821738590633894888706072680759625663,-0.11299058847328239279391836859531777284442369093802932320971697467,-0.13392543387648217906514827138752538985282177130610975652075130537,-0.014285535247079618402967164899312042058691932958551425382569527108,0.53130151179693154700637418861945290747615534752531179093189339869,1353.1400308529699857016879453114948756579114592654329032823291265
32,1.0845355171416297404224202418176406239943279401627520425946816674,-1.0350825183628725745641520653862993708211964581072636965957581109,-0.029192175973062666600539501272182183103339278774018225848385030276,-1.5627541889471561114750924356590285912666907888016306049689064294,-0.96451647513556286146327122137461763084392809294843737765275637936,0.020260822805694499257728675159159070069792203281470120150538526304,-0.10379207221719788317519259534603000220858795879892461366549425681,-0.1086192264306796955905614181210440742947491521415383178658721279,-0.12930187002124798463093874997377353908189086608587384746391439663,0.013720770784159815951831394631480959469805717537581913486726605641,-0.52739013621504088981057901563253934528291438806349937507076435134,1233.1857358226446905304387434967811335635547395400958526343529265
33,-1.0783566696611412254202900296903006231873531687638895450849800257,1.0300797657632600744061914276834746614950416277064805991141592471,0.028275046342227216425738748281329399639063040424097257968655440477,1.5551205774227170789034670683879602732691866918763767426723215397,0.95837117869248338997468829135516230599484147603717384978943299643,-0.020001857555653934588359853725496562053248500633311688002165338143,-0.10033330248225378074042811186532259458977654826140347188527430037,-0.10495221661304642575552684528502731257207119168529102292314093268,-0.12535835926065379917511017098784665567274739786512299041659675238,-0.013267099781374479957950561523726048653947427779180965244758969712,0.52343316617783585112174592775525956304330858615985671234130031158,1132.5595297897119751940531479930149331280500031332803253047540963
34,1.072013136540387808464142430610325075002311792694954494956099847,-1.0247004644347887562624521329770683470293566911473342841114983497,-0.027532458804902373040482225883250948385819090193103815908555093907,-1.5469408033025314739742822353406054103376030423982596236352707263,-0.95223441818830591245715749542469767694454070740923166675538986915,0.019780213300696679161208071750005779587136011354516394936046403332,-0.097374564499972218504659954532467315107110467582201187773388565776,-0.10182097521301330981069755750245293235027323492378295478991135641,-0.12194016574826670830647135123199662942250204754238038108178682611,0.012900525144968097059898826231622880585283153462817341326302826777,-0.51952269456772394021706558609055664522507580272804857717046534224,1046.6353141676386079138893652299967051896502737510226529939405139
35,-1.0656776184790170574742855330847753984359187091017037614337246795,1.0191609779314621436761531327062261201509577836091044877610659543,0.026927591071446316632664053050744635091822596185399182743337526696,1.5385359916352475140969638727232415018230058400672567771062595307,0.94622386777792124442447045330980010175059684488476478246607920112,-0.019589049476108597165468347327804643193138329307200090929321198538,-0.094802187945225080694399671813435326716810880308348210867943653939,-0.099104194630378867109435500284898607866745354661931173578377889315,-0.11893521572960955364845708501715535199091426507742310076898959647,-0.012602149728334713151971940916276837148716491020250150205210994186,0.51571527441136871796814728555942299075570265585228041943187687299,972.08429405859331399298740793847379698005432172746344511933129704
36,1.0594582547781171652532878608671234801683678515303911862835639232,-1.013604298448996756825817561084119619065940488888941052935892009,-0.026431182890969677849285234950458489208740231589069915633708926262,-1.5301178343925705005278188740424521145457542988596016882608195074,-0.94040783872262795496006243932593378160457550779177709162339435521,0.019422773438150730578185064832545371893687131052380217713962987932,-0.092534156486857996950546889508493991504961533273910046740729061455,-0.096713943140704202545670413722670519652512027925298404975779462714,-0.11626155687205175675109382953029001732828743780265077783549337516,0.012357195141717595141408502058887080430476442753586939854126048541,-0.51204389066645435963263395917810246193957926460003444347004714094,909.0222523868942301861670664128883438415511421152512243232444735
37,-1.0534203466433259643313865943961189580049385138220410833459074324,1.0081233161245450859874593870936670088430768880077711365775581305,0.02602018128973752850270777488163276630865886736339472724175397905,1.5218233988013393039017987968509101046912167112370943146296348572,0.93482291906451893539996543587686607559989527299626289191348973877,-0.019276849229043349841219432420819182853202758450875219526595322819,-0.090510661999514860032031464291715347439244313720741742662257223203,-0.094585841250079440834585914753637149000648375767614520295485071723,-0.1138585386023550740040997158654134517089043474002413581174486786,-0.012154154958381685488863578552396509344709753300430437923124311973,0.50852608118481460167552466108369608885981346131494842997425770343,852.5004539955109848306075717906357523450975012763093183942399771
38,1.047601029428729184089728233438022837715035820941658706956846302,-1.0027768840348037169628865820749447303965548798697336400545744018,-0.025676525613143105977637722464483352270283923539824425998004625907,-1.5137391359425967560189318375617144731189308285706507805339952399,-0.92948562797791252475904720906884964533084258697098859513648081519,0.019147619780782361149203928898594755048197017532100640904267274248,-0.088687516170726591371525789875588208731754032233668857850522536945,-0.092672168454391448888905692195224018853236709076054271899598898684,-0.11168063632619422659631616337857844938750427614104767678947320067,0.011984093944522237309419629091070831743264803470999098615562023673,-0.50516939126449500409613857255358912200404653577277123815846403,801.27364689144511852584339856926462088624987272213735922952761757
39,-1.0420191024523681305472033020078356076809691180204083518518053856,0.99760083666195412788885352360289136542916279949576866109461406397,0.025386116800158223009377472591916410100909086289429968453298501902,1.5059173294880590816577664383108509642191928153612578527938675058,0.92440003600478639984594535201381638136450047636905857113637876391,-0.019032148990255779648972305813027832150897232235209722303892819716,-0.087031570378030321922773997674962330613158382379821012702965281077,-0.090937042939256822171617555721146708463687337605678909991985390814,-0.10969313372622612619591114272660855290840232489602025559106208141,-0.011840082813164245896427660005293342708512783091221100814064787045,0.50197500983536329719290585710344084688663766192895179782647051531,754.5252627137723509880523974562863557232358123700718449992038354
40,1.0366815739887094166341889096283350707118924458569781847396679412,-0.99261551699514345521739268912676769719749570293237248415774515185,-0.025137971142415968241296098158010643629721675235117973361717043572,-1.4983873184182901794138390948619299107385810882433025898467206007,-0.9195627003183918363702540878315660237121855084260149700115093638,0.018928085851149993175500122343556729884675067689487727220205745796,-0.08551753395354871693030414327285352769666718929681603376968303764,-0.089353053363734038450197770125871819576006038598039083015856796333,-0.10786910212982146989819534169564126105078320682036169885143126587,0.011716749716838747951256516112317783058622028683362651718471814929,-0.49894017787513857961932100956547614899487154110067695673273406275,711.62190760756658619941962766156957869016527741234043661007440816
41,-1.0315879963095406172292691189288011851373294739161583844005646263,0.98783090633678989544833993836181451038430408894391370436403102405,0.024923539728903326867034799592764330713089186105662313502272238162,1.4911631346271085406294570980298329375964242328491617398131772181,0.91496582960061091979917058354225769409564013472631951812477104938,-0.018833550243847394913894380974222344039936198866582366534261364112,-0.084125760860565486628281469494220413844689909439578891960182530694,-0.087898902050595485161179107304274759390412890335773182561643894587,-0.10618728193302552493708726534367252606516685159351600368149974711,-0.011609928201180937361358027131109579774613414488827055475451236447,0.49605977336912337498190970810218595368883513273401584793201841543,672.06353083923030833494260905055817300072327579926622195144341558
42,1.026733322368797128165940014250993046631583126422042403091095381,-0.98325011524166206810644967561810164249338282311701427498161960718,-0.024736168545274018934065462055656545287562178443121583390392525065,-1.4842486921534236227223869517157698931653932971064746848319710351,-0.91059929043587660810392941045033832644234852274065862527356802613,0.018747038581861041125424876577234858850638124861906544719083248746,-0.082840705154784266709818500317699284778526413495284924905387591576,-0.086557750645715333056974947269706787699248216539840668624861532825,-0.1046305903975758976583560618425894653066949120678360325263966228,0.011516382875736703443212636757124660525454898240351760612141042852,-0.4933273466177642130720173002210121130818652740386675168686714989,635.44832643824059775621441092479965250338355289290709857670729555
43,-1.0221097776450109896906289356460388586124065360152650958028650782,0.97887175665588450909952375903096453051197136790761970696659932643,0.024570674102423946599233496641733620974284181367357281022806300756,1.4776413084271780306452214785331171493310325452315736143566287152,0.90645186085785099207950774650656095708133905930640823129753433442,-0.018667346886702533991871679973340707126150986740288107813459451012,-0.081649837942259785080338870848712655094682219488069218752699676575,-0.085316053311491693722330371698790121820527387712335500133328489152,-0.10318506447301165354158771202531463162587943825597833291186050507,-0.011433596697498717240262410521336971136545647726629089592229031778,0.49073579003202723125734770869824566565123505877306502379271200402,601.44786713750835758549978550722428033158806691950731695066776063
44,1.0177080780821157786300677058926295862862341412609746215180844321,-0.97469155736621170749056677063014456414412308661563951444909723747,-0.024423012005384905164034103399805446550316716366039019462355644024,-1.4713340904045771442235835718765566340120817990631073154769616315,-0.90251199808934498700420530679686936548287444021589188149456232466,0.018593508710519165975466831862679575591794338279296087606631550593,-0.080542883044145334170505956922876128445700765601751369616679017688,-0.084162728585151875024834064212726053703031247595722389678997455589,-0.10183910624705968876077222125861878548449929467230254646835093478,0.011359606581463166488005870844889482414699480775944749595603917947,-0.48827776569767940058948280556151554421604357640728635238207683563,569.7893564845355101855604691949839548070498846125871293850193065
45,-1.013518215155766328147378298910321921300571561274763441031495403,0.9707034504442206880102736431337588053354649039001880319867580355,0.024290019271565660535700046445053614659548602840379406756665769824,1.4653175483863210218161127693663929586559763831173800491241728521,0.89876829527074554672847944934235206933305001694520394886086072007,-0.018524745439979979601404609331509501305558054534196002288071597724,-0.079511273229009060724822470895636841141445536005274062158700885291,-0.083088567024119900269758967011468650865105233907861103373315143472,-0.10058293954400831051728325115725728216885499625732444008624478876,-0.0112928766450118382711921330091978257669134033858162340178461583,0.4859459729953088450521328921068442849351897524242689218219536054,540.24284740002465808149074141149453708762118310604461624191602746
46,1.009529955259716937472842242379675395703300787753277962912853403,-0.9669003138733037684510986826125680609648289538920386355013476311,-0.024169214624714267719715603227001495341878537587505175664939859019,-1.4595806841908051033276620021889050111455400789749250291253044031,-0.89520974099080357588758779955254822124948861053860142023470730022,0.018460426761698901302027956540105839396593296273734151746565912894,-0.078547759611123120719372660145966223891187627833214235643275801262,-0.082085803588350106952783699920850780548351939572898645602717121533,-0.099408214464057042709178540248686199873857138866726018507238373546,0.01123220061440702896409983810735323521456839752503939973203390062,-0.48373331108078025622202263582617474181688385120255566115102175924,512.61194048116546277866716572507245002205432115599914261512713725
47,-1.0057331512218754040180405535383690299366401946234418464174884902,0.96327446778773600304404895765743921632504736052692420607211841139,0.024058644067159146986544889442007824301436631209444692209665435423,1.4541117213650941315597967897056198191426491422339227831760299388,0.89182585532908813085958546005576936861407805824714463492585665106,-0.018400039366980253987446706438921989310156202887072948135704643341,-0.077646127901781696313269649293815034991591065651663513526338938927,-0.081147805659023561500280919000448952033971583765268739101156555851,-0.098307716143142280255652811610495684089200109658051267086687654299,-0.011176626751579401647787645262408712364064438562172172412181289486,0.48163297266168946518224811129069573569436915741335754546753015023,486.72693369232762671953543157753185390171493910175064229904640214
48,1.0021179308218396263707293030125430942538356067725170568987403768,-0.95981800689797466855411573490555720069854260536483900998790758781,-0.023956761649148048655450173956362454749351098502215735636410333406,-1.4488985914843204574117552994336475204507848594999896706190726095,-0.88860674986018081031302510073583649311851969452738855083556343791,0.018343162274716909161163394150623438805941902905462311274422455545,-0.076800989643320811930721238269698288927370554387356611699517174078,-0.080268842703477921602296468400587118001417022435977388312532766256,-0.097275147427129254775870966020550122955441894317807951028849303385,0.011125400130948261099162610823125631957151657871963575740617228903,-0.47963849325001402197878026353281636107218307563424628103555963286,462.43971060804187118428922995568309741925908428455014908813066196
49,-0.99867480525742424074372777277261554215205550606032420768144373771,0.95652302031980771051260599249711020301730601356693793743489868111,0.023862337506630899857818302704381579805163373783346797156533313684,1.4439292541952043809555607275312271841907520797054266426973538931,0.88554314194682703958915502328526324649215897370735254607691221988,-0.018289447430985630373303477571123759329586118710039473090011742914,-0.076007626440363748481334781613653952751335369613419738646101252802,-0.079443913993505747271423091087325865618927025882758642706721814951,-0.096304964387521747757586292275695794712933077932315094939071628246,-0.011077918261294726309362492133861323837276689244435859409844430638,0.47774377190431241023132327625965198619674547766453432251873518217,439.61987155024038867678218988366669411375673497605810528441263293
50,0.99539472593599948458581924557364994538328492417198012835278774288,-0.95338173447181779098857597524587223277742801829647214500064170285,-0.023774386973155451367839671969557733406519405706915120916913111216,-1.4391919039532398075975657620479183387658107775290046487185790187,-0.88262634253177904555254833879804215185348382704462496286249613777,0.018238604491026242229403598358219979199337500168592862435232928811,-0.075261871970259195470009303325315513594655996920382779266039568582,-0.078668617942006898034623424387916272795908147949613725356007579866,-0.095392249966141613163785994261557248757014987461427765355619679678,0.011033696961025703575716037798775025061265826721420980696778689161,-0.47594307403704218783159203775521270200548007070186544170239735739,418.15176156343299366076431968253275215112611720922613269628171514
51,-0.9922691082934733820612524229965194294467450936465589789722748582,0.95038660344324744546705418064725665165364549497129615234576092987,0.023692115949637129575339474164343006634574620119760250348460138856,1.4346750996151655717100106550633448630597307317346955166576682895,0.87984822945447239872329679940282901624228615375506910356056158588,-0.018190388900588807018858768184919771158524978555502576278053789468,-0.074560021192929973669018765909608937715564306728364321554251072171,-0.077939051557389299148901776233476847328614337426058774182368372407,-0.094532615424450851192552369017610497547150247564451510968016937608,-0.010992344105992141463596273485240294026058339777643968472152947576,0.47423102324455624049973457544951870389598477697894052152407766211,397.93215238757460966982937551404980363579930984108212355016410834
52,0.98928983493000672183528570115237525396946682135600050216844954954,-0.94753036355945489554607701872366637731203626891860350735955361899,-0.023614878800366111385918919009376103557494625762326493263435428875,-1.4303678416242752007707604097951659525180223667154405118120606793,-0.8772012137035073691698955933290236901626326652914194773067024135,0.018144592570185714903289763419332773099935926675070501545460501675,-0.073898759365115639548249137915495106227251904696732790501989109669,-0.077251731923954577947416330014259992315337166415623629691355615172,-0.093722122307928006897399912479488179504539773264637705674831990744,0.010953539419552980091640291449200724208093518767919987939615835318,-0.47260258671215791361079075533300416366645671879555161335960868212,378.86840696898881722328215857272015970199085131041921848721376806
53,-0.98644924610410079240256529021927221593911148875437397107400525606,0.94480606363178591104025270348125759869676761752221358009622684128,0.023542145891459005105046169272160270836542711130745958024240396218,1.4262596137381068046890122639548135712480520063340275866211092712,0.87467820307176192862713360367041152088989851276395461319161689362,-0.018101036580855876257266417465854346405801160101414432953538018559,-0.073275105656339740651217154610216026276258930495686225711929659977,-0.076603533978150539084986501742618258117310419154054972456839018078,-0.09295721974119941404282069036228917701551196653447618673640095195,-0.010917018899483340698532613554318361913771831532395764338297291911,0.47105305714956175298816038767712447195054088184797220800751735992,360.87700456856420544884710778276163073991036886206490494755169619
54,0.98374012281792470166533639460176577593865142939713585634321945132,-0.94220707879269149933631664112737000633796887463658713673137119566,-0.023473478547480247428722562221911464805565812215754151168857371008,-1.4223404009279137264546235573172971619045116832272779893185522358,-0.87227256581965344575447126775829817810073465488851229104625996989,0.018059565477752954900297191252484304795116742544794568442990884653,-0.072686367678113768320401797495536847207494468505029797937329485787,-0.075991640492586562253810445083726801739473734064029862151413319038,-0.092234693335877610148633130283607684898176617304863115266828322923,0.010882562803468336361419374319583166156350714406781634296913988257,-0.46957803315350193911491330021647211416444381973899650543504235055,343.88233901439651726707537787172153806218602315333849299659237341
55,-0.98115566587271017427373459965283699720280370071541732084114014475,0.93972711335714552647876126271616281823732962194886266872093336939,0.023408509713122604368955517671924573166584419149800723235372881545,1.418600691436939311431150803706619030255439262731670967523817001,0.86997809578910255569851136092440500750247582012754256451556940548,-0.018020042802442043426017819264749605798889659616753928884833893811,-0.072130104288000796597155399853006996491431151724018463615422242287,-0.075413501326338763408227884284394526219288749009531808590494503996,-0.091551623019142652763994457073235344423833683893076232522057981118,-0.010849986366351575151641350831434705686964942988373672741049123267,0.46817339919430530735303589250599045112694943651764382538838819662,327.81572678073054564266518017995986093175834519305278102354638371
56,0.97868947305207911075041492526287256118328778210419975515882253188,-0.93736019645994422326224349940246315652948366902509159056576863343,-0.023346929001942817960052264538902311358146131278254672836347612954,-1.4150314684850123696574248297644482814420544944380641317270060929,-0.86778897969554044781756661716486858540974146580898401886400999624,0.017982347590192069528119161321507093295657981800853491756706285492,-0.071604094762084721510963185078108078263033820706437622283897590075,-0.074866799804898677278805172838383897189859289352322253833846635414,-0.090905347813255577556116580165350591325109558938759929741252722251,0.01081913261529957976488188246251989328249852118085425939965423409,-0.46683530596218561007695680512724697991804585831646759253249968959,312.6145785609503715601950152793993572869498599381301242138846952
57,-0.97633551578960334173275086441120612499523888782381670618060144001,0.93510067305238247614242701910366914144429626644050796783403464845,0.023288471118920642248507575184498036161775185370880620665090361057,1.4116241953877238258845486637170231858610281176669760105917901879,0.86569976689506489492561516529327441964387432669588751476340631149,-0.0179463716183002233418162701230389473891674360124281176814764305,-0.071106312942591674743402889230403749176986920073524973435326251501,-0.074349424661423088214477779082483092296340178410656964626896105503,-0.090293436107837976681175063639239194840896832525654397375655248744,-0.0107898667970487732172022567529905427643817447451719191265548505,0.46556015150693428824301787047102994572008040675778333166638791282,298.2217000368487883407543682446357606562962508922005052210366832
58,0.97408811615284856454604455526165741986732544476076889030888445657,-0.93294319203592218942691420629718394486647478392592102250077841414,-0.023232906878333052602809109687248563655134236016005334194730102004,-1.4083707966731799453985319290843883729725703882983028005578555914,-0.86370534167328849525311980367967654644534858327300624470493261611,0.017912017238593322516321239277224911345716424818842533613375940426,-0.070634905329780433036885104034249190173173305612903389856294421401,-0.073859446374999033021685590066962408413534925018790897822467584899,-0.089713660332040842115948606115178628256781156269153823743330468233,0.010762072044836822568032577323297716508571427975482607690175023014,-0.46434456340830144462591832424288980507117375974229065195262882998,284.58469613843490231305267746673610470628992113175410438999522756
59,-0.97194192463547175254382997883379813498284183671760167586298564341,0.93088269275223537617036279992280210693404075595926870356978495483,0.023180036218994678075418629108436064908372167864676367948165575704,1.4052636369604739134045684747854831419712755903857313575271949887,0.86180089796375163926454666436743103557822029554082954328046294438,-0.017879195664241698298048549802559963140428912893656604345035112882,-0.070188172345170414529888770301134989369023633672004167045482824389,-0.073395097031159724531628945826870905698625763789286663950907671807,-0.089163975196799938697327619941215950120770083695793486724936530379,-0.010735645999524626149046075424297025273967543410796843929811211364,0.46318538208813793441339159515763709978153913523829535649298067064,271.65545927634968931649507860848739959141559809189257886133054975
60,0.96989189902918062081564619846143268265732939822157456049988808846,-0.92891439066152775259683412334151026341235532999818847259378745679,-0.023129682757683684996946045018687779844614734784776567983154993442,-1.4022954987972762205061842000628827148187126617165874688521540043,-0.85998191633363112637172512784026538714281986588563213793221779114,0.017847825609969183221866030101234639400359333438609519922945638235,-0.069764552178500789709671438722801522794790329526528116721494792467,-0.072954753039150123796514535630234738195815770560065383217994692088,-0.088642498868680058768141709961897545153135640779747720487695129338,0.010710498165978475821929485982684162898721009107913712457867221034,-0.46207964529559609548684483506227920673916622043450504871680714571,259.38972652867853691177887144274939836323471120772540725241704041
61,-0.96793328450714591245200782488131632049895965570704684279736057435,0.92703376277166236201519281470392109970628730322410050369353837845,0.023081689528149972994127271183521955861240636048156402745882328801,1.3994595602611603317441330915528182820251468130535457237192775012,0.8582441430453421005725647401846075009388755096859152711539647391,-0.017817832207333577442687738993873264931431716434789936357939867101,-0.069362606765344063888155509492795357359958304422383364344013877784,-0.072536920193146523226697227004948017015220712049558589329310517937,-0.088147496577410604297041412981557411553333203223903311938385394658,-0.010686547836760025253333066574640758097639275798223774044523197387,0.46102457374754944402971401264886919931927042443329745692249726403,247.74669407102834808366077421180862552188940312039964778676865588
62,0.96606159496238946953661371583659715524617778428144115885346824046,-0.92523653319313190443785257448548438962983903663364374167582850189,-0.023035915634916737068711107950976407209070751272033145709913486672,-1.3967493728568682706718038784282947636483925531383477482476058788,-0.85658357099721519102009591140062523625905964277296321804861815146,0.017789146134340828030050033400136358407267996375764271467726251902,-0.068981009541070524664144572486895562482441764411847978952997870055,-0.072140220677228672450499219679506636721786973293158197882411291838,-0.087677366263736437273246912398220301053881667202679205875615826433,0.010663722454214347165593609562684163605760567719014937483780830469,-0.46001755787734998122228550944078901319137589214360003121410595057,236.68867959720450952545614060329389875646424453646183662482390413
63,-0.96427259559064304199870331090686155775605374790666707309324450818,0.92351865906444899138265811372284643751707298851702257910511049746,0.022992233613869779215777149621660507689586873490682693740309079071,1.394158840052835622774121194365446962550306425725014768781578212,0.85499642235401307202954371056089256547276189827391845586855170623,-0.01776170291232427140026804756235461254939388589896180024782493165,-0.068618534690273465877760056681164769935033838066196828795097690803,-0.071763381697843214669556892365231477977272067790574803488840798068,-0.087230625952851015602985407956999528503948101183914158307146672105,-0.010641956311951416583603937327751880399514113650783585463530866599,0.4590561456290769633161646623733776835552862271295889129275005983,226.18082532760010448326149297183146487858882979558890788908203663
64,0.96256228667523161833975775600059816536983437561117829154290522892,-0.92187631700180860051181968312600699484068251626771728966230214191,-0.022950527339798227640465185869061462112764276814443651308620671842,-1.3916821966695252958614659681917753464692175656660846097794444205,-0.85347913269210460861630931043003945822508630882773070537645729857,0.017735442333624790187472887005529708416387582529017350571982415172,-0.068274047666039390253079505989807266158542719311113463969897291822,-0.07140522549080302106771415562447142074523955250709622429021027725,-0.086805902598592887460414461183549154065587882444663353588128049397,0.010621189519627057077251899747072228197482742589828939991465123017,-0.45813803122687781984977735230772838798026839102819189187564241579,216.1908356116583693675513917382107422623675037284194027345869168
65,-0.96092688851380890781376118090626035681184694223404045351927419964,0.92030589016398041491591162501994613308253780107628888265752493848,0.02291069035800385450237539289836488093246748076201746236159013639,1.3893139892418829415716045190238938710222275318123003782363669701,0.85202833650076615183087795581085259096189413214367198311217743124,-0.017710307991824638395474162987949342796841660395734108500159124772,-0.067946496795622614765712536693536167240751506965283864681702855377,-0.071064660498181548395879581644462931441566762019893494988509411419,-0.086401922189812016680706606803183712321046342904658414555085626531,-0.010601367172486660804722775707642255535626609720941527943557503143,0.45726104484676766845877335169434179255958984919132131998292473626,206.68874421804482177567463523520778120078555572140204946954744896
66,0.95936282741809202146117485341586240639684510080073345876883964187,-0.91880395597999828981404214422753654553740995221868870970462439832,-0.022872624545445806981542651989673681000619462319691079787801022556,-1.387049057416321397053858244940630908235522771459209899195143708,-0.85064085389811343792448091934690612424517165541838467893613506748,0.017686246892647924665590057198652179858815686262353669276414220991,-0.067634905821699499141746686154494360678212781076435367478455545187,-0.070740673547779592458356592908431574459905681316048710341340325357,-0.086017500946426365330093709436560575871244506732494417783128547796,0.01058243868059472284471024651904362678537752356023841279388916561,-0.45642314311929644317371333582425169631022391438383305420449591707,197.64670725560788559262636555171868416120167846824955447436070427
67,-0.95786672271472515030085703012751701402100362516533812472887324073,0.91736727455752636686069193529621785103797570204658759442140213439,0.022836239028638939205802314613827174623367030493898899013934670717,1.3848825164005694724082192930530627707367939993823072072788714194,0.84931367843639177237787263158040269014093552269674251250634451586,-0.01766320912855984423436278021747198835966089262485163129353643562,-0.067338367253937110253429043931453138656258430868174616294629975457,-0.070432322897011210890835524569550227479106348401391195303477227138,-0.085651537461249588977641541703783592426633431907806085798037439009,-0.010564357222996376802655341267749258480880386095380180411001119497,0.45562240039447129862410248687551038453896408435049943328650671458,189.03881833998151999921630984672643486131120457380766593764315387
68,0.95643537467584596250546187524970053598993291398041135676581758925,-0.91599277776973077958150449578209410376128932039633839754156578298,-0.022801449302216201072664990007845826372766825826340464022013326339,-1.3828097404565456602979029384030214585698723644733738439134679144,-0.84804396588619255743435650989741012364084058867160552952606725526,0.017641147603898981851292389459760605855876767757732495202238479935,-0.067056036425898872340333276567144728276200462632624922048103196666,-0.070138732026120992744846748876214822501285163359096490557002322885,-0.085303005666522028870839164370425234109658190619501462199507219328,0.010547079299978881948182479253374070327591781938257383415625073177,-0.45485700070436368346808333377235103348622402174765961678155866504,180.84094315817331872397434237465371696510132488783788728903649404
69,-0.95506575331040900292596306307231989603057240290766415342039499028,0.91467755900521495875544560863348688972885591845067833353170353524,0.02276817650487924678980081492765288124650667752387409269982426378,1.3808263474079798368235267327058203971208887811425733638919888985,0.84682902390240944668521722195284896346506078759300674066074356157,-0.017620017800314797380716639511180125055209806933111727188867191259,-0.066787126168608913159237612261218897466701750929983990842617474156,-0.069859084084086911152613446535939107715357358822239739076592973205,-0.08497094852256162054895041057583881091578331292679834960732844601,-0.010530564362683844154649061524518896248570663207599059027769940537,0.45412523036337363112363127384415271690410293030844457659290749137,173.03057101825706979904583817760845220667804144848385580192884444
70,0.9537549879509241521082349995648106479785307980124158099588872089,-0.91341886355707058934031639198156883262847542666651455248109106427,-0.022736346819301712678447543971005917414186726963520676168973345703,-1.3789281841228818090552101197784711979106474621909621193760479959,-0.84566630248639030817656801568959869712704223786751753091645718289,0.017599777574551850089471063612235897935868644382380581308822798929,-0.06653090202533942406930048778832526771853508329113131750293850591,-0.069592616905463458876724051900565728262867324689259892064020496622,-0.084654472341055358059598633472429164078425560235300255893789874083,0.010514774503995159366342056211946274974291478965317429808808843163,-0.45342547115081336898638847077895905258339938491117469155027797097,165.58668132655296164561888456404802480423428533103998712118544738
71,-0.95250035757441659465403770500289648396828732002875255405765112111,0.91221407962193083229730089700666126183045901320572287387274690771,0.022705890970110274703455144099761585379815310250127082470490760617,1.377111312924083992272592177458228711124695018095035609666327088,0.84455338516888151540344683209966024107562439445525636848421869385,-0.017580386982375487653281663896473636758012996572902597714413452782,-0.066286677943055583726434343629736684531789717830100498360424371214,-0.069338618528576536949510320983579109451299772802219410996588630785,-0.084352741667968274154202612373012812744766648731960262151698542539,-0.010499674198222485428648202103861544345877792041429933709211867351,0.45275619402508985051438721524744260914069749314656601367459950452,158.48962322766585533453665471202559320695176604657696529888487086
72,0.95129928180074758947877284915662839510644877607995494806472340627,-0.91106072987707788657861265423620153993545275752458651179843539605,-0.022676743799881327100602066019519985348672008639882016097478589024,-1.3753719988775110177676980458047557448143411412446229777820578047,-0.84348798084714741003657328498254178883063443075630333878131769058,0.017561808123788375799558128900906869822324009915486420168809421193,-0.066053812384958435124508278408893048052784707913943840688180284976,-0.069096423155489127055486959811877452837037350335649055830529582601,-0.084064974661405786314162821063944972894726186576526999332584477948,0.010485230079867418127303111058333463400977138339412107849970393922,-0.45211595332318254884362693495022574002852224472995211894205602522,151.72100688640523099390340628499989570830574782871080528370180489
73,-0.95014931251573416036716590082358480679927743215648694457400984912,0.90995646360243637016390150087988690285182689134671343605570979172,0.022648843907563349558491713356139912027133821586934200641429441471,1.3737066979065217755682385946136093502378986966314898080219999955,0.84246791621724373402120032942748060089634201537507656104119445362,-0.017544005005734440644772686587557991920316719222839307876870615927,-0.065831704816089237123707551204297886599379568175025504115409769251,-0.068865407502462694593083473520237114584689683370975804119230413038,-0.083790438908444665410475446086460297975582458358328420426321625777,-0.01047141075389230225034683605675196135916805982554412627371613355,0.45150338140325853921281927265419581707806000643048127953875148054,145.26360509476021245442806091684487788952676356436497933976348713
74,0.94904812607064342725960870556683021251590410074522020596565800919,-0.9088990493141675986487293743440725187567917601510400011073830352,-0.022622133337178938464926826228302423299136367259257179718060048166,-1.3721120456808998430460703140133364133651756268940215142311820157,-0.84149112874898960901943230072944063256967159727541906023960708292,0.017526943419296890145952504994455270459975973334923025140214925822,-0.065619792520289538686203463179068334423703607271122323767922935297,-0.068644987496584101419820713204144945254756725745815891120472366192,-0.083528447632268897054422664934873253180314790862971540779711557005,0.010458186631557374445923525654738813095797809850490375955488465376,-0.45091718369210885343280511633879664422770979725446584596259746746,139.10126405930186290343403344024175688466873347276408984242730956
75,-0.94799351601354466782607600498912144893175641524098042918563923072,0.90788636787720511013979615162909055036924496795731329522491651226,0.022596557307315283653136585810347214983740956519740373036186040054,1.3705848472303198022262658612184776673432526973179333232996431076,0.84055566015686565146446376226169513851736499087098209828568759881,-0.017510590829024274033143267549683683578770490763926760924536678413,-0.06541754771217307112345797914241546397236637852844390765082440943,-0.068434615280073475273768473456937793957186084524669376299834368503,-0.083278356247158800297063815874273351807463451420918345596830297877,-0.010445529787163762037072873813403955897232442943453249840118379013,0.45035613410261936000350898973353794812159615552261705893384331448,133.21882237050067011276786740337716014144589995240726031806361653
76,0.94698338631164693785499816631848623600322480828367633301048723632,-0.90691640606518113373964360506175187507496724841247580405415801732,-0.02257206397396089147476455020075939700916378970490675518001554943,-1.3691220672340241569297604131206152945719977577018605929693938608,-0.83965965032499675087969745810730780662767097912055548356946176503,0.017494916272504912640590011055974963919093770166293773776313669575,-0.065224474912332713943601300891395616778995910420356906492465089962,-0.068233776488738564141079260813722700276111090519410329798943138012,-0.083039559224180916587156111176232747685858669391503214400364896508,0.010433413832024352632429982604687155697511592433546414389137401721,-0.44981907078971162351080240228937369224994342271308787690420340175,127.60203728008930042410873058240620086204771172683516692650070499
77,-0.94601574502712237885919129698009608576641147480159287920847295828,0.90598725053760454025342154628713986410731430715676261301930226736,0.022548604220830084633127176393515587924444550506344215845588356276,1.3677208209407506873664536065804301130282977693043869447007445684,0.83880133164867008654842787792790606992448984229614275172427727363,-0.017479890268687753972642574299440633734652617138486050343582334642,-0.065040108557915600874827474100289605061461282271279932577684646429,-0.068041987775255463905677956942524603191882935086307353509645546142,-0.08281148723496795237374572329991289668828365215160542022080864131,-0.01042181380274806980574300283455580357590686743529883163587282128,0.44930489221611848519264609915850050996473113975192899648841656299,122.23751751942845078272070671130907775211934875086031866079265326
78,0.94508869841201892933628561596693139430711826395431023467043718732,-0.90509708220573430760845674015998847673984478077757279967275101701,-0.022526131472542948574789491424062573691175307706073198958827041742,-1.3663783656754722979892048024314228870478162589016913175285560898,-0.83797902375858861153953153980033544389539897730666024721094304765,0.017465484733741673153039384382880343876098175470664236038859128571,-0.064864010824061374030056768222133972990370025451002750522488242669,-0.067858794551561030973652642777458186525312020913925318825984678664,-0.08259360454488717447816117554965228717789069261260623715611734791,0.010410706061516521664127992744626100760105893561674004877777272494,-0.44881255350201426077938498309886236581731081120331778064289766379,117.11266198378059932013734465059565945111787973769362067532566998
79,-0.94420044539071250194862115079573044552056762326622560881042875921,0.9042441709602584205797369885216977021390250401424559016863934945,0.022504601526979521587056809132482685555750864694079485203059086878,1.3650920928921249107605191593533215821214334194285289634900783307,0.8371911285973489413361468381272216693555231336186143675188971598,-0.017451672903474559781827353141550057825791718429690221920976177833,-0.064695769634600839709332430231397826529488517957385383090613366026,-0.067683768927740272063997153118012410328304086976219956352922846615,-0.082385406630273036490347814768195365951759021945732059863214868366,-0.010400068206494360211940130760839639865075360272052320471698365925,0.44834106303492134654016649031285028950915735961594997252023782464,112.21560368683635966619037551970040484837850598949457510575772057
80,0.94334927240095333817858213016271548149682274794453006786237378986,-0.90342687073557387149051165167592801174789054444217703257249858612,-0.022483972403866476350112861057803390795092047008252931750828169041,-1.3638595207341173024047462862283840570987558949103156006282713965,-0.83643612582052865977370695255962576254952569010417903075322673014,0.0174384292615129903379576174289840789538401564941001035390470347,-0.064534996842926516553158580223221916114391631231162074918929429349,-0.06751650782746450434774118125484115017306434542254916063156115926,-0.082186417997327807984734309732089584927772711901876391446252105061,0.010389878990875953163850715114117020283501239725673249764136224555,-0.44788947931848504174220571667973921292201588679799187593608067193,107.53515845870797452555698946426732296929491191522545101940462873
81,-0.94253354856694154276240265889966441096641993133381596770519947875,0.90264361488712643101498759652248914325004523785646531080229959033,0.02246420420723090822313751339064355506582836062555619176731237957,1.3626782870669817482846201692769995712003410232105951987712431399,0.83571256849732859617245589962015089103281594422558543936772703104,-0.017425729472584203524277548986531712650546332851794465135587508848,-0.064381326566131580989621865084236160052809644519766575035139738825,-0.067356631262349832276065999684261107415699782418901095562196060132,-0.081996190182840306886990877800865647013658457796197645200545285425,-0.01038011824935412855640314512864723417821199412485304012432767344,0.44745690804066745207771793319745253511338401947465595689166634988,103.06077792049710741625318377526307276787590820749996223410556256
82,0.94175172118004047219038968855418401727886283628526104858204578252,-0.90189291185988082164490055645891970160680885616666498431348857645,-0.022445258999806428905070121280085844559459842808932367239744115407,-1.36154614294999784328756034009596878796651035290482932498463941,-0.83501907908798829934544423779800397007366646094590077129001448287,0.01741355032035322164041901081517847111259413730966369702881309067,-0.064234413657418084197204598938679940249493679117916784222393643909,-0.06720378074961523175773321621691542687164606100826621516390610383,-0.081814299919093578713038714554510348805833619579545930076448348787,0.010370766831019482847346207485622466744010907108519174325757812543,-0.44704249934367931899407797682881324619533211522760040168155537067,98.782506320778571642471530851414880498403088222472515387161241287
83,-0.94100231146472102840201843785378978960788706027050903790720929997,0.90117334112753480699020811974050270732298973960211462459638686731,0.022427100687830206753158802311186279131710255711445635200206951775,1.3604609465159802178146379375118044625610781418816463259498880414,0.83435434567721754522472673874683983811096241182224062871171702375,-0.017401869649356014658651515802100803153187064956948778110615480883,-0.06409393230343945936110993209081414259577242081448121846624353453,-0.067057617859170478211576007663078853033479123746067470869563137642,-0.081640347447274258032900386152142653268537106974493311735737108824,-0.010361806537874639875037968545742896486904929067496598464717354586,0.44664544527956407545428154998197009859025927534119172264270511848,94.690940865017196456254672773493290432384334585596362483898062636
84,0.94028391060914144334905688672941497757605713329935143219556461346,-0.9004835493835537748886416902122565053941167205321417036011115012,-0.02240969491494790606701982867142472864912734299997975487193755473,-1.3594206572306505435296602192412516298575816156818275422629250306,-0.83371711844469657420147183464733050087814464314908967629869580012,0.017390666310639762393395367845733743532813069767229973722515557527,-0.063959574734700096557077580752338739420079757512458524360686509072,-0.066917822877793876857062024333363794897988353908564334553822294852,-0.081473954965398552983436212576082755324700406038208211753804100925,0.010353220068287375594360803257840744611871034883980067846876635966,-0.44626497743678844446703969557786661703626558737679513999528178676,90.777195208972892617470849671293742586449256853743358140305953669
85,-0.93959517604142118725899855788939998834964619118967497411455617875,0.89982224696648008683469304608247244428642116021706594872513245537,0.022393008964163579616895643444448491867792351907355824111436605227,1.3584233305051088906557445033049481925273480798582255237266922421,0.83310620635532081503282841054118874337967573924943871679504294554,-0.017379920110777520807409868362479052195432679065253201277987118153,-0.063831050038414618198169956430103134310939503387238582718787461986,-0.066784093579399657416127494582895173207738036617509183044354668772,-0.081314765198265303477335528120992478750109907212437507939594207778,-0.010344990964817744948666832667055954835526801890996357336648356684,0.44590036472449406594210179940320061776738992247739557152213589559,87.032865822325118583136585224831809423523517223813734003807551728
86,0.93893482793417836266896244782375905589391654291327802786120356175,-0.89918820450326186656354210061305657353256823394668895880607810831,-0.022377011666946483131121052650809568973525226281758074179960935031,-1.3574671126368778063324627981995313169927638922624489356466994217,-0.83252047405332566241198185127102434283653811688460579410713930456,0.017369611763970012974299294559892913387823082684830994875164518409,-0.063708083064355531430018852061291974002658527757084118736176477168,-0.066656144091571367139661141502129238525138713685512930722925743549,-0.081162440078263294201995085786594070771670376299040313915145706514,0.01033710356594348219402491633092056708432275536662161694110846607,-0.44555091130223910073611132821969979121741143824064854760538868125,83.450000959718987669909152194376211113993096138467037558639039543
87,-0.9383016459212803375204437431974603226065710185344539094143898285,0.89858024975554958956165100931035236237452226430964402024646147774,0.022361673318746535950405821237212898080541437497971222437816159306,1.3565502360568164903466699702904760746375370548278853637347483123,0.83195883894574336096861576861703238379559095746299988745206768541,-0.017359722846984212008386912649895062151507316726838666730112191458,-0.063590413415210628562675158129003994783396696347080395757760045512,-0.066533703849572908224567957446835818590788574996762347030576876147,-0.081016659527021674550724701328593725550646430531104301399090192034,-0.010329542961279798173797246748128208717989149114452196813088086339,0.44521595464412028322583911689877463756967954234521478222172452667,80.021072003759117382166087855754311065485588620835098565501293959
88,0.93769446601201925769903285365671439065020311472407076229929446185,-0.89799726465502808755105758112799252612809822331354451174452753393,-0.022346965600282480033281391251560482983478167805306227458692010718,-1.3556710148608964763839333123305694799614606967729267791648287595,-0.83142026846183415362828920836464836782576214875488507922991686735,0.017350235756708690114693881277161381538626723605220023096074917209,-0.063477794513848301472502426617470274078726595099203106397409966588,-0.066416516629961898927236868602192031176992063854149529204279080701,-0.080877120328919178995571039212415294369130292745344837130109675888,0.010322294949947982894187952096212970711826946207639314178046493267,-0.44489486372712596136985095896552097637697926293663022052932131768,76.738946968629831235857490674781840211595439169048597415134511851
89,-0.93711217768907821905832258134380032857101491215574591919957050393,0.89743818251488977485756443431099289834488297608042052374612578819,0.022332861504057657403141389311353573179371417324127571850580821747,1.3548278406074000556851550303272162760407047234962296974206206293,0.83090377747621206043512839607782075998144107098378117574810976396,-0.017341133670130786797616757721453857046760518751197823602863893996,-0.063369992740664760628021727491930932152745099340941823957102251627,-0.066304339656736859869985156133529969706983916949909321189131762372,-0.080743535088377164691378876316692896090641506253213842543332141838,-0.010315346001794817648661272468990252880123929326786736566729796938,0.44458703733443958766599183602592029604164449164238088807705449038,73.596865974408669793965594818694961714109399852916073394070771133
90,0.93655372117771003093236937065921157653828672528495803025696830634,-0.89690198540551609230686084998732644145101796167995697736713679032,-0.022319335265632346112492418009236117522923119691446036707296248871,-1.3540191783615549347167993263123141709586997644767129741419728191,-0.83040842588436441156186502059085469553804133497849797613979220336,0.017332400506561592513016102662649017564345643913555016182535267153,-0.063266786634874818074084226380649801717508707051359327522954509523,-0.066196942773664061166140591533360897659014853400452050368261795944,-0.080615631263668148687737931114472796506682430995969208475108633792,0.010308683221203941853138156994919537268853460981286455292946305407,-0.4442919024652001488126402165610605390178279670568998905197331753,70.588418521113885080610094024661381214386487380924537542661226626
91,-0.93601808487451751364348926725804513650580046213153656947679054299,0.89638770168332277848046934438243224345619937373817043619954468513,0.022306362299242337067810174274738377732106927335797668075801558188,1.3532435629709603667683088908740856228430461411360398869000391775,0.82993331632015431823905022493383621723248575524506928297107930568,-0.017324020891952398095209748600874515317494161057568465201444299673,-0.063167966154218435807825657792769865716575160693578371678836411352,-0.066094107677063470913221500709768932407703177073456838854638057341,-0.080493150270688327699936745796958691660060665842015657604992263745,-0.010302294313272743109159792385933138516141677611016393512514131651,0.44400891284293942329171527863342895583509520082080844762965728661,67.707522408386579861003635999751257027454769189497525562567849774
92,0.93550430292511015601899353478620549403729817806210425286198476178,-0.89589440366254520643279307349167820323543198045813062044630699348,-0.022293919137403667193375523101545263901684818099001101231782184622,-1.3524995955563984508456020793340083183032386604396821962614082821,-0.8294775920057059661279810338740717662174402466632925850142698176,0.017315980125161282392824938192982026900181379504972531183895583675,-0.063073331988098174610444385998371971135426410145595726104044526697,-0.065995627203896227785593139588566655107385189527282332707918830218,-0.080375846650780540721245421169805246450815423263555812361814465203,0.010296167552155399208796645202128236970068706162199443609903935306,-0.44373754751556314213802738139363956194986725687059049175506299524,64.94840416171412578291410674889698134198347950528316896087388295
93,-0.93501145294072397563127333695668242530960238331046055313988211922,0.89542120542049726354540767726446541965074515879957687942230526566,0.022281983374185299768852832797283753316079207933826590656797133711,1.3517859402037666014766179293441647556475067464878938606638477584,0.82904043472481210787549409254313754799580266167140756101290552892,-0.017308264146041412317012826894933252342778016577057083060779719854,-0.06298269491964623722017460333370639611080257164845653200873301275,-0.065901304670497130672625468781445081612649264495251043686395394449,-0.080263487297262842791705977931394820026178598876727817078679045226,-0.010290291751395456423834802487395013105560398401840538595190965742,0.44347730954033072660374221008736596410050609805863843148259258775,62.305580839478172023587774554375254450888405328636272970411289267
94,0.93453865384463615221164372213777280827979539090209614691645352688,-0.89496726072753560585551686909525589969776301567648082078607696567,-0.022270533611866736004452529146467168343830408629758361800943936928,-1.3511013208439203139591124655909087196657455068126497133438317606,-0.82862106291167856295748536308236797288369688241431583377525967934,0.017300859505233810351674323896049740238201966595856964329432624278,-0.062895875232651122281020960254717343192323996780644227833746992818,-0.065810953257742324140135329596923233849012917649275305736552536058,-0.080155850735825582614272302481132444654625604633549997155160020748,0.010284656236090609312326844516424878620288470415353967351242923452,-0.44322772474782221713947504615970958598197500463978200484319144644,59.773843107052826838464016371740969818288555926480243512204154812
95,-0.9340850638398894048656355981785193066085111650737599351644250227,0.89453176109360492582735788191530039945584018251853032120148169823,0.022259549410727361647206901666127917457824526286768624387351199124,1.35044451830818594743657223017149609403118350191202597659001861,0.82821872984743819947593134595597186636496183781706970644101490215,-0.017293753335557117391070814597090989694846456268460989575592125347,-0.062812702159659193896642442225068472913667880432226446930338390394,-0.065724395438841181089493872374725554284271639798360948288041972516,-0.080052726454413818723036570572409642407160027027027257168373170235,-0.010279250816748806078046352419671462416760382425759837265063665652,0.44298834057936659745232006923188894369351090919333052930686956016,57.354525301942179419971540691771184012298300859953898168725601579
96,0.933649878490468561213866989707699672499086028466728017767419107,-0.89411393392383326780581076119398523583932300376838362303760158746,-0.022249011241739803745862159201378771804440243047286546325354426595,-1.3498143675481976465398131764471456861866458964781043587586339277,-0.82783272195743234284869947833920893359062563966146716602059783335,0.017286933324895489662194069312335664855322781651057848404463092953,-0.062733013367911125124055548401718510023156459688045009328393707609,-0.065641462446298005732404266066436189317138806686406149587548662144,-0.079953914278618340269883310943317007836833358824267133764832673715,0.010274065764708955418605434461390096598801982495595908324552107737,-0.44275872499284770526501354214790840289807642838573845004520665073,55.058369436753257546906269851965776057953492784033105552096507347
97,-0.9332323289086482239187060240662215625471738042683249246272946681,0.89371304077619331057132586938230336064449963906295967090589198253,0.02223890044196150141058382389470509833303389249547271257251029853,1.3492097550095366718253869694680615927515695949493857769332841673,0.82746235720277577384748081733876383392353321537360080158574991775,-0.017280387690493411936796330789213103569640272709892541148892387045,-0.062656654480081901588716855627366198499191662907827895493556275772,-0.065561993774908528380999170661324518380795394561414328455377116776,-0.079859223788962951988605479531514409116027657029434512500949514848,-0.0102690917890117641242547545036425695910107848982215022082097866,0.44253846543220656140703147108260205098648324324846464822774288437,52.855773830341818967085559198902256942021641411295087377458843707
98,0.93283168004176032623059795711692378030240466491159296370246182934,-0.89332837571474957018235936463353915034851905696938585449037175459,-0.022229199172437716305270133796728118472323298872513728527648238628,-1.3486296161494108751450232762936369812635597399889254720777785499,-0.82710698356019684677669348478657712694067752740508128234262957802,0.017274105154573039742968458686656511481562309069693380684441836123,-0.062583478627069988395357908376398594195874962295712727774322317293,-0.0654858367179425354727387913023854165261936836489050305363447219,-0.079768473776802823049077829114192749241468954653227237811669036707,0.010264320014616914523378728044005127070348216915020624860750153409,-0.44232716785632605217824589110899782385538664543987272354849042433,50.74279807153672667922975946285998563105566332537584058493424325
99,-0.93244722905211772262571788225252867308407335287625868014598027589,0.89295926375247607070723884308664364789962512264497504177643537342,0.022219890378445827587929739638415296903771131884977262381649797961,1.3480729330893120182261329143937003359897762331406157506586006124,0.82676597758458071236681787965972513174170235250569058983540549115,-0.017268074921195824330549299527469728280677098346306375987895104509,-0.062513346030329971286648273211133934857929356971747536811815326828,-0.065412845933921128139020500156273163374534002552446683030430349864,-0.0796814917358427766283418576257243375275548207804842887151579993,-0.010259741961872157282736132879309100008598985044321382333956377686,0.44212445582331888326912771162209612188349282177317725143309958266,48.71567774146503758804796459384296591211742665842111943102582658
100,0.93207830378427845268979324792201702336896371021191683913844301323,-0.89260505937805735429782762282423517863362671872428695624781664704,-0.02221095775192537331075466105313695796128379165039974395263899187,-1.3475387323942338939873469162586752113374666780050455038407186577,-0.82643874304904469444287881097481201091126246620007002091415452354,0.017262286654295725081210964044644886774053199837230138937987374324,-0.062446123611466639294415780148018461806707721157040737752058320035,-0.065342883041628317139103221147755773197354971287357258379068688419,-0.079598113386549087271002234151484881695597054859644468885514630944,0.010255349527148157220960201820417547265093975841155279597153928217,-0.44192996962654565197966723848177026098958345088323398165591073143,46.77081577373272469344323319058435697302371775898842165913731426
101,-0.93172426131424828100877125119101184702727470991573029090396409529,0.8922651451614806884940428002879120552636411173735395056297187883,0.02220238569595123710350345203674599584573176023411561446614032099,1.3470260829706292104466766998650449808544125922143468438486306755,0.82612470965774371087612524080771611805725066478358591101553766239,-0.017256730456816355411224998866353795917901832308075170808104985999,-0.062381684627009853929742684345915750243699312102385183162729067709,-0.065275816241204823487884971084357027118700759349918554404434302801,-0.079518182230966886944769768564896558758786934177398691572211963733,-0.010251134964560256853727972839275314810586378247339640802721130132,0.44174336547896950954857389404663482626368118815113606856642727375,44.904774297971300382509788839230009714001090438009290764302737548
102,0.93138448657559958529441467972788700855181172324195294414463215058,-0.89193893043359168561752180998873061746555216550855393525583732929,-0.022194159291118893892429509307383051404841058012550293634961080126,-1.3465340940758320313185143951989825960390374981232552605106728645,-0.82582333182694309777180609836760667222846056291660592898022793969,0.017251396850889005784463360431773339681418499720848715253833741167,-0.06231990832647108820161492906884370007392895785166726252549580541,-0.065211519959359594822636723093490373722743030857923661181399471352,-0.079441549135670501436188380825392049956110455610479483641161907889,0.010247090868704852010899336884850007272785696950425462231850230057,-0.44156431474270967883830932792771931708453938810844087033876128607,43.114266935372993279864127650074917922583090011057308487642860652
103,-0.93105839105783539786573535293896822312242839798645994805817106919,0.89162585003512177147355144898960904718520963832811140551267878866,0.022186264263720930948531334127487249434656865799644951489413498076,1.3460619134321790049321534583953495340290954044215189037970575742,0.82553408753020886170376919166946489535604063889830552963681899727,-0.017246276758992695443652569821871926502561893858703591056078782454,-0.062260679631946365802307817622338412916700416645025266253193411723,-0.065149874516903895801045866803735155831246128777568434481599297748,-0.079368071940768452819750617188572698235713386474396659576232461224,-0.010243210158343918766747909399062834813281525789321591776289694295,0.4413925032008902765056496838164341305923645356803574473855201755,41.396151517178969953267686537223053000834565730223078955231755032
104,0.93074541157265091261122655295035711662096907763842724179650667295,-0.89132536313100632311736535057918494512186905355286320423513676124,-0.022178686955603321553261507292648383646037714593791555046817584205,-1.3456087254395301186463478734080393116093347350751810476099813056,-0.82525647720385357034680169886727676372595653725546441008396281926,0.017241361486041267940599695078523787853062309491772482514552327507,-0.062203888837678381848295779402387028153151715931554344954307360705,-0.065090765816965850662915770875224151196996074017968266582650040055,-0.079297615093060683963592997967860330307238740661826850189809471104,0.010239486060976484011529212399278477376008420333382172315002987421,-0.44122763036909546226239625661068150116628463455828675910649468941,39.747423199230827520733414479696758740035554509516196164976894053
105,-0.93044500908404333681170363168181375289979647665010386472574019899,0.89103695208609894620589687461350829573611069693341241240732231174,0.022171414295598288305501730793509515635744528533745260394552476103,1.3451737494803214704589978250576604143681366709915917145729161732,0.82499002270904189842852675201845446656295982252819069977373667593,-0.017236642702346102300305026274795941527941251182946191923865411142,-0.062149431328124515877713326007051014504383814339678243013071291155,-0.065034085052381741360679832040921149111544292554069188935525386172,-0.079230049301604743795301752288818918232608427289857655162308896651,-0.010235912098240570364746246847822796615318683624813022897856592346,0.44106940884393870083715013958177567940373821258688580362680420386,38.1652079476632132682722441906385411145713347955066413680720386
106,0.93015666759849667733726083290487281306126457593671066242189550975,-0.89076012139865221604127619071810795412925643278117813055941157961,-0.022164433772438167607354537950761233096511965418589551780226525707,-1.3447562383116814709062293381951637441116327380402386858802460716,-0.82473426634720517762385760386175767729916500704906647927555766246,0.01723211242740629368863010423600362583549617773694298008225740443,-0.062097207313198736523323682465580135288495130067039433188097325331,-0.064979728430885728281215484985799451123886218200817660617880499953,-0.07916525121409194948292351952339694861731053415444521654465474772,0.010232482072093434208326759836093222642133120600907433281808857857,-0.44091756368643449662972205576339579374924420939116869328838776805,36.64675637262117119399140600683968456963130283833553798390768051
107,-0.92987989311172280183723061387948383111513511132778928193721404081,0.89049439668818003688282670318462900521959227277670064911088088978,0.022157733409061572850588939540266112241757389175287947287955171977,1.3443554765395106513761475403542378646562811338529513164355103242,0.82448876992564088338123290848224190658857462082499728245885104225,-0.017227763014481192103814971154588713653785449375800685538377979054,-0.062047121579465357492013181935260212020413375842554033358230048114,-0.064927596916833319790515642726255745941219223056652365992401919489,-0.07910310311256544949640898593634787937146307596998638625713779406,-0.010229190051721807601218239631815702449434336323857614571417322921,0.44077183183802680930986842846783017578590321583015341174891860217,35.189437888544297995455133051183504936221367228182722589216021724
108,0.92961421260867563830673019943073362441028754376425995193197626336,-0.89023932373454320740923179398588266143059635043513786400715491472,-0.022151301738229432461196779726482001094812022750886143543865958537,-1.3439707791697663103319985038380084730883341109418247682012100671,-0.82425311387038239782520264603324459646091810940638918752963356043,0.017223587135902998436301625718368961884879170578235944380955390101,-0.061999083256162400062662916793194122244817910742453822297343271923,-0.064877595988297075048375255129660408993504919813819953343662227169,-0.079043492627131013078054218702326681539135694011498809617022241613,0.010226030361137396638526152730888028543568144786664534295334734621,-0.44063196156728080060262245924767768581432134203470232604518275611,33.790735181084210922995440849658605220402629273671865551857561062
109,-0.92935917311377324959241554137457590711452346132529224565381198639,0.88999446756530930596267717172801935133871145186947655938570567952,0.02214512777937421891737837903424204201798730449225368215548870791,1.3436014902325088213001957528981862838869795302859958411348673188,0.82402689638361804253710716190831730261452761653682586791913649863,-0.017219577769089724712359990612314513757824704963562004112617598962,-0.061953005595022982008425560941955762241794336568244533425439109113,-0.064829635408466750247076125148685735871283057218247074069262386783,-0.078986312466419478927988429350701048718881475039414710388776511818,-0.010222997567416119592512747753286296979793705454087571353935864504,0.44049771194538479026506340768577676773962663515874240550772780225,32.448238962124107547404925230649424473455560514072660177308022507
110,0.929114340788464183799006368068096458578251109672875734986451675,-0.88975941158863199175424980059151166670250701075777548554604403157,-0.022139201016610944656120598662966637016923682639909577921446929583,-1.3432469814745586113256926852940765774831707242742585640785464043,-0.82380973264311757662839999961038508999411534070871739873525662512,0.017215728183221247388635968813618154858820416275190671518960713851,-0.061908805762945605986977017876661461517503006710302747845525648541,-0.064783629010371341576558114244090090395382629075344706769262455906,-0.078931460163658187636968148380495540233956029978474737671664179488,0.010220086469542521527169095827468340475781595776673590558258041213,-0.44036885234873839024146469590180015550055842564412121329413009844,31.159642995660107311417807390883302082773465367860738041330984384
111,-0.92887930007346127267677987404031348926541060698807046024694605539,0.88953375676907450700174121283552981413692869696326458802379864523,0.022133511377843330654055697573340904414582872799078431241353097139,1.3429066511168834780131033010690161065623425640577606025265951244,0.82360125404129028684516721599211276141266031150274903244054768486,-0.01721203192654343502098296363144277071389903722572744098179431302,-0.061866404646639280617154799131817315720338087783593319900597367797,-0.064739494494018084471753534925338906594795694147153543070301131782,-0.078878837837298359919566986370444015741453159231118532990885401339,-0.010217292087823507039079327533595792644981865834328933485673864689,0.44024516198702171481090614212292401725418131533657317235446275423,29.922739378493353005832269602121919619002362292380328644657542277
112,0.92865365287313912954048209671736016128359404688659131220553016185,-0.88931712084396870417308049352232689922529804456923159611142584801,-0.022128049214902996820020968657965671088179002419304613424884296758,-1.3425799226730867705333110575520241443230055668028749455017487806,-0.8234011074616525357159847450801489306401438030301470822223267798,0.017208482814267428547380634537067590970116999898055102669220017082,-0.061825726668437804453664334172992998028657903719408829864569658306,-0.064697153235114191831672676321094132249438512521802632645226657309,-0.078828351965227123786500892246131089443715704872736824757456956557,0.010214609653838014562586128519580309898824703835783463556818809485,-0.44012642945525021351002173030700254568049754623877509460652856646,28.735414060778339996988151442907203882164671314399551165315664564
113,-0.92843701777975208420788144991119060928667574575411035062996532574,0.88910913757805535991342533441738128208652915432962810085354967803,0.022122805284663617933489374834656079610137667322725775101825967423,1.3422662438255995930506213719556485469247981935453203886176193572,0.82320895459062516467912301770298604125217016617657164985750600071,-0.017205074917033106360966740659153247590008924101756474674589680286,-0.061786699612539928260037403603614934743911821555238320277663751443,-0.064656530104601626614723148376627529198744301058444741898602932626,-0.078779913171667504705163199542932035382757604202124570108343250759,-0.010212034600891536316988573654721395604815979267064733814970846303,0.4400124523084208420497859829795782267953722115071171332536129229,27.595642592484625394630678168664015030911323997819937636159229009
114,0.92822902933527818882420326543305422887453438710865511450321600433,-0.88890945605429483247818265625058028939120031175474965130475825021,-0.022117770731075767758217875861359590446185093736634010652282910306,-1.3419650853563960430111753510364276086053749584407602032302247972,-0.82302447126271336979022105092505444368414965156335059673847613338,0.017201802549907588587802733321114349037148981617271452546174843817,-0.061749254460989066435346345791656075208081640078104945118033856722,-0.064617553298294107575678262324947164700835317922654402138814914043,-0.078733436025937858836266007489182082271532844153805378863022772651,0.010209562554946486812492611944875095341435884225055602760801215174,-0.43990303665744869905843850527205717797363496429652171955928760048,26.501486082763195481155901093453526813538851891865800692906004842
115,-0.92802933732883315357628767314540418752969795679457880829956374189,0.88871773999887015161891294552678031748770190661706131358841719011,0.022112937068071666249429815932659029942151783432603333363305533763,1.3416759401292508952823418741331528962814749932980490510565462942,0.82284734683724439850312353216674806450627052547310243056845432991,-0.017198660261891335707944911685964840099844266744914161347841018017,-0.061713325238758274904180950542276747596461493316601444970703964637,-0.064580154175959378602949285727355438692302913827072071944846893713,-0.078688838852304564195216085624207602452379266912513109515464448297,-0.0102071893260013569377076281617737697735934315555275793965922568,0.4397979967851795708262557394435528497206676930846062363228475742,25.451087360071913159328242808410244283866139772710968328505742002
116,0.92783760612772646555646847003941574349279505567016175887319143246,-0.88853366713852820425960514108808397632812478984006527549912501345,-0.022108296163292276200978213624818623228105378563759074207978161029,-1.3413983221207452989373502692953825364604696283932666178317316492,-0.82267728360495240720295642875762295923638606504967526695367379876,0.017195642825905985095885115326513143936564887266337409166088257974,-0.061678848867353816606886618186466302952932021525080164299383361066,-0.064544267109239013679448910283771137884657673048294872760952313624,-0.078646043550218838063152089180097385895437753513264389879675420975,0.010204910899893375149335555864402012886906756264470712690459818748,-0.43969715478134363936833773571951398275451383972517948620948717472,24.442667321712598580148205568021574622327606178443467194901747178
117,-0.92765351404035127678297876259961891845759160490554562387809970101,0.88835692858851953404687965804777172102824675071762223304378897074,0.022103840222592189136020187553198914011705228326265119867204546052,1.3411317654973990778703589455709817232511899390072624850492365482,0.82251399622280575677063522958633253194818957344637141443859868194,-0.017192745229239553600078916998648283417639625861658270967106184215,-0.061645765026394215075026712546610722114671635931566864292398146968,-0.064509829337843112661448587647125463662767427093275008616980320122,-0.078604975424280814682926948584526785699653942391540960979511614252,-0.010202723430501045630636315583003576496074247422684038241664966002,0.43960034019538946360350035093506658376172173452809056314110682519,23.474521462170840931774357723547584694406554207554236511098251869
118,0.927476752709210623330055129656720651761331690751120652325943185,-0.88818722826950408457322148546608921272917057508784639839786881341,-0.022099561775280516169628485587658396873841282891269378708422231753,-1.34087582373646913815343480750062034017291577901777203520662929,-0.82235721117557053546824057250262209668812165949415048434008974908,0.017189962664426022587205158602973042158319832772004875219652139834,-0.061614016022661626751805955682679884060918319388694679248157088375,-0.064476780833498555350302604179874350641565349757759287461232251946,-0.078565563023321938529834438662570758374681276610959426573646683113,0.010200623232324457494652192226000694553331001090950369188900970953,-0.43950738970620573263327386568868179594474460728744950689261286295,22.545016570333531229509505259699706524635281801143674026158629546
119,-0.9273070265324858024489739953626488086681473983700645715465018029,0.88802428235188960521553486210907663821540102082935608933243405468,0.022095453660058576285802077779283012807379461634759060453316799188,1.3406300687881032182971208209007595361457849891970088448790265565,0.82220666626269575998553108310046960112798323199142301147923208541,-0.017187290520537620947637055474289157645366915905949421760750949039,-0.061583546666158980925482997986926695804756128004487213712639895574,-0.064445064171167370893303399141407493804562707704311222916732285364,-0.078527737988040703866661750491311411680972337973401180204306691862,-0.01019860677342266994501691345953389090164541822873032634941205697,0.4394181468078016629587686219125940094913643202311018421321473827,21.652587586292834484457067498821841990832411237667026421503826955
120,0.92714405211264888053196549036538489861415079887014056577951055013,-0.88786781872616197426327049228244948131664860222132854828814931669,-0.02209150901161756845492196956182678371939552370426325590352337246,-1.3403940902766776303017922526842285387640262398042672032261429055,-0.82206211010919104359157115771887925563204811024158615327394508884,0.017184724374869337813773028521108633578106672944548761587837860977,-0.061554304152739945670300791180985168830972598629306296147569752665,-0.064414624407086559549104335241365738779599986290206190830867467767,-0.078491434906667159677162249294155980945294193103475497786502978078,0.010196670668688785442987309661737281519770724417672791604127800326,-0.4393324615100756768482720512613977722126633111916592660243630177,20.795734609032973379491360986859469203822320843241265343660176993
121,-0.92698755773071087484962310320709704264223055873326486530922976703,0.88771757649785289862963522693356787783915215719604602900379044927,0.022087721247861640141434219777958958390857066669847157255223312917,1.3401674947392775159837296686481369199648389032277548830307936763,0.82192330169924701817870842755137687642805606303782622761812011381,-0.01718225998499633607855365649557020641222133486737167905021600485,-0.06152623795290965208255170834811336711813048977718966111787670849,-0.064385408963212656239163788585266524501876283584030559181493413494,-0.078456591178168723696755425146174262268573557730827294570238889073,-0.010194811673444535077308971755834838021338474064680857854490189908,0.43925019005385652955532637424592449321781810246833565551394209086,19.973020046841500450034590832126679255370233610005160239450908551
122,0.92683728284478064454003430552976407039928391502847568937978592079,-0.88757330550587080242707085888728759448035202202201379152445086612,-0.022084084057723836470698182668140952711948511065827525656309976759,-1.3399499048993992064617389203180991533240197240033378733861888381,-0.82179000993142289781480851463576618149256467406637357124928962458,0.017179893281186005642265263974335523206983381940634372199025077907,-0.0614992997064224934267867398345365664439025894023754353875944316,-0.064357367517683704182493519673212755318155805272795011867059187855,-0.078423146882544001674924096010302015615726646776958042844144436068,0.010193026677337325362416504174162662160819494185022399242460185659,-0.43917119463945168846734193087970964017518161187531322599409081974,19.18306590279308957019015716997814882900532767978086504093819743
123,-0.92669297761168739889939752886707495337790733896503479673696624118,0.88743476586299565839672569427509873335818142164227391345276022901,0.022080591389544343843229349345127651928866365491008179252074717644,1.3397409589740671859248097840360723840827019083792872221952059908,0.82166201319429468205758992653580162610078814541575771852861124191,-0.017177620359147396659442485246848568090859551831752704032131294527,-0.061473443122329432535122833636893017051923079234275155302161266134,-0.064330451900938341505732245715893048976699246798276886695010932165,-0.078391044657782751399105063127013409295110514881548178450827822836,-0.010191312698523740721889312143378844782451062890382425895572154667,0.43909534316798481761506177434547754807533411437572298914543390501,18.424551188124381047388591827657227830530352683878496554369050058
124,0.92655440243049240391108506627598942584128622318658002113119784452,-0.88730172751740845119767109989837471010883218453242246730865061631,-0.022077237439982240198736408872911988862755078980666651954939797982,-1.3395403100126635330538454285999134285980977566353791518967796396,-0.8215390989615219913237364283551584369923322936454050671162269457,0.017175437473101712514677557504702726869698959673490901867607430231,-0.061448623884151300345117100094401963975036293482377756049636785944,-0.064304615997156601020527253443282716618428752915987966055036026776,-0.078360229583099103191278646545851024800286518645326223803149982966,0.010189666878124467406118801125066192024035383977802865341930505838,-0.4390225089948479694556205184971851017814861967826022700425570656,17.696209456755899452976033344732764892051176752671305525600656048
125,-0.92642132750678332740205409386605120104158213607915776128831937682,0.88717396983419126177128655844577152061814979178928683420114812855,0.022074016643433641546902771987071870397989523396439279171116727981,1.339347625265866104698862219385261185939946098130646075259749453,0.82142106340535174729834694758741273789262817942077538599319854344,-0.01717334102915842408386476343320781002544282089343164791605452029,-0.061424799559876731940224516056522595496333202066629909622925355362,-0.064279815650709970440786649696911721957385658202578176704677439139,-0.078330649068071864623515916646756422444664155329058513328334548099,-0.010188086474936508412582574561022272123024657476394664279802334779,0.43895257069463479121570681406441185341735386803296985469598152219,16.996826454624117053838989017000281250727889256347152059845221879
126,0.92629353243670806436763878198391221572323033886094698963073826944,-0.88705128119579496937917350678194561019518008929810370102618521241,-0.022070923661930700017387872997980595622544177435790803138238027631,-1.3391625855831836515542989612749114202455231700106817942724353333,-0.82130771102763317425879530026477515549228979536980134477505785533,0.017171327578982394971077402203986009905506072127052485466315029406,-0.061401929516503827705602525427577741585194607060641315434501712991,-0.064256008577329426407100787403432370770780378410075785908557459716,-0.078302252747350391763852994560007096815125581472425316473321723822,0.010186568860389400462205593547614679151220819118824092872641633447,-0.43888541183695895196401876496850635812354663103558084310301180736,16.32523787786572453695849805794532831265551928245703613014807359
127,-0.92617080580976415354456779471778621390834084109912448403118678761,0.88693345862052859708888035452029732805386215391280389100195991358,0.022067953375497370964412719526447291921621199134836387312758838043,1.3389848848376619883789578921159667890472219748949479393611738884,0.8211988543074711924874827522050278728842665059300460552241330562,-0.017169393813738185491274720671041593932857488051484205716468035984,-0.061379974838863494559283563743586931549516647298606318428604289924,-0.064233154279719694024177581893611764215189452596597105082374385911,-0.078274992380607278731656192006122468426087413996415560594664391008,-0.010185111513732928100468971106753261300286400399899532548716009542,0.43882092077259730548771771865946617025092019504256526155683477733,15.680327234249259773948034967543449586391159352301220668377773281
128,0.92605294482941533490029647737075958834586949955255648607368678606,-0.88682030739817766703181042544267943307580983729025314045068124033,-0.022065100872939233303023312708783736689157776041747975303698481835,-1.3388142293764157178304470077736673589041656990456573958356753924,-0.82109431336469446972019186374671822905813701831057366468723459343,0.017167536558298434565462739219296418580901886220555370319307063897,-0.061358898252479850071288984898743609048271518100357810278686243014,-0.064211213967366033059764103602377215242557799655648037732478242702,-0.078248821757440161638843307488710785057751700995251043167135423941,0.010183712017444560975881075869147207657100596579990616476068857715,-0.43875899042943022122407905877485784851493597124865242997840830557,15.06102380257841713756143612146023222654892141317290488411305575
129,-0.92593975495065868219151950385564089022811916183303903894137956797,0.88671164074190885034088036613725253897676599295364507151600522815,0.022062361443045925320927866033052989714357706113758079010700412732,1.3386503374957152287761761850485464892336467208132855514813448058,0.82099391563836043669694728847786597183586582445152928892104669375,-0.017165752765703906529711271685335361536995462765635888414673927088,-0.061338664050239182536876431149328687732433374029663046885585457284,-0.064190150480296538446261206025838455191197689111440921035451226205,-0.078223696606944397256133666898189412127725924714704937516699998954,-0.010182368052845522356328492680159467136020295834389811461432108787,0.43869951811768222258699579910504422921738624356208267281155824192,14.466300685098430766728839423324039251051644547475333215612419179
130,0.92583104953371433016866140110024153479081106956542111940781924033,-0.88660727945566493895816817979470579124293832038953066787961452057,-0.022059730566185954184176898149050708157553520750771710051866244602,-1.3384929389394291269504104312703012045595670947968553725575910184,-0.82089749557956268483785705819932840205018952297585083527928026267,0.01716403951186343702631632315648503539031922842511874147633847516,-0.061319238022653863366639221406154147232125804052366446339047803551,-0.064169928216578380597691718696718754936780544246596563177779290205,-0.078199574511696392794060103733966090833671446464229534009594410501,0.010181077395915033684713059329643095256726779252120642964716399486,-0.43864240534399473556017595785714393550385304206910398287648669792,13.895172948223560498530426944321102115719629617688433864896979192
131,-0.9257266495130553374369366117870770183000258483999894773141061865,0.88650705161629795891861310687713295555852236740315950238822494889,0.022057203906274757190195282263245368688479736843656176065058890334,1.338341774419688249041983771639048780364295423181326153012748597,0.82080489435784655659025629265728984179829569117912431814076943576,-0.017162393990482621328128222646698694053023744153173798860822347273,-0.06130058739152140500501133061963716451764985978136651761505563552,-0.064150513063340704173012421829569784505825651191810368683057316666,-0.078176414825904050853127593644313431658757006152310072153256354423,-0.010179837913292874845192769007073243602109868239911492197325757241,0.43858755763388952318108460238828058023483074716754447110691536902,13.346695847171436707616872255687549425496680602093316169183690182
132,0.92562638308103790019748121409823510584684794200155655547638176889,-0.88641079226972929607119582503305923765372424368549299316974201387,-0.022054777303097941990415812438314459480276718440013094939304333055,-1.3381965951586992751747285258630195608370098554662647234382807318,-0.82071595958057660455272434472615473177939686741140065292958154387,0.017160813508210662135869576626861408712846979876050467367335421971,-0.061282680746791639368358502708804721939041204831570093445593222101,-0.064131872331130146722885677093448686297528295883718259582430752552,-0.078154178597496261884910737816039037737306479789161206222166502876,0.010178647558460955922802693547771256551909604766559321842028330852,-0.43853488436220640375705365198964267132007349421209532529875945389,12.819963130340242467307368269308460277924151047601858087624538942
133,-0.92553008538543215907520035816641449404324594693218433923661627807,0.88631834314046420813794217784947070327748799987278584228149096841,0.022052446764972616542331293399412784068715672340920804609579085792,1.3380571624506939794043767102329715582647531371684176095950095645,0.82063054502463511163430314895390471947099939939633364844476136577,-0.01715929547999533439492688691753100669704227471847769234554622387,-0.06126548798646684164709675391227345405888553214275540913716444783,-0.064113974691417217088270952434251415461998988839572002040541880703,-0.078132828493937724660990577393807063813153614051545470983796791383,-0.010177504368095116447561220509484631921493282761942786935426976556,0.43848429859112225115949538815627440054135492055319523513717420829,12.314105419498716491724729935625752490738414458600956471772082933
134,0.92543759824019140559601753632409807725989192200490836323274062225,-0.88622955235382422935225263831504228915373786584992172614694588397,-0.022050208461730642094042898836079460976831707378218463594352122675,-1.3379232472430546111032399570590515972952679731632666759661401338,-0.82054851037986419513975365612562356193680633117350531908083394118,0.017157837424636534149721999172976327129322348776768173491442615604,-0.061248980259370617951446650034692916603097605280338388113868254555,-0.064096790117083165735774017229264822311723558095368369856537590745,-0.078112328731568693694425017087217489299797118430063344469331324154,0.010176406458578855041034251793896217331455987997192853646973653274,-0.43843571691538017273605049318716466328376726346793928074869878612,11.828288662077932257275780244528379914861843606041412587017861167
135,-0.92534876984883276708768119540254482590175628184507119072135982519,0.88614427417029489987564263402058716710301964421929670602046636558,0.022048058718008508326648198730406397420845666251051032659319120244,1.3377946297357070292561591323566563813434749520163067850514867181,0.82046972100369531412694460598600848576925484501252387837143829813,-0.017156436960529358885390362651551261377890971374723452041574339367,-0.061233129910631581688672120969706892495638663188120455385043994505,-0.064080289825727556739975619805800589001036258922870671623170465286,-0.07809264500828162374983316648343486022045878848473764831240781303,-0.010175352022671148437861856839240715393809369191038868852725760361,0.43838905931437826315560697737369884607764862987098527734080999974,11.361712652058836452840622109870207853675507636501378508129997424
136,0.92526345453983558636556217527641692221082997009657985723440384539,-0.88606236873141812349064200461009742201339139434271483141278704776,-0.022045994006829342822282608688483173065518662531536210695076667019,-1.337671098997921245262281787904064296586047048125236654682450637,-0.82039404768643940149030442233072377826031825878141796356771080246,0.017155091801588120052637561977836327131919913222328815126540130614,-0.061217910429737325658206837479057883001128969250031997406448152687,-0.06406444622564657890714785912678883588896401942874050157129043869,-0.078073744439358180748834520722020327452405819680457258926238250845,0.010174339326320946252511988749948641299580422013027624136920490718,-0.43834424901078654106345492525482951184286808745588537999907485259,10.913609616141615531320100921176865505870083485502405090778525882
137,-0.92518151251349486114391207841304796470995819751820905131734193407,0.88598370181668841396119209187227525110415681690113128442466220874,0.022044010943463330925778319229800613046231183911753867428576664649,1.3375524526017041790702589714638989269360203237043588763690448435,0.82032136642673847924194063436229190230875495207843972984450878925,-0.017153799753343116256941667310972100559570196705323899464103060678,-0.061203296401023012060368430885038736264551286055241537330395179812,-0.064049232864341270950409316732894449856191197972520660783326869932,-0.078055595496300784229371083297389949940467133939393981118737930021,-0.010173366705621328641607140612959704209618817041918118253078042831,0.43830121233537868204184140594418425317677364327794222418352953546,10.483242862063025315184907814724278844925641706070846935325354594
138,0.92510280959969640236188418935846149879774004411431391532537775378,-0.88590814461094046265451604267057108364260432381375586194152949689,-0.022042106279553540185165815202434482771556417977650266191389737747,-1.3374384962710118937428752297485845916556961368820876865085235049,-0.82025155821670560693349506940601125885248965502020836634591169897,0.017152558709202399522202331485455932383579302322907787192458519143,-0.061189263456467103376319459997710462193863728337381342568876078304,-0.064034624379423336903265788410232910466216299639079088763996148736,-0.078038167948502801830759191302406103582083782624191237882920397204,0.010172432563896690052613715808451874702733832964137376402695976299,-0.43825987859778205105515657854739413410769538539120662562342022925,10.069905486096715448336633846823088154143062838714861334232292518
139,-0.92502721702610793515591658108065848138385052246738842589411410889,0.88583557348174196755581713256570570713112435686121596465333193992,0.022040276897494818995273785594937412468789390351454814712105310073,1.3373290435460485256361385303085662415886549229191827702443363393,0.82018450883630446970303612151455237234786668925168300137824290722,-0.017151366646871148604825662920015361783936775254717646528676858891,-0.061175788230674391320852489438293387448676320658266815181338828212,-0.064020596451794142664506088443810091588946053526814568581780303227,-0.078021432807610788460966060008951283654041089445299821350969616298,-0.010171535368916665281413881372229399891619317071779620934722301574,0.43822017996286538867836103817922965842127414231484111375620521102,9.67291913693009168038123016517833128993063207505974266208211017
140,0.92495461119630631642318726927293943932368815086301133003704938934,-0.88576586976633061779520447820423725447675546185939526517200794405,-0.022038519805054074700495052036132620023101070002172519752073052972,-1.3372239154619567386565505868226406641270490022898146703144961122,-0.82012010865654293644837297121636602246488532032464165146086616553,0.017150221624921623927487739032569564823831619001443545112968392313,-0.061162848317933592631276185345816448842165762174194941704676112847,-0.064007125760979858041146260966049061098068036824744126784743482186,-0.078005362274440804393679961746123697773265771111326666974711638125,0.010170673650230845680710292308780470577064005902806182404441950239,-0.43818205133249839025186664776226059895200313551815524932985876681,9.2916328332601074154373259954877365972205641082010983986176680996
141,-0.92488487347738548567508265617452037479253037674171957722325774186,0.8856989195676576311635820655484729369619311336898101200702161187,0.022036832130220834893945481690768495745558389887742227160726357622,1.3371229402412399565541506527903488764854171271167987951014818108,0.82005825245107660497416713928275622614554823451638303880355395165,-0.017149121779507019617555108935278942085040853164167229992315265539,-0.061150422231243409454909285885569673715069181782484130412528662998,-0.06399418994251258239639172788970983881789935979185922651178110074,-0.077989929688318905647457760228184638574888856277298523105113122048,-0.010169845996618645041676808732970080754040855348350007804241979437,0.43814543023243140239663031703675224409184302601454761648484821883,8.9254218325902288630740187404041879956194690721247699485121883149
142,0.92481788999661280021491595841149542276661028525967866750290136909,-0.88563461355912239019437297560944473862428014828845974296480169082,-0.022035211116277559440348419775814092833363833659443927615358848247,-1.3370259529992900105816567449272854035909033740885771129085729512,-0.81999883921583878753629573368482486192884776067822777304330218362,0.017148065321212850580194563026236591308966303311774996922740830023,-0.061138489363207135278234087042934582492185125270545395075724254872,-0.063981767547253704026649009476786505747556797594325814069533798251,-0.077975109478723420699850124449373356700661603913469841938489595536,0.010169051053648967773378175891397544411821740863992207065119461304,-0.43811025670405660867607686431308366642501753358070582585457523431,8.5736865488422916575394915037184113273645447337068636457823430884
143,-0.92475355144672312341968297423140718749861701344823869245406218383,0.88557284679760360365649173401493429232557118417838595909779922399,0.022033654117079702127586241454334268180884900052490467159663600595,1.3369327954624253143025401004034707519844372408762600717449985156,0.81994177199633265851278899980851171435733374098014263032414139249,-0.017147050532039817635604998762138626992160929217362266196599359242,-0.061127029948701658377185479888131937354908176485449146288043244125,-0.063969838002561728523775885667599306017266727859992059513390214071,-0.077960877119113650306865774628734591251301861800783376523585770874,-0.010168287521344607785553163031787192499790179428186325297656020396,0.43807647320082444254192387858703584335709734631786912225355180699,8.2358515165206303160096342432401806481626721053398276355480698732
144,0.92469175289946052124749296646798916863352844462576878897606446829,-0.88551351854441211676573499375105934697680685130196128961380671981,-0.022032158592536021929016949808277710354977365623301047601382412892,-1.3368433156978743664249730020809150761160823908031951603011477475,-0.81988695772223946156868449605500197924460900307192685433934546606,0.017146075762512382552741022908652111301744227700506451760875335584,-0.06111602502923210454257855396982595294895468245505507405776322561,-0.063958381575212401578278829078108324533889429755589800442213312249,-0.077947209082836189020502213412712772759868312785619800095979081957,0.010167554151946566102964676689538964831009747344000846668779592503,-0.43804402448910060368901609897325682658918107475229558536340001733,7.911364399282241786931838105450012968999956449604458734030173302
145,-0.92463239362699675609353881831180379108613670515158098015531232171,0.88545653209380908120215325037391253963934780626490403008461395517,0.022030722104280116594152909202598493213292387610619150865673726217,1.3367573678551674009518462049285151885757699650353849447294332529,0.81983430704901382681931060770381826090991701403215917247473587851,-0.017145139428907558297232658735292758233496511276057799205024640318,-0.061105456418888397687303654619299882901580643756078542908734468589,-0.063947379335984176270548246956668346383269767891303202340227251687,-0.077934082801006201976393823972819596031163866935180933832459915805,-0.010166849747773719779296364686601318123922499763886455289509775558,0.43801285755326001226632400207996288841720792769091210234926205336,7.5996950408763275600108691725106312492684858357696285926505335939
146,0.92457537693087402219509324886530025918207118807835430605899083107,-0.88540179460875074580572183613477580594573587535676866206040004171,-0.0220293423115245974968112942787620795608876217038353780035262641,-1.3366748119184254581548628134280448957563276585440281260881323252,-0.81978373420615344428798664446675162774928624139153427581249324536,0.017144240010598678892560118451762373675447691017750265995064525254,-0.061095306671824726896525928448150720804116559194820990068462946584,-0.063936813125826960810705872577557564049536461964103419052184784643,-0.0779214766222667299445008795783348870802215335074694934309992067,0.010166173159173505131300077342719745137546195893150379963189265388,-0.43798292150482435912117204388606687749544302684392549132225047819,7.3003345565197961084912872335505220316194773659035183225347818815
147,-0.92452060997813661114842811479756760113568678959954898877038038221,0.88534921696353770627942351931754513686295335290435185660270638355,0.022028016967089746045005393390852246149260479992921939239486437068,1.3365955134690611388311348800209028143561665077076653813681533561,0.819735156851845638931638801325355839958055427615880186727736536,-0.017143376047509158823999202089170218123472956702275192928187561588,-0.061085559051187315451057599671344360191257668141624360974588698806,-0.06392666552353665467048728148640839374061723792735510098166402666,-0.077909369774334468258422755366623638479812892550655698319590187764,-0.0101655232825594956019787598484382612332424186234415932004704104,0.43795416749545964113581725326414267435368140514546801070355044288,7.0127944628726162549433810143084906140032603813287121355344288186
148,0.92446800364433249314889124376672990012221839065361443332758127735,-0.88529871359306211839419577551931370875426694270269037084780625303,-0.022026743913598890063399074133713501622270360426453761807111286245,-1.3365193434584289199369418603358219080042409578162707066080412486,-0.81968849593370785093608662762662901593856784049694388659399652693,0.017142546137671484691296394113702689745681087524470300672663738078,-0.061076197499420013323340798416919524794113030108107127013527820936,-0.063916919814862261858391365584788512582547082178027521429623604994,-0.077897742327245497519485149890636158577387498722011883081584927502,0.01016489905853195953996187859830317516667102559667822137588897053,-0.43792654863365924743206082668245317797964740867919409948078909739,6.7366058448686792173791151974135268736632957185895999079209739134
149,-0.92441747236308120826197844806296987516711586901449750173695579699,0.88525020234836119082456439764819196304738913210506138764048566137,0.022025521079833114854249682109038860611035639303415832733799208884,1.3364461779899852375284287806251574703254292469606022221420639554,0.81964367555535269518657071608057373602592413656636592727109581028,-0.017141748934886902583164368305739051508691097606020281362670926734,-0.06106720660988109984259363600291321675137347340681654201355113884,-0.063907559962976380659379200013249969196038484367303571055775689889,-0.077886575158219160261886272105755079160233893079531819149782754356,-0.010164299470077676643755785052262468754858170322477939184641871233,0.4379000199049468206357072716416169058775413203822030995845632597,6.4713185577444112538435647890508058526024127486796009456625970446
150,0.92436893398191903724001036152182245023647574119601837349029443179,-0.88520360435819928365776923871130212133052511138656166615487999769,-0.022024346477238279481504646252110278831636083057550135968000759078,-1.3363758981105396625370220963461582070329449404557957849160268341,-0.81960062284852120448381077413952704246011274601590573050931662709,0.017140983146481474100736476558410050074314546751906571367413675016,-0.061058571599708306271791491730304942226846678826628308170439434272,-0.063898570580243628768859237077944883551048464347364190912908624114,-0.077875849918062700493229381830590162186198270954603932252882783755,0.010163723540845474499941738178217319857806802934729847546961176505,-0.43787453809544129077984388935043731657566076320821753284603028396,6.2165004626891126952097418772549128337968410088239335603328395875
151,-0.92432230962414621418829664632693106551200746713172622209396854201,0.88515884389641419597309943194685511340724937946482175249212439789,0.02202321819657764546592797883092351402796736576523187621276574665,1.3363083896101984803342837656948588891492694301480689254327257956,0.81955926785054009752335528399701315175251267548604908449701681803,-0.017140247531154372749269235549152438076790721901672593389078397469,-0.061050278283872466087152057102158389359860056417687644738640134373,-0.063889936901225089155238763287329306022066509200465804787257981555,-0.07786554899904343286017574735529253855567507617896559374685525137,-0.010163170333494119226720398806224379077712684502051259469751692093,0.43785006171863419866661271235718852544968469417509492837586257841,5.9717366946181915628979719447670015740361506775978888586557840721
152,0.92427752355641400132492188376374708381704721634029414381488022627,-0.88511584825477577646740074561749285136668759846524420046552616707,-0.02202213440472374370056764622456734354719862725692502970989059495,-1.3362435428306209052795778643870827215016118930069287575180209827,-0.81951954338687049709821980406819793796311635503979936813994317802,0.017139540896914481156953491921686888903160990618124913639463464255,-0.061042313050363389610608810033229013459154578732827382518916004443,-0.063881644756860171554685676772867975004910278849902291142860914381,-0.07785565550415910419168646576502410072745719584558440382311828239,0.010162638948109357353016647150331473409315652909113255103350432298,-0.43782655094523671928231683134906353513122156894529004448161120961,5.7366289606433977199391618635170983894048983795490499161420960636
153,-0.92423450306180181349685291917509556882967611182574630482395403528,0.88507454762111687757098579341159611002463421213447471182090107766,0.02202109334158340708879149716803950908220500861152193689840169877,1.3361812524812260807750165044151241398983697637415868957836772459,0.81948138495852649575719789835878161186698077800411770829590334751,-0.017138862099101528837075628595459949722836891079749656104651258852,-0.061034662836454553898300621868659547364647345826631222260158706479,-0.063873680549770392333405410686875617441725168417006922995463421055,-0.077846153217740769928657023186667927235956549121987295029519514596,-0.010162128520687060308474120067714059989446792226601380219351120643,0.43780396753596069082128893736196428253908857437845253710618357474,5.5107948678831131096602219925245724680749527111739761618657473764
154,0.92419317831814629833979505046465462604222925335720297092771008479,-0.88503487496250793563032821263233883652405246691100013201665811282,-0.022020093317150182190332000690647848523731102802965720222984434881,-1.3361214174630059937050597375193422252833015421881187573690209378,-0.81944473063415236192705211013540858883450291039080561306338577608,0.017138210038488180519134837141667940994445683643237118688067537092,-0.061027315105996011888800146281185008284420259811950732402057305417,-0.063866031230632495479929508487703080417939872437895934710611912989,-0.077837026577325947694802910025824409966465473919754413694816779317,0.010161638221679568819614382276736485290363996736648379875369990804,-0.43778227477710447579816673976176434228275265695487662483771339636,5.2938672793209628784382459905251699047157784754148534771639635963
155,-0.92415348228139538555085718637390063782568656201210599035388622498,0.88499676591325713463028740024039997933642105940920380116618426449,0.02201913270867860398422028050740297773190525973473606541317238621,1.3360639406996155254136058531736488093833117105478887636365411839,0.81940952094655703349464013928263087791215951602307143161240428323,-0.017137583659459646936349505626097680757360242868166123774529574282,-0.061020257827687569187803195763210583821692152923055947773521691369,-0.063858684275571082578997098812249622526101856305734396158147875457,-0.07782826064674304499783732749993863694687907137633123923889871657,-0.010161167254602472612629938158754487377676018900468581487485091055,0.43776143741882065066573030100012282001447473032177723892113972418,5.0854936964827115540738583741099472219365121444209943114272417635
156,0.92411535057377085165998743743741181453707443076415452656833015364,-0.88496015866752823321227762193853669070159718597047726712262113,-0.022018209957975074607322818904598412064764542057635999376055629803,-1.3360087289754261217386099312049433919377521303237365307187583919,-0.81937569879351388997052158769683748043425686228716352965988628673,0.017136981948267543840386996594276711770712702736041260069653393834,-0.061013479454286763989951223219821499321777747227750921007501747723,-0.063851627664523501657727112757456776584165497626710379870271816481,-0.07781984109035110163541217656606601193311567909154495765888522685,0.010160714854699191588940502224668816362012698891532661595139281174,-0.43774142161594836075962854380090463293906841761373439869326195714,4.8853356677598124930562863819280764678733850639925920326495713656
157,-0.92407872137653293853284429529284752125190734538731856075769239848,0.88492499387637773674328961038928527856866936431064303284118182427,0.02201732356880033043052466843451106080566956355365414710000070162,1.3359556927802440407944494238184535087917882552274752396700276727,0.81934320934264265842873684385651941781432848598033152886936258455,-0.017136403931354871359030016469051181877568417523021380816509872592,-0.061006968902708526124624933083361821525864032503146264156674808235,-0.063844849860532174774603089817523365135752602805482482623485505717,-0.077811754148381752638142746429684833637911491957683188596862708284,-0.010160280287660848508453335248812654671568720257959430575509909196,0.43772219487129870824061412750760417591970323302209818696154360367,4.6930682212632873029121234489235062742215391476304747154660367153
158,0.92404353532715004599870097639360731753781780210564507947685003549,-0.88489121454902220810334791866521073554205612187405735580790159916,-0.022016472104378712863808899222101873925736303178810371331473608419,-1.3359047461604078746707939572509634573480968713374747098805898127,-0.81931199994019872028686124253189568565270764495006736250597832711,0.017135848673749125031544158506294708070025377052777352337474827914,-0.061000715534975594876027169614992278395952931207413196646342921233,-0.06383833978992183230915508242777470768479614616725045400018427114,-0.077803986613333016376651780930689549020764488368307750183762852602,0.010159862848399040600035933760577593342199228264195729564620487641,-0.4377037259812867806143243340778230913670458827663654662318320583,4.5083793211440110400141891511126607476480365903032674183505830384
159,-0.92400973542068552080658671550866207915187242014733133870132649409,0.88485876595815516091130770162761133036041330626912209463202728897,0.022015654185009677558204822995084936911509355061216732431373289776,1.3358558065759930825354986478843999014805948388121793977670038911,0.81928202002360307168544905860011934839817013229774125341121709283,-0.017135315277520682337074190885965811879949758816992511637925915339,-0.060994709139980851152548288452562600363183133862358190122971701232,-0.06383208682332127751526139949059993657991281873397459034986054786,-0.077796525807367055776145629880824564161139319316583730720952969757,-0.01015946185986922880380984574821980670360525279572158416773304891,0.43768598498380889373214264034907442250877478057733888451774706978,4.3309693463651422181972518636259721649370147000374502775006978271
160,0.92397726691522211300326645563079290649859945681598312596750618322,-0.88482759554914119349469406823586653005801126608189088524673336355,-0.022014868485777184871399655152161700098036945915224489404362731072,-1.3358087947638636575606274684751821332582925215322702035283050896,-0.81925322103755377408770943150879678331663043880373444181416139858,0.0171348028803037346371727322427646763425512448188677513164100886,-0.060988939916024676178213784065837799380063573322043892812519398511,-0.06382608075749133673843527101755919054876003462445105163636811195,-0.077789359560666458597536250297883534109088482781045306489247955771,0.010159076671942568894527189775876439673785804644283935714643000233,-0.43766894310826833210126499417654814372449727608743281989509476421,4.1605505909595259094207901383631843221619698009768040509776420547
161,-0.9239460772411527924638482778585578850558324238803172849347986122,0.88479765285292282572199450574850429027986202835764766899087408114,0.022014113734352812215642860597429187610588923547987783692253248137,1.3357636346063228158460972143790686390024837785238124196121467632,0.81922555635356693652249375117433248365570502355493927694467902425,-0.01713431065387715452621091151262440716538147197468183225167128292,-0.060983398454092293944069190248260692776655167649645157100300370743,-0.063820311797922566842595081971589298735973571313854801221218627015,-0.077782476190705844892063909578973660036632192760626048205022326971,-0.010158706660324108874662426489916243751420124302221565057415641858,0.43765257272765733596439929713325502987208817839963536175687329596,3.9968467848495645407638197054320457980709929230022226687629595688
162,0.92391611591417433671536730626170597230445378312291861224362822119,-0.88476888940248291696955129253352240520879205129234120331826333365,-0.022013388708888616801789815092613909520427241855364360987267281104,-1.3357202530051257769263400381180684366008053219261183289464438037,-0.81919898119280211795446078764443429650631475287860808157980723181,0.01713383780280280294402619863556965757523448997521304793809760643,-0.060978075721837795415410907936263857775221016539686934033099510329,-0.063814770542168099331626334807637340169246054654060909462817884122,-0.077775864482397744766046698165335594997638514923489823830789193673,0.010158351225515372073005543384474325199851125778567963895695908295,-0.43763684731260732305540366245249229741889682309470761379522826536,3.8395926343494354508074728978047212661574398737247430523126535785
163,-0.9238873344518274388768412798179974085223329710709993139037454325,0.88474125865271259363657597271460476809196788543477175866970200142,0.022012692235995955884643796964824395104794819512632907574163667772,1.3356785797606283351326747141411912748007369612139549618344928838,0.81917345255203354754990901857046348203132339181764612397048665596,-0.017133383563118889355621510138568245325570266123594647659879763308,-0.060972963048243185644414209925859157187261157194085586369588610142,-0.063809447963878707330965466062262673235187100844513662269115344239,-0.077769513669073705623010989758503606076087014483254209760995707462,-0.010158009791819435632055149902009698262730794307497608293793978846,0.43762174138732335637500253878214836857018261612121792774780161226,3.6885333815097686467962361943654327790153701388278825780461226391
164,0.9238596862934340625800629994271133684598693889926226617594662688,-0.8847147159035413190331714152004955931180647914304453543163914975,-0.022012023188806641419879565007591969726998558738541565655177603427,-1.3356385474558550296132631324102562924845002065574859023685358302,-0.81914892913263475082289237132449785116545906028812650715168026811,0.017132947201086102127012019219025805614806038823635741787897167874,-0.060968052108922346707724636016376100645072516664917088057781865678,-0.063804335397508793461127571795313180580035950511620957008866570722,-0.077763413414263492620768544456596900221678311943102941671954647893,0.010157681806386699788954387409434224228282869353156811671256849167,-0.43760723048732269007891387951673638052194079203458789339423929817,3.5434243815031056859096435402455522965971292725275390424229816583
165,-0.9238331267232894088996847066658011519966631877984555880054972938,0.88468921822619211616108658390498701996460043467085552650076870628,0.022011380485112967546948474279912740525595657614815241975098685816,1.3356000913452803368374547000979312257001341997626756995159680103,0.81912537127245005833181297460911248560425679339368022403527736857,-0.017132528011984325191649648480901391506467095512784819529629901707,-0.060963334912041275551788096084438775325821853632176203131353289591,-0.063799424523663519675585954494287961696979318546937193218018470108,-0.07775755379423704619460812891700855196473786987297434292696118224,-0.010157366738299624806028674340977805926000985577641597117047183539,0.4375932911189008551498830653863871693381025917452429620230508868,3.4040306972847563956015022367534404582151263790782253305388680297
166,0.92380761279697217714826289713715939207440408044166079475094003985,-0.88466472439243102271804977002160375082732881475936577050383354025,-0.022010763085583302970390468763689518769709395036884219857898596471,-1.3355631492481254598069859842083386874796761574617540579503542619,-0.81910274088043207720118955385116319891771070384164349780452171919,0.017132125318957851459822658351866122477365870645410804389207903129,-0.060958803784827341752613589609850839689020117909260177182509805821,-0.063794707355058739912929799045213746698871132774664750919672306848,-0.077751925281275562664721916563660513007666520087988245445681876081,0.010157064077694789827740217999419940580166814568242111041150714023,-0.43757990072025219571537958204442778831443893057153394574204110194,3.2701267107981620505666688171596302215785146419880625204410193919
167,-0.92378310327064281427923805066848314708756426614582965128842399122,0.88464119480668563431758813210066476969089207637749153934180693357,0.022010169992050086550664128638424521596949618659183726194573184619,1.3355276614459819981818750931156940824361994001208145018887323369,0.81908100137392953970287412825864575878590239276478989770842893322,-0.017131738471907093410985789929393855799722571109154385752043873031,-0.060954451360641620871250319018746170604034078361258095833806051801,-0.063790176223066758100076697722235183779512441217957256922880779634,-0.077746518727639674220905443055129223077518248233882788824299626671,-0.010156773334920701555430653192685295211199915849234343544700825589,0.43756703762417504576657834570602680963602195783478892377047770594,3.1414957500266625625543054331498434374087872745378428048070594406
168,0.92375955853320517292207455615567962525856773965168891587568679163,-0.88461859144091309213719029914961495681550953862813498381098261964,-0.022009600245867203635481243908458532343589978515663015157522841559,-1.3354935705845820767804869552732255032729984191961479341700645947,-0.81906011761851502193794538339143419259688936550903387957162084554,0.017131366846424877149403013097606136099468222507890916907181330423,-0.060950270566589599153027665732546435569418099313017793673943023163,-0.063785823764822222450971067040966690248063080215971354919778978643,-0.077741325350204228594569887003601416299428806389523272587647082041,0.010156494039729850649807788959314190412115045682029656574161045325,-0.43755468102229485408537135777773320223878378419824007017373660897,3.0179297312247457504844261502137694650270509090493068373960896513
169,-0.92373694054121245109160040179834443943960283371790710556797575678,0.88459687777210310974454109573531515726074061411370014445315014312,0.022009052926333853239799617010956473021571250054503448092546140611,1.3354608215795424086704414881290091404697564059454019731908649512,0.81904005587024686292765634361347990342218449509756543787310746011,-0.01713100984277548810725968905207280915729096954970351302227947304,-0.060946254611646719097305420319648060232273125941915283987998678558,-0.063781642910863686611920957639964464541670823966928483808967830982,-0.077736336715730611732862855232914051682298479703438106396476361991,-0.010156225740503580390831735523819611189759922872441644988189882045,0.43754281093074153125434595032003616500198388785076858559200486165,2.899228815691517440230351573243397097028087434334461020078616527
170,0.92371521275640348178655926462519942979690314075116552489871003082,-0.88457601872230662457111003225065637445160770467526308766202144671,-0.02200852714918214247042528211414537971952998222274397659600643099,-1.3354293615259172942291770235061833994902942839394738618133732466,-0.81902078372026422294202650588094611551134879605283301006291202586,0.017130666884914714745023950260397675625765453853158460640682153117,-0.060942396975276346937605357866627220889895558888734559250027912132,-0.063777626873287523180914571477548307698254455947413760490903779131,-0.0777315447267489236688769982726335304027704766169403369585392377,0.010155968003508395530331059566079833244620973811203369825336379208,-0.4375314081572201150174549493863496910180256324630106021360019989,2.785201080477355071320342236378657257445533556754626460049988975
171,-0.92369434008576039157725249209529128973794570983138171746474054111,0.88455598060108541544194566743633323257814596455465373098089978027,0.022008022065125764921716333450362883413916543065035751993841766664,1.3353991396114027287697137467587974357401605479378267137163491675,0.81900227004161861169603813714222337711800350224375381064324273163,-0.01713033741954921121359049120859517374588320221169223448999899417,-0.060938691396518796067264409334784370424984883769335376915614485969,-0.063773769134391969359722512894747134048723667008853855064683296625,-0.077726941608023613090227119787331101816812017624719625791298157557,-0.010155720412182399637814019968252799841873920243978278555004441403,0.4375204542694165367701476340217740508757289602864217022978374857,2.6756622024415725982471885906222558344788117908656280784048570042
172,0.9236742888239833666313767511954745423617298418602140133379694863,-0.88453673105028256099350109626707173494084706529355711218966250236,-0.022007536858467234454478903229447680209070210973649831835027354972,-1.335370107033040627081950020250085166017176880736839202941133568,-0.8189844849382494034403590786344733913913704537872866839288131299,0.017130020915233571183396751698955127211812565593007069313279628965,-0.060935131863531038416770547561609635957746407635916516176499801082,-0.063770063435790121606926774479081337391625692255715905351617904454,-0.07772251989357740409325230365840713981214070468755744541459829755,0.01015548256645060672742052162260257443615020652376745392138247767,-0.43750993156468282990230256922267657197395480845311205068462522462,2.5704351551045039197965405996474668167372934577691119462822461834
173,-0.9236550265982827644423622461314654975917501493858076483608658547,0.88451823899101793625854003636445211737114004137065247596759539128,0.022007070745761255104636944244081336106588978382194968917123707858,1.3353422169172786909274026873081441981137206268724588156894664647,0.81896739969601484761423599358796733591603103766726049992258339453,-0.017129716861503573079185265522932044114021129632960203476146755557,-0.060931712603557681994191360727463212346370187583412598876588136893,-0.063766503767971679526250406828679312884187762964396832491714792274,-0.077718272414249513235006908672029804417233666555464616536345485176,-0.010155254082067927716802483998797895825809088611413486004289266123,0.43749982304094855696511774770668309519600738505783266997349578772,2.4693499177617745479483254397126990372630595049753048349878772035
174,0.92363652231539310110595045444953179479975322801515750270468573644,-0.88450047457281706703464209031893306556834180521453940857060555893,-0.02200662297453191212822303577418640036103193625659256643334438237,-1.335315424243247661523505799656605762787702451093821876706276236,-0.81895098673569389063852506638746028463272352069129596200746301962,0.017129424768044121943085328356412328870379486544025527700735795138,-0.060928428073314690280384005056200918594949414301648468817530339435,-0.063763084360294172001220239304546959646965537179578220601089513883,-0.077714192285765259960006116405382912235089802489697862817723889175,0.010155034589988684450737176275280960870529796786742450376373250844,-0.43749011236880755363868628295022876267957085677085964831766578326,2.3722431963517412836336778751693738728977766352450882766878326227
175,-0.92361874611071753798328514109442909824318003423797933378779194378,0.88448340912478559411591595151968916245707729549083529751522050779,0.022006192822041468635141183267745126480358658710208839194959709076,1.3352896857691236287899879304330311483384879832547205448116366251,0.81893521956787775605104416168240239335192119584022068695247514047,-0.017129144163890475232228006306994809305744080036935197077611726907,-0.060925272949768170765168915232440677426923872483825323390109274637,-0.063759799671385283718926845977512403430011897002915784358952324261,-0.077710272897295222239387615176314547825635830172891429517383126624,-0.010154823735761553758701241814541258694963980981512442717991332512,0.43748078386473129930773864646642312187522088533658865494453726195,2.2789581555891979741573130371129658293980622925351545454026194582
176,0.92360166929951539802453894264848633707485806898103521039903243805,-0.88446701510874535170205737890333199717367014231939964574958908965,-0.022005779594108647141394149944302051108159822153564770914477925689,-1.3352649599614487271436297752554241401570192657331348654918663458,-0.81892007274967369542512837156334689144444235403355603526785863687,0.017128874596661399181087413800852288793028104508070793734965422717,-0.060922242121291368271705394892250196885529092791736684113790692945,-0.063756644379938740463517521153828928844783028385561449821089092054,-0.077706507900483085046574451708213906039780244145639993237852210714,0.010154621178948891433686734454179513181616402901799909923678289937,-0.43747182246536233241531326756139361751374706156554211485690428577,2.1893441618995290499035239868179222146598245820697536690728577136
177,-0.92358526433004897036501941401021628673397888644826454303254643987,0.88445126607425164539923590439293427389921071786156257147873838833,0.022005382623974365909360955978029427044047452810506531754257468428,1.3352412069272889476270651334090277037441764346804415771178828741,0.81890552184314662975747235577988418093745900484418873982520122322,-0.017128615631822959056422553639252585790720715776195439799550583117,-0.060919330679183766323042344592394735127080201171169528868228451465,-0.063753613375887009475641306668558440423982889402421432170775078411,-0.07770289119892227512573630822663833244500678109628879438283095923,-0.010154426592569431238973465512905796959955161498274043018980075527,0.43746321370284313902730639394022623204917161073313920733088673516,2.1032565367075951698347877751440675689053162580406784088973515625
178,0.9235695047386094209683850757290534701554943140142913850201228834,-0.88443613661541473377182027735877026935180516376455249935722064743,-0.022005001271212986366390992760606832469473560499778071966574122559,-1.3352183883491129510728173188429935881948155405218091558839950278,-0.81889154337542755817915071245162875260276113440036639928952714281,0.017128366851981700830173805609676368334215589749960813696328113413,-0.060916533909536928975655895960757467589757884824924686717799623845,-0.063750701751934829172416182390405322896092562748612384646771934536,-0.077699416938062374212744410482758668009648428023496545792170806904,0.010154239662563397183151502360356678504283646677496925673453164459,-0.43745494368113786025970217264037804594550028212327909987357714438,2.0205563196548074937925747766622065321920301594396038358014437828
179,-0.92355436510634502549946586982281528694847387819494669676080203461,0.88442160232945178148790707437532934910264442046459340797125417913,0.022004634920687210399252295621738621943552723195760057505885218551,1.3351964674222806890380138614758676816051049979641867275987125872,0.8188781148004206254046429145739042735605188585933994004827191104,-0.017128127856206033612306499825747315902276734534593231283662636937,-0.060913847285432408449012662705345515046430001698529046976757652948,-0.063747904795438302854110227234854378252420837698221644653041385542,-0.077696079495527157087561136679890885165431472784759678495661866419,-0.010154060087279108457656806116839410514532229925679144266688993904,0.437446999053305993155634344759649712055395544238041218129275154,1.9411100413361364531142959693788676311446513070607863927815400101
180,0.92353982101781818621224189111406520023632208459994747302172968244,-0.88440763977689866936773673303298132094636209514690061382116152203,-0.022004282981544845110086212832984329373396176476450266897682365071,-1.3351754087950353399188145721735217563778250492086492168831851807,-0.81886521446204361834089828146504968820065259950881841154138533067,0.017127898259374671734418945248099549916563812976596592302885795339,-0.060911266459457702548613147207319981024230535922893677452356638512,-0.063745217980614975795601908969585816796362149288704751685830515737,-0.077692873471826913048875597111440234508672821665861268944745761607,0.010153887576980195705585239959935350340166243606228353115140994537,-0.43743936699968900473742259692741031248062160475553829136188374466,1.864789505166252270996817646984871883405256482031518718867446647
181,-0.92352584902122079494597962755660687977283273718512487399922637188,0.88439422644341402431105054465868667235702279893049582946296747658,0.022003944886255727871912384223289075714422416425460242156433784832,1.3351551785108965578480841663253455743862279593103281453843637701,0.81885282155893941239396657019260870753401291598467572504951885078,-0.017127677691551042763016698674631131701387521829168802379825110474,-0.060908787256526872214719340431091275274019162949722858705290429381,-0.063742636961070966306446351531126803596063705448140617670708880538,-0.077689793681448481927039347258434593670922358945652400922484590022,-0.010153721853372584780023621092602433834997490145495541778738911135,0.4374320352069724445286337747876106803101648468290613716316436729,1.7914715780006501831085962489885501788376772172623214164667290057
182,0.92351242659018046643023092674389571738461332139310891063745846632,-0.88438134070311067696837381445039175248163638849064515862061144549,-0.022003620089687176411688492942505146547918184330115739808136317797,-1.3351357439533573219776450313510870378999839570221417440352725197,-0.81884091611059851552977401310569803839639142259057839338977546293,0.017127465797382613050168619350998818355058748572348012208710703036,-0.060906405666993025312614499222167809701534602643514581244321052759,-0.063740157562631840792710727929305084653058918239484623958284666622,-0.077686835144307170765640242795009980596417964837766555287700214755,0.010153562649150439943679893382033271697154899417015107917588418134,-0.43742499184808773083200478860239315416413603250282880045597920499,1.7210379891535132168187343968132887185495339549366096598220499376
183,-0.92349953208709299671553838588652027656174146345008504773322434588,0.88436896178335247358029871611105336192693915029949072124110116666,0.022003308068216397340240471914195864322457232722204754617000265534,1.3351170737927907732679476730972155680465812656634308677992132068,0.81882947892483536901952944762925998797343215060870219219913992045,-0.017127262235524125794999197861271050312345080428389571875122913677,-0.060904117840040439684134836679555482352162527575931433829668006245,-0.063737775776464512301063393708585967628449261576581253329480350195,-0.077683993077545416846078041291553209756797472141106496157258273177,-0.010153409707560292643307407819619373652097382995426570896072646069,0.43741822556291930422476234307906022431103561706329282067048468779,1.6533751374692471443942791634839901875453795595768118048768779496
184,0.92348714472791910701558551139828531520223590371745555030189356664,-0.88435706973095696673632009522229245950655466594550485192817544691,-0.02200300831887835219590027918133157129547327242374137280703638539,-1.3350991379354773441461627113307693314599359815923619406756040375,-0.81881849156656346365745835515616352016708774305094291704020525426,0.017127066678083788083365136994661284400207965348209325566681734337,-0.06090192007734463807223667472232335725911720293447008151240725896,-0.063735487752478003098057069054701775665226461207568704793029155368,-0.077681262887663728718351343555368489471830304986561095749031552418,0.010153262781982614641717192701178821328048826195767789213128656749,-0.43741172543978429164687633020515503293712400724277390278665710361,1.5883739061191213655341504244320764484292813543876329666010361125
185,-0.92347524454838611957088311776251282875604759579651642548645520497,0.88434564537974699367031556065148212153933944483263286604025855705,0.022002720358547642818904866984061397347373127336231335013706408603,1.3350819074746662320463046860407078372436766790627754112766329552,0.81880793632781662440443644839119758645799049945691766498061909654,-0.017126878810091483081662690126969309869335023627652224432490239319,-0.060899808826989241282085578494629151967932762360717325922041888601,-0.063733289792991446062431240030923170879983026274370846220825113093,-0.077678640162970071133028455192740795692031968916314428626354391605,-0.010153121635530125482084405555462813247138737796303210780563157095,0.43740548099765320946612686232763710781304259276113873780981392267,1.5259294848082995580394716492528252076151365380359831981692267408
186,0.92346381237153768500569517103046185823511233102096879415615791815,-0.88433467031939652557439665166046254726255128271652618284489084387,-0.022002443723153037865141995549696123448313212059340148157477914713,-1.3350653546435888491446732394008454146559508421973405058442308456,-0.81879779619896600992626099951706496123511025961600540655515966329,0.017126698328988121566156523820303187524247836245102463153789159573,-0.060897780677628915235439056484116385370638504395455679257207780611,-0.063731178346658208479863426715303769264049155633668670231858674694,-0.07767612066633446393316108460884621744057593588777044414380268841,0.010152986040662154064692822261706713768375243874155659724156757265,-0.4373994821690815571775923541727747840555044645026721011116679477,1.4659411990917766726943901006295876322338539533696162167094770475
187,-0.92345282977657704542899790861298532453072754070678461853620137826,0.88432412686551844244759651611297518831802801589078320668828987793,0.022002177966923319631907801008227485613910248413841725561981580536,1.3350494527703453053461415699153541077764366620372546531753997768,0.81878805484108447113281482470670231451799451310196435273189913086,-0.017126524944135283349493591491782650598789276402159686285929919791,-0.060895832352888193708217796615928561971413417917235187993447051669,-0.063729150002635506575545729496298046008143061148358933800405198556,-0.077673700328236140648220987006332940875668780240364289850353227859,-0.01015285577881440260227531281821296072021670617376935015826049605,0.43739371928382341793182584746467416039953738730101780758335035996,1.4083123465103842150293230196233510725630819368266809335335996023
188,0.92344227906895157932350355697522244776706367012681775719487389878,-0.88431399803094406009902212102884945085219125720197327401027670844,-0.022001922661663185229254202902650440319503122564048314768159886638,-1.3350341762345882571461467980651354545759715309833579952236337145,-0.81877869655941191910572409992866993438178638318717823329534063528,0.017126358376344333995227233043722556595369290360796168416437303703,-0.060893960705986402734473232012604605345828227651144413238461565447,-0.063727201484989341067071897497463220945046888801534228912715099459,-0.077671375240091161227759043086256758773332746662217876754311043677,0.010152730640043488450126121836262762178821005620256042743553273509,-0.43738818305309939072033883831867022328401801807778049692769913559,1.3529500392701121001592315595839799173693897044535743770213558666
189,-0.92343214325162853790410700080104155683619456695353414598031755516,0.88430426749814631373851331254317226698622494200536733047632050674,0.022001677396057988606006997217824613772204817290931686697584853715,1.3350195004259315883875633143347807385182198168366685601176868575,0.8187697062778772720121194358403806467516208605502489050809420839,-0.017126198357424235559586691040044676077764807657235128806412194705,-0.060892162714579336061129567670122569545765749252058746027754681674,-0.063725329647325024359838594620531033124299765022670824799318860675,-0.077669141647848896464760445013188348626269526515607564965600444564,-0.01015261042268566534120695259195942787684428059089262637024299495,0.43738286455449233446100031710800111559973454671152969580492705471,1.2997650531995495067740194528929030745346760419455631493005470939
190,0.92342240599751395268746111932045043712401398232229911367037676779,-0.88429491959276049051197178872112673254809474110837151672524313258,-0.022001441775006160141238968310986104986984123821407096921397059661,-1.3350054017040143867850828642258588986166096703588175250997329866,-0.81876106951463438680290835539853319669527116306172130894104810057,0.01712604462974730203425036228833759958893511739252050002373657555,-0.060890435475808734726747124227337467806159304862862191830162665347,-0.063723531467633989860598651486109746648246966457232187421967347353,-0.077666995945846300509424770671969124749642045882088734708746088605,0.010152494933029150451371005521896399857269510157908972159624049105,-0.43737775521744550895800440691856101247817439665755567147622564281,1.2486716827312944768149175584918718589331755022053198622864280539
191,-0.92341305162296867484035314128882719031195751185829436364252120662,0.88428593925815830554655699701667460749188757034572174865710644303,0.022001215418978188545714153025485076801721212765047058424452718276,1.3349918573601535486938764911483456642470057198923454012661406872,0.8187527723585711385380068775625242849145110665912960908696018021,-0.01712589694583218074808199124666750601834872874752555656096204532,-0.060888776201551008830634716695450242719982428977927231062119371488,-0.063721804043347974307381038285563818068429151312700744498337202442,-0.077664934670909363708078917629506308250880460575960803678041790541,-0.01015238398499950752941006199066135649301035952034556135811478285,0.43737284680933875416472361802699109211270179434579483963229419058,1.1995876016637465440070286427926682042071523845970014229719058296
192,0.92340406506237740258612816251641430541912629121983826434723384805,-0.88427731203103293652205340273665976633287384446441989216082535728,-0.022000997963401095783960808362923834773075403703145764063049845204,-1.3349788455805210899231370798134050016558992882227661423029173587,-0.81874480144675249172320524488890690293155811575956049323452074111,0.017125755067943370280113951416830704313177043052272608123358645569,-0.06088718221385700681329068075706372764023207540186782907365712063,-0.063720144586592045999783435566044480124462444019766996020119089236,-0.077662954496691591991846745526506693178836383011091854102308699863,0.010152277399857559101886569561728632228746646689050175544054181643,-0.43736813142211935962982699964200361548029671345977108082973421857,1.1524337294698011950408447929179018801563435243594133973721856727
193,-0.9233954318437283674557937049338974221356726934967287888581033255,0.88426902401795437423635223837221911008504296721523049743559393379,0.022000789058067379721431981449342286987615219156472018138291801447,1.3349663454107848681035331001144966776590717043853588827954996958,0.81873714394276001755258554180122075016278190849325594915915435045,-0.017125618767706613498009485112336025063014507125026273284217590268,-0.060885650940574987987449216058350760177765947594752192730429077307,-0.063718550419628316299374458061132417539752628954900270576181843428,-0.077661052228239792290921948733956886948688025592382890757682739676,-0.010152175005909322551984165785932340229085635777124436242627398088,0.43736360145946524261504370273187271808268227421964055723013392696,1.1071341029286310472078756916089279040119511230541774013692695541
194,0.92338713806516308718606894333978655792944114036887312959416142096,-0.88426106187285611465246317420731806893127208694065747472467995998,-0.02200058836656744131308803348296492122629155130213025753853827587,-1.3349543367221539375889536291357288872828468814740289107524915325,-0.81872978751589185172002502524727877479634721693133508200378001615,0.017125487825739531220517735649503567771877502126085397330943185108,-0.060884179911149288491331704059423729285260641405665250566194883381,-0.063717018970482519638715845853758104722343793416440828738453824794,-0.077659224796777857005199702727803425014199310936565386599385161102,0.010152076638227485720732582134336549363187926502964503729471773706,-0.4373592496244589781822314044247075927466260652644136462701528192,1.0636157528659867190848926199576745434498615707850678015581919639
195,-0.92337917037245725611639658240351737213499881320006587853204541648,0.88425341277541581488973132372140329466192773226517208661433934564,0.022000395565744553465538952610887349665373249038263250502021570043,1.3349428001787721662151601386177183058967405143460734006293512689,0.8187227203211885626211640100774317895712684079479000590210268568,-0.017125362031296887761126306071226727807697831896630541415684500793,-0.060882766752587490084073288876332305523667760622580431130036589329,-0.063715547768745979362264027064128084192991995887339209800512797795,-0.077657469254699635404048741032772372352626230769415734323583229075,-0.010151982138383957631416425951261787115379119917667893985569537345,0.43735506890775210949767691903635843051959903224111514813321209359,1.0218085857972998735400387364660522731795313378000864321509358812
196,0.92337151593739543637066960479123572265923984899032655085810247568,-0.88424606441029406477170661795350410972929341336400832370505418344,-0.022000210345171467306167722284273560710842863924771966976332684295,-1.3349317172064060493039575592069851907034919058967856156459390791,-0.81871593098025181228497691560738032393631499967938742694014848613,0.017125241181929904292795264553458052219103571701546260176715607941,-0.060881409185589206024472938956063223572690007789081937064562126259,-0.063714134441545793809110602260454630419579725399524858388217199243,-0.07765578277076235688538601942719645729858604762511108906681346453,0.01015189135419304903502196691339024548047410740801199196214566211,-0.43735105257620001353303984270832571159937657004250556797746530729,0.98164527027634022716927545613886307095490935170428487468307294684
197,-0.92336416243700373811082020916786564157202878864038127548829171661,0.88423900494719688992636816125761389054147994508198574847006417378,0.022000032406647788556911147279242836898628663781045606054681679297,1.3349210699623748647033226922019252928781800075116535831868691924,0.81870940856282404507601802074020195257349484473177970643608453939,-0.017125125083159059627540900631008914131920179777349920963545863536,-0.060880105020829889382575929464998411004075208502899209452106190573,-0.06371277670967637987817207065948862216642174245304141942667583914,-0.077654162625472431173485704485123997379409519220054483359861746022,-0.010151804139464855755379296806615795542254305816823246225161944046,0.43734719416194840800153422479712950941378010270937318753127845924,0.94306112776028491211309634417684121499023602038048041281459240098
198,0.92335709803360613774521504841714397626137608008792396912125310523,-0.88423222302172900495924892138622366753000593902660230286773517457,-0.021999861463717292111259561023563693782683027130174436937578252742,-1.3349108413066734277762266650830138087693524655054770689595726008,-0.8187031425690987347795439023414962989854483478648636543304712376,0.017125013548159840674706566007356614948687113931147229315939677911,-0.060878852155393347203808032513839937709006511283964512307119249272,-0.063711472383885800591837682355109064273576717002278380890325448032,-0.077652606206655794604191417099514909243634768493129423004120067887,0.010151720353768435314413460604570480398298091617145417982040153586,-0.43734348745195336141294244509492809704444741234622940960025894409,0.90599402780981902619529932216271752166333238894270110261944087076
199,-0.923350311355671482043458120700134052477438282743989657191783634,0.88422570771700617865199822274741982737294396563827657971590375978,0.021999697241204376820588744571851955828535183013359523080109631511,1.334901014774239731263432910811560875697395515503591646771740761,0.81869712291273196167551467330237991907375498734573535879000154912,-0.017124906397460926570871153380862269275959134092353554395770242706,-0.060877648569346909614887316489924181598624799945633165609844463796,-0.063710219361310579556404987335009068794204060353737426798925996189,-0.077651111005205300418048354616518285537280367177679765366999458936,-0.010151639862204384075960253707060427971179181454720076731145356781,0.43733992647791741113663949046503158715440689240172004878161701408,0.87038428745031626316575302319761862125813294384909291620014082119
200,0.92334379147941956638901863860205303266803792244016878498437766007,-0.88421944854599636010889401419509732211822414687452059618021230186,-0.021999539474768894976771171488026462408344826375878320624006547097,-1.3348915745483216958150177477521106072480706949066658283603978583,-0.81869133990452728005307214152563316654371324379394771447909536796,0.017124803458654311303353452918929248141468949189769868180158811119,-0.060876492322453456832084356828304783236380642088294259316844204106,-0.063709015622052969332827418782106151458456369785787623216816791765,-0.077649674610997965196348941268987945274955020571354357035908173479,0.010151562535186438194506311384742845805589718664603596373162856878,-0.43733650550662510582410490552696284254011099239282184183499704382,0.83617457452726313781990364251017247829913285486702345000043821525
201,-0.92333752791115595949783553025928298201568689411268412361179459337,0.88421343543456044778520837666873857843891709193953967449749643862,0.021999387910478622095509204166304385876817802687049310550779156649,1.334882505434899116486371539715227876508351637652357081028004157,0.81868578423676697562602747122180742660431403094246428085007982999,-0.017124704566116889617117949424240017699951999486095138563518998108,-0.060875381551014749675377911005735157476511869965117341187982480007,-0.063707859225894893171331524336104739887272223065553331969404513551,-0.077648294708975183932205114890699621090754699787685640877600266887,-0.010151488248231737024895911182882333972284765884641747948579609722,0.43733321903066196988331127700707819136474992569682279519928853053,0.80330981489590372988361844366366072468846589487655709291530526612
202,0.92333151057030647732507991982627453328393472591080509126275446716,-0.88420765870516476476705695098438857168778809627126734095632100194,-0.021999242304398662419310210941590221335541889351196347999614688779,-1.3348737928381186722199418054267307276619845145510717125878908911,-0.81868044696816390368247208745352310517264190156194342648713763849,0.017124609560743050138712757900295740260604740288341402306818776442,-0.060874314464840741145712534519831312115665087402258671545293372693,-0.063706748309143020888391736023908034878926577954296506304566859252,-0.077646969075379313390969057418559225065173399018067726240351547337,0.010151416881759402370858494087236056369116324248066228913546814012,-0.43733006175950154026869609624679128072746205930263821933697467964,0.77173710329160758373181084079455435180980195303079846977679635837
203,-0.92332572977312338793529813550094637728569018417812813165351646676,0.88420210906123843580129335325589963009265697662649267420646827239,0.021999102422197114127907816670172302270688233022581320450385668799,1.3348654227367015727049885126712866676001579522042660798080336714,0.81867531950940914463289116661119076725948550588895126746184389777,-0.017124518289687838006096965574874444922344974529054136996662525577,-0.060873289344339768397088582469869030340288186229497324691571067491,-0.063705681081599670404470138665403690744136372085128733892424915511,-0.077645695574140298008776469039485943728025901287153726522382519343,-0.010151348320897101053020228324031375685646376557720649515742202359,0.43732702861094575093770962327645442512994889089085231264377079043,0.74140561773371427386708113742599837667811783517173153773790432535
204,0.92332017621703655907258244339701092721093345298950861933037432533,-0.88419677757214994655703415645072261011126806012881589313004296265,-0.021998968038766345621909409246141502765573754388309700025493958357,-1.3348573816612850532823706735261573223339479094294153527824831461,-0.81867039360929171590648074099141100481316168991089757617115072305,0.01712443060612026689363887770014681433409163847238302617483740432,-0.060872304537724736513658459501194144352448242869933048497592865844,-0.063704655823654447117772030103361252828570440388064243888639387865,-0.077644472153406275198664703552652512046794315867214453847258011149,0.010151282455295271788338744055771220705171361478403383059408620219,-0.43732411470290453915114449300839195010754772251279131742620363079,0.71226653732159640821577845680124815266643405456177936206630790218
205,-0.92331484096562384318019120653504723821338927387285318072604152594,0.88419165565877820549614413768645198630430645204280181515170180233,0.021998838937859260484607506391297608314751508816085906061677430217,1.3348496566726604968439359877583268012536253345711854524838838502,0.81866566134136753978572173977062572956414534019084551820631117041,-0.017124346368986377199439562457297643594331313013965459512662293398,-0.060871358458330608341920828623834715142496871404475681838391840881,-0.063703670883491744338498514418029623396715229427078431343198771955,-0.077643296842212348143410841643295138582682331199385234810256264457,-0.010151219178948710318786857374978153053660183203404823000758612203,0.43732131534550112152335772353242052625464877297960535542752626439,0.68427296328742013034808369708700962367693872270215937529264386351
206,0.92330971543417603272531115923219251354434935831538817794896507438,-0.8841867350796544255002067187617604736559835667518973585883171952,-0.021998714911739953876863445013366212300239066983692518365119097443,-1.3348422353408724649244305758711736242780387124177451883802401837,-0.81866111509115578757618046224135356930918469234330688024487509755,0.017124265442781653348240995457065827588126724579798300995528781729,-0.060870449582038708663069512289242315279202316878922250563340288901,-0.063702724674409429900261083379794478183504986618918981063417946582,-0.077642167747281954486383524649715021829618026487855312514021317406,0.010151158390025219132499936956952656850534673351420048651746868235,-0.43731862603348993746786006357724638095990973367093567293840463374,0.65737984317557957537148414534555667628654563600533448407633737045
207,-0.92330479137583271383100505222263955645174234100451726324947584403,0.88418200791765209791604273153869723536648314823733823819761425585,0.021998595760848187228058448102960138069569419419503598234008878199,1.3348351057251443612175160335985369445575696090298450707053477388,0.81865674754384160320874047778041613045649654346914396081534321053,-0.017124187697332428686903872580982183015689773347675426817852709975,-0.060869576444803536631573316213790170526825173846830577228776674347,-0.063701815672244237227598447488556468050629357863848831749856039717,-0.077641083049955489292125739400931134313348529949111349734202098256,-0.010151099990701040009197569235570540691114676005439356940531299244,0.4373160424389747844883456278950942013105584892980771820386354719,0.63154389802404978022712732382376018277410190742042548638471899971
208,0.92330006086826630025978587154328010552936104719319642226419071938,-0.88417746656720324772353214616885926767935572430562687442845860693,-0.021998481293477131197403451910931975703306306788822613441498067576,-1.3348282563545978322547233559850333325923830945078137788398049328,-0.81865255167246505561139359139129759232857388328621439247470323801,0.017124113007585921338850273463488862146699016098746934394234044878,-0.060868737640277958042902032660316017536777836613397576606653788806,-0.063700942412899563975985673839495444543245867644975043882649369923,-0.077640041003241060716890566052958569943744427444697734191301052081,0.010151043887002799016075018560266237350347578650903063901611328299,-0.43731356040441517463967012186769561550806100694215549820407201314,0.60672355242795129347206704983790215779927834820358714075013144101
209,-0.923295516300892444501717147817674668991587871337706846786368735,0.88417310372202003679854814487952705769825347850270557591825152821,0.021998371325463849037404795059841417014294079172222786002757653446,1.334821676209734334530704321258443683686900374585447606310057069,0.8186485207265769805374423068154217889813370278212951293789672894,-0.017124041253408558665764207878306194279040313662778484865359553348,-0.060867931817532818995731617220738771341192620019530187224094842506,-0.063700103489971558257659862687706230620591428494506218814473087429,-0.077639039928982467461239003038243259353432250951443154840842077271,-0.010150989988655704502051108701968324468124713987101905456201118554,0.43731117593590942538464473107232540288887518269392639832066537997,0.58287886737045874321815909613577596594103586591258830668379969345
210,0.92329115036258589978290700140805966976624938054397790842508508694,-0.88416891236330162436206265009128018103491494498134313324491096912,-0.021998265679892013736010694396265646798597230486050795197506989382,-1.3348153547046485673855108035971771925187410200103066898587000179,-0.81864464822134315049425132869760982606194657180372495789319202336,0.017123972319392261684833656920513841932737205076583979982667128437,-0.060867157678867185232867065067527851649143638506283679780435720065,-0.063699297552469541787740923223572807621024179713341767476627149417,-0.077638078215139688704281308237196517256334111521673429984194453121,0.01015093820893774910776543383083981865369840760143748276189770169,-0.43730888519674346191285886372664959494164937159319105296516893242,0.55997147571082402535948563937769649368292485855913475171932421228
211,-0.92328695602988174783876691270098064439992406734109863253361100777,0.88416488574840700122136061575067956135491345741641377764790058787,0.021998164186806372685040346760488058266118961061273534226026394287,1.3348092816699446887982238987209258544218160105563263268016928946,0.81864092792707895741060495811488368259121560225633235812697692363,-0.01712390609466837393236595018981302477889164886341132065968402562,-0.060866413977705567213654757303716155792206521562663314928390005216,-0.063698523302626981376783484998397158098593887990171225580190362738,-0.077637154313177370252623284106004374509240512757262673063534676878,-0.010150888464539676845591874041235457943904681002191659566136305273,0.43730668450119475263646806953716940168506056970320711930530895085,0.53796452022373126145154374457576392779490595871979815311950847841
212,0.92328292655564271382794992374926952609966191757250232068444862623,-0.88416101739997528879759552369129758104798077513575708438116529033,-0.021998066682938493157260192309029563644366438300340419290390501117,-1.3348034473363273991329403894114175622756285147718380350781943529,-0.81863735385919750807513380017624327521466521741134789317549714888,0.017123842472728931873094207748942381407314704136404817012892834783,-0.060865699516578640105199166276290056757152360381283359325919809705,-0.063697779493799375386936089632110475051311206564722306867826017687,-0.077636266735556975466441596108206063221087235573663347919104098692,0.010150840675430485926822949750735857479381837310751107531742038565,-0.4373045703085812258639092906287721209060060821532161229261311798,0.51682259408846353586375466060295613725003045880983436134179801105
213,-0.92327905545817406326513511807654355770237880370197995124798028484,0.88415730109547573660531494716789135953699412006501301496538377257,0.021997973011443340608556761388399846125204628352123225893867483876,1.334797842318841097933604125511963215325581207739941377642440173,0.81863392026855471847506786886689877913333846813088006040976288747,-0.017123781351254986051263409520252352040180055284843710388729028401,-0.060865013145184110680822998740371128492415665393763952521179950038,-0.063697064928445570371764827216723922641390139162902543112257565093,-0.077635414053328446520839813918215681039293824511176840805631211015,-0.010150794764728247239865827236700751266050095266403643963224523754,0.43730253921754542436637730138437705191684662659505813226453501745,0.49651168373044856054386221665226624565547487722992774538017451233
214,0.92327533651076831772509314881619406903687042306561952043186103381,-0.88415373085717036415000507894710769206044443280685390082123916679,-0.02199788302164625978908366803103239844233045504666256445959033732,-1.334792457601731393118009819339688527357714416816332378807374515,-0.8186306216321756512067848207683913880889690476907523525129441837,0.017123722631951693786004401838053978534095535212103055151031529707,-0.060864353758524519867562074368865764649484657374889522893484320001,-0.063696378456189165431477620534508862966536320690938977448636496518,-0.077634594893817391074900715617090880159491669971892546660530110429,0.010150750658576027230744303045720998003758103904104144655170382276,-0.43730058796056454644773561127654447413008404865698120016399654084,0.47699911392166937412696113832648837802969549646060673999540843453
215,-0.92327176373166273765498064810978020481588153733405039634790678612,0.88415030094247287642446279869411369110030495491925459558990491257,0.021997796568799945880517617827842813569454418149538994011626541237,1.334787284523904272311694313835082386723518514511510296758045035,0.8186274526443469713043259170194470682474527042643833962347470674,-0.01712366622038991535000023158782370014612216426525680674637533231,-0.060863720295118900661620044997904103261904726313097617866723634548,-0.063695718971956798118080465600149488335740785733002248311630904405,-0.077633807938403971788524821193773284036817656191222758380422060855,-0.010150708286022712421614932101896735460774974623496377311763739818,0.43729871339867739792589137382786420973673155867782407839572406802,0.45825349505018415568458665152384444450479570488938905727068015166
216,0.92326833137439320320482196197642071656376256788755659978589951467,-0.88414700583468813754159391715487613702213888547101224996950369196,-0.021997713513851009406671251292111492222426747672879784276578219882,-1.3347823147649592344406692724970307491928067955783506577241643394,-0.81862440820806100127311718491807858758016211408121424859823377073,0.017123612025854056256556793529433087319196934743664565539817602835,-0.060863111735285336589862473761360986981941511931094988229730299018,-0.063695085414190236287395310077794194115690837031232489166696323043,-0.077633051920389831666758295132625850281566026141716693431973672197,0.010150667578908540939836204568005009327669425930690656518615711799,-0.43729691251641963981925666875424670301645428331094793116695962024,0.44024467247260308933753591534877724173204203612791676962620235442
217,-0.92326503391852877876885096217100744291162732663948438000446147506,0.88414384023411711571293928916892536490464421360407636951262751603,0.021997633723215754521317861530631901272708516543514228820343506799,1.3347775403317736278367058394891131357241036186520614451046865002,0.81862148342679743690682246798202214663053213888311904704798964709,-0.017123559961195908534593811471450176734274596491893781671490452222,-0.060862527099491586082259736355159822129453934345141171174956812711,-0.063694476763129325372285280376576862199139329113729283825720557431,-0.077632325622949537225939345233097504063608445458664286239634239487,-0.01015062847175515423413413912056438230978785008467094295619223037,0.43729518241695906216128283562162688709997614390165286801960604418,0.42294367786682650959920458915061807695064794317728529609044180976
218,0.92326186606077187508973438787679481117157021036382096209502390637,-0.88414079904951281588958438185020748084655583718774362926965437094,-0.021997557068564805488502888543939692680307933040994575281533825279,-1.3347729535456163506902001315166350400921869758491568226763994115,-0.81861867359662934264068468274924429456640777850282818297632304751,0.017123509942694253711647117482647637644706440135082757543835710151,-0.060861965446771053268449884581133454685369735146581245568888218009,-0.063693892039162960386919530409585142981645816916541425395242712234,-0.077631627877163164254088288259863141594279544727065481022529731098,0.010150590901659989639677588913478124928249502459655922344856873736,-0.43729352031742294586509279219626846958763846589054316695146044578,0.40632268250566354769877033556644295357386783208027461463445778853
219,-0.92325882270640952542895723572656022177928415764086554868472076744,0.8841378773898732949962247329520886613463426532481369296577385452,0.021997483426616230763911705820304508821821545791932041361965826826,1.3347685470297699423287474979052165178250739591726036833191160155,0.81861597419864057974417543419448974682112592222994182810509458052,-0.017123461889919999668820796954167051611119958600796577665016395418,-0.060861425873201496043786890760746525131097091000165091444416708138,-0.063693330301245366796826201332417654657885673127285355953014695833,-0.077630957560126787754159210346737207290064880388677700397321836453,-0.010150554808194841633871380892073855055978284492429843054860603978,0.43729192354440989252668418986538701284992365952566979398578405895,0.39035495237513016361274702675187557642580418334654495787058951379
220,0.92325589896110187051592114329858939885598158459237821614807971413,-0.88413507055655840983390936911823584970936061041364111162344938517,-0.02199741267893682808689890749121913099248589213650329208139521787,-1.3347643136976409310484204870219209836411084566415785736567916333,-0.81861338089164233352494262387176632747764061124509822997272918818,0.017123415725606632595112866689134418154135082042233812443235111092,-0.060860907510443967978216329532954400048656071333269525249109146263,-0.063692790645375084424120384483211134700987923240660512753358842262,-0.077630313593137768774595344370126101999405202177276622820511092821,0.01015052013330842651225320186189940650586553601903869421157800753,-0.43729038952967880705998742693823765131617972696843701583961928934,0.3750148050642754966451177552582602389864786110187634962228934318
221,-0.92325309012299450177486181846761506859253511563647202508480783315,0.88413237403571748038125028807688590019196416838943495527049637884,0.021997344711751247426288889225594886352944868337240043919003197677,1.3347602467413391075555367526978959913117592920390509458533986966,0.81861088950517689780905231819893729893315957097098482589705871499,-0.017123371375525773967322641165134282047626078909797025895308256635,-0.060860409524339591966845933574489091150568347687669366303410433674,-0.063692272203134154011469827770473368787740421700227761133775487252,-0.077629694939951856496222964291353405087143551608640879284202912913,-0.01015048682123279182132688443188979614569450403768900311437927278,0.43728891580600801064571690534449396918968965126046162395310204674,0.36027756835631135393990181782143897408572153126484463105046737459
222,0.92325039167514184466719977805441989130864990153267059899018361393,-0.88412978349101556232370226022632707103832046746655832753434389528,-0.0219972794157586415126744988939214407796370789609335103127187714,-1.3347563396207071639009648998065762963028268787524268718730763165,-0.81860849603279734714392841999557425392915051666862659712797765467,0.017123328768367640830823018934171379490692355105178761143120947255,-0.060859931113561860636369265478795723256283297089034684705117747258,-0.063691774140285107141966404653747685739843518787734616785921890067,-0.077629100605109244395271959950552108799080656771244088663554098392,0.010150454818393418224221991063270357112602111601326593781020140458,-0.43728750000321774216969487775727721971252305851551550502128624467,0.34611954045362659371962594565394420241979408180365531289244666439
223,-0.92324779927822927480956918052480574469520908611644479030964325113,0.88412729475664651308109100723173517315167272399479650217249351335,0.021997216685956546058280454077253303706878714181449999600832372073,1.3347525860527828774567353704555113936458379099622938975268989529,0.81860619662561218026706512009420322066873393631809250013366589172,-0.017123287835626215670197719215817267836657647940198288536317365701,-0.060859471508322251609725859449009638617984279218108245643096961727,-0.063691295655423457095595828389876402014640651012924217520566947491,-0.077628529632326834765486820084949545506531667349707527118773952333,-0.010150424073322867556960664469166895957546229989020091821100182981,0.43728613984434957562333170445924789879186149976654234925156304049,0.33251795177196113008789296536073499580420659207209761566040494969
224,0.9232453087635821497261878617408668152809338483145317857750080059,-0.88412490383062150624119838508593537485751866139040372759299893684,-0.021997156421471703634147302870141348956868489760530643367055039863,-1.3347489800016767292872186645212981080195513406674042987969754199,-0.81860398758608445318645652195583477000458426104378121339246396406,0.017123248511488939850842173784790091466546697163597414814954029204,-0.06085902996912703496713390081709504541800294624169107202294611363,-0.063690835978683481098019527895574086080426471343269838458998457006,-0.077627981102954076573598379032111569172423668165182274349528670609,0.01015039453657783666856746730527586732069657625411671316540892856,-0.43728483314199653931543185743845034157766125822180356757520658605,0.31945092824159805108942275738516285380179114468428085209586047928
225,-0.92324291612645040952149138600168336568340114342109673678373041706,0.88412260686832210096110928282355078872563332822225309893987680042,0.021997098525397556564117949744992339194583235792859284147356669245,1.3347455156688485274397960009518963019700422820363718252580636743,0.8186018653620753374844376385170876247587163374936920913284950258,-0.017123210732730751996264153433140237763184579405984353696496947395,-0.060858605785583235791374044135110171405120179441704519681841467841,-0.063690394370495173457028335548275439647287172752741727870550148205,-0.077627454134489847747564864897609166985032519656409341268814105452,-0.010150366160659482237536234984581886025550650812218013064040241042,0.43728357779477797065576768939885421226692101090848373813994095365,0.3068974560559114544477423614238697463993180114859864994395364626
226,0.92324061751955785123129080518152620278631852203560528242071604718,-0.88412040017630740635202906596808828060528656696871561442765039505,-0.021997042904638145125665693053433747755717173762562172714272259095,-1.3347421874837672594048416220321345081205872411052371692808722891,-0.81859982654112243990928377939252601556563498426008881511116324042,0.017123174438612299753596046160004174425314781304327495278793393035,-0.060858198275251796707685051781277537651739267588493010983703608895,-0.063689970120390334451409189170876585648095482737955838965301127511,-0.077626947879157954752165371482583550745944197480218841625485860532,0.01015033889993688713008189824438397923266092539165191586179013282,-0.43728237178395337815230988689805615628725113795734460643329072153,0.29483734780998641986971735344330994970058850009466943293721532326
227,-0.92323840924690561490924803389044574523477229568713345160071479755,0.88411828020636529686750452432019387945330416935938729693106401011,0.021996989469758157837930812779425578344472325204239918677560515889,1.3347389900949390254031631348757039628984541546008340633926411509,0.81859786784494360365134402114720551770084360218687296172623024981,-0.017123139570782160203812696790826287436995801123506235992090271557,-0.060857806782546063975285186726876145992748283568603717822909404406,-0.063689562545855841693588645273096924474220194829043560159486386963,-0.077626461522538919878932284669790362100758651306302529494723589652,-0.010150312710573544021540163640811063934521672202267699261780343999,0.43728121317016981053203273002234631547392503285754510107567061297,0.28325120997431021709814859634490181643953750209961585673612968264
228,0.92323628775781983537781423926839764112287256083766966941303676187,-0.88411624354979803398735917750815933102971993215524608212102126664,-0.021996938134838890685558816361239760806188671219003328383437204604,-1.3347359183612885063334868889617382711880618769645792526358210453,-0.81859598612415728057584512283400311929174521752946555800766313579,0.017123106073182910704896245398998549286963957463420258908578290624,-0.060857430677673796102842953379686252468775672989262359926502924001,-0.063689170991232229181565590163597278660288656624700281077928415993,-0.077625994282255820245677028983344588337820379808136549523480958656,0.010150287550456736950212478551432485886636227003769224445637486531,-0.43728010009033745194814377536833281857994594335819866874166393061,0.272120411650724378208602056209932876648642508635292516669306109
229,-0.92323424964123381273459880021781236168441744273314786181349774935,0.88411428693193303271741467888176520493579482590313288815513632327,0.021996888817339881790407978182743191415742974380799527978650837901,1.334732967343879998189510089899299790070132060079307055072559779,0.81859417835321091773759488702447629023738541227080704656588173307,-0.017123073891960898226776143153303965332879642449215445679710588174,-0.060857069355620966282076229377249822491453460572290223449206829473,-0.063688794826655774530748826173901523567057754945320804351693866822,-0.077625545406712032235504306827287326028888161483491387037413808717,-0.010150263379129706221478629332502898913978335459545401959445068807,0.43727903075462837245549785245867725861965389253401468063278709082,0.26142705455992945174937295965433327372813426679541142790090815525
230,0.92323229162019543784157259291288877475200669647259680929966605294,-0.88411240720684987926613820890272389306826531668574886689795710717,-0.021996841437965997318526411990565491619063583705179269397874277021,-1.3347301322979645995276612993638855346347368730694576368488529951,-0.81859244162550914134137449627504587534150346624421868631597523782,0.017123042975379561256907972019599390064677796081668673003834668747,-0.060856722235175699293684272021013505789349386411997391866312275234,-0.063688433447042367069289101107862060655959587908977710627846412182,-0.077625114173878821169010826689487540577283431018653006314974166215,0.010150240157726486637335527245100073781673507343374831637866633419,-0.43727800344359356468547829440790961705184588716362493613196788591,0.25115394421185175155379245197791759564808056289796641970885908976
231,-0.92323041054659097679157673857809003197926777637925376251808408172,0.88411060135231505934368006460750215793035453395159971757410781321,0.021996795920539753312892034233323191929438856088793779690513500497,1.3347274086653406710830224167798855779552689940968297089878931038,0.81859077314873384751773719370807785027902973667661876504185582282,-0.017123013273736164135004639737264682119474386338860265253462768018,-0.060856388757990750063683636220213948141411375082991386172710450991,-0.063688086271111498722066885248338249611879963549593281484671053469,-0.07762469989013079855177378387140108649176365786848646994692923025,-0.010150217848909313400536288466402842815676682517593693031511598474,0.43727701650539359128071550185555288579946740123394558830615709323,0.24128456221211770392586692841060507186322126610448816160093228161
232,0.92322860339607667137251243711900222514177391765211292890743941954,-0.88410886646491619545958320143789902272767613459018920674628063613,-0.021996752191878666688489678803984954447060286209240504478634968309,-1.3347247920670151978015945805954076580750329503116254189606828617,-0.81858917024034862241445532096880729074418133713632825863649020779,0.017122984739281809224439556877118247967037496852683217682523815097,-0.060856068387682994855939422542506996986260398312280578911481591914,-0.063687752740448786023511454635908610641160607932790963731988526345,-0.077624301889127348420723502196484049666041104586048444354827254199,0.010150196416808494240730009413739777995739290108780340304817415574,-0.43727606835313835349265428058923314283775923397218606101279875195,0.23180303965973982331365426521317545478154864850921522801751946929
233,-0.92322686726320995143597399020912094556983655131251044100735928336,0.88410719975538791695048365671580358359491818937808913104555140515,0.021996710181677436829950830597079138917843932960875486812637225149,1.3347222782961541742534952365218244869209144985539066081429124343,0.81858763032328021469264776421683349682609795014251491279761349444,-0.017122957326144597655539502896238223057074428973545823149170653055,-0.060855760608968467292890148350723103540113604792083378420929330029,-0.063687432318605495307134852607894542574538286768450173247251022257,-0.077623919530738200269399804389704072026707880381160300706337948089,-0.010150175826964650339649768934161923926193679039372353207562465517,0.43727515746233166972089025642371288086820499256822100102511038263,0.22269413159290210567341261001055575923913460885861535113382631933
234,0.92322519935677238040022826078784177498581584491324290648830821443,-0.88410559854412179880173549666953358847605972782607728971232924268,-0.021996669822394767107169654781628155405346576057291318229184642285,-1.3347198633113106054482647996726403982662943622540530838418910288,-0.81858615092177007207483757690532624540360075622583987264376700343,0.017122930990255814491323109336680031104409541029874298546794329466,-0.060855464926831530110673554892511246052623981425351716888629207999,-0.063687124490233604233997133020366305344452268690512068271228237818,-0.077623552200011398898936688120879884920766497110566282155771543195,0.010150156046273232500367731720267038943121953976748390365324725342,-0.43727428236841652398845904847033871235309957133551417659746074126,0.21394319244144478136133307626887060818492228179037107463741262692
235,-0.92322359699527676742937095342477034515928680422690081592583603241,0.8841040602568531051671621183100593365097942967017161361157928414,0.021996631049144643184412596720853668279989771211356954336175140938,1.3347175432299191672896412966620176749494428132094880669106232871,0.8185847296573892306094941251868200735120992446659201064351637743,-0.017122905689279019077796238393857340369502736313827725473868050065,-0.060855180865726829881719144911589724594143488406653701623133584803,-0.063686828760254991452146157151789190068640932371471425188568227455,-0.077623199306181991448421725234309154804215282242871018822490254551,-0.01015013704293122271854230883112213681480237988925376048288274882,0.43727344166441700869495820510785354269163620236206916424360201098,0.20553615244629184635289945141717399355123254734024753605010976267
236,0.92322205760265117966006928549440592038374732118454175490596162475,-0.88410258242051736134688517101082497554717362150084988912210163251,-0.02199659379959189225627406066351236535360530301463165872768058688,-1.3347153143220470050487827834262717530622446305858049372112421515,-0.81858336424521011126211617084345203270526544738146417439769351164,0.017122881382541926056910053820068579482968396669060207056179405359,-0.06085490796881273597739535811903723554639824511847038799502901224,-0.063686544653063402428447845757192217665562669954170406933157524547,-0.077622860281719818928834367408956068625878170492885158493002881434,0.010150118786385934877754005666920252717719241237417867389734484747,-0.4372726339986731437501681797039642286778698158799711554447934239,0.19745949500764239845264541252403385588736772636015954796423900428
237,-0.92322057870409287570125684201390085507790221606293386202825604626,0.88410116265927005434097661006246433663526012059582516254455698043,0.021996558013851854311676558544243390048219922803398527839771173332,1.3347131730043905650357667517972930691501012672255928296387994169,0.81858205249012903376608252004894866260193495859705569222600938699,-0.017122858030970967048603673407193128394422172663710171643927892501,-0.060854645797215016891088583388993903579786280700110375107662389814,-0.06368627171175789346260660714996729883393460694304325294750505595,-0.077622534581414863937435725920156707061899699070488191296981522713,-0.010150101247285831712527568728547082972809660401023490597498183839,0.43727185807266490563350858956185061207109131596615548809546027901,0.18970023492526123185674399138786778810236858820348605463279008756
238,0.92321915792208545799603873463706056228656262313561569465638426673,-0.8840997986906630274227546359895650504773401245615843157510013334,-0.021996523634394003216735747065389015381772492025199922203189254991,-1.3347111158345087548124061297754008239297351901167922019775988393,-0.81858079228333350279803092770875046990318951141766641146835336155,0.017122835597028427356548351582106496427450006548831456702193678347,-0.06085439392931955678955123037180577807992009150254847183380380702,-0.06368600949740650767566865609662626538827805512132298608203124634,-0.077622221681498667977430627118752102582355669707891884371482670634,0.010150084397433278467276822164604211150287780145799215494339846227,-0.43727111263892194530668094377063278962858257352615236696305324222,0.18224589749565796358028607920964336301494418817227473056242219779
239,-0.92321779297257280697421544802472856298655668281842585432998098538,0.88409848832197138891670145730224888413070533880377323164945318933,0.021996490605949361829983491477091434132857849989857599505654078676,1.3347091395052831114888174355760674485575547552180573590616166427,0.81857958159890855689516842914753946737092988518993409087528557054,-0.017122814044652056227530499245388244722993494024795023174873717366,-0.06085415196009296289488984273796366918900107137356946674666024072,-0.063685757588338986452840887834157408658811856835390488269933679796,-0.077621921078800391059179855014254495796809642694472750521339736756,-0.010150068209739156832749774900033274575347190119622426508342996602,0.43727039649901561347484269048863591923144617409968067893528511507,0.17508449843233964519775325924093939165094992345539445288115070272
240,0.92321648166128361468421123316844607169585483726826569610519514534,-0.8840972294466649999504355265399349278233913913019399290967542569,-0.021996458875421561529970618604730954555928189552997884478723710365,-1.3347072408395960265275558338217924863933547151595738349099899744,-0.81857841849057669650124539821119511910195785358421135531483392275,0.017122793339197053203805088023780189316535256413327882529717178082,-0.060853919500429960104763111300942108900481799685928929342265509388,-0.06368551557946736750001877796630653740528922303714994521710584252,-0.077621632289936143117727690182546398157037636516052056183968215282,0.010150052658179265768926703040928595839461577458044431151068342331,-0.43726970850163004568191649575802545835865739676136919839522764647,0.16820452457666171593580595313633066376317654034058905230646471425
241,-0.92321522188020058020225732048751818378023353868069033836029881181,0.88409602004101884078836316794659831408446173112846722989898054969,0.021996428391801402456011509023596258035511528174279245563451419733,1.3347054167852184296614860736785592769568227363816727762974042457,0.81857730108856612449310107992381782774886956465450459524633832711,-0.017122773447380336957882643517323611660260279377943862897866842393,-0.06085369617652651321418243015737898800092675932833748016479623933,-0.06368528308163336642819451612654779819680935212927702906476848808,-0.077621354850530271345960819247922304001758089773867802882370267164,-0.010150037717752438729841682184758436131500404864151286593961135812,0.43726904754070918836456004448157938975670723433826332950676061175,0.16159491536808854237129318867564464426155230928190016763611747169
242,0.92321401160416856398418522676818619412332560039969934285765511216,-0.88409485816085678084000064083191472054655386626838151285317680184,-0.021996399106084776447711862073926593272304613820903256975521226216,-1.3347036644098986746082373231790445209720643595577795557942437448,-0.81857622759660224086416399100071168953375539293229716029031887815,0.017122754337227006696472723862344880304467120310414573028957084106,-0.060853481629277659285250259057639457271333272614084523578893022681,-0.063685059720981482689505879771952113861207746270641647068388511924,-0.077621088314467339908084447531277890720217736461797009549455033713,0.010150023364440309596354145195834953744154054460714755476372343342,-0.43726841255367677049384793247086820087979977151082802685593519352,0.1552450450439098352501730815637558751869240349288736593819352001
243,-0.9232128488876362238439446160088395248963378697472752282987286413,0.88409374193842349394566606605170320538529482572432804978758400352,0.021996370971193820127454766788698684676715486197676014730203029822,1.3347019808966446958039109906617736254951060174991276565718468093,0.81857519628901753327349400421372914617590448310966408330798320853,-0.017122735978018909770823783168437634834327557825271163780941607962,-0.060853275513699073194428025471221390609615581099163963883154871257,-0.063684845138356812829247682561057748756797007159226255044865419537,-0.077620832253173588754964513869656296963277807249418700806005055365,-0.010150009575168662302183451738144844158981752386222446564118209519,0.43726780251972634401175132187614138693210504356179509124428454759,0.14914470553964501428406713429561639823964454459951754287547588226
244,0.92321173186152587178957756870957495669524235030371553082846139341,-0.88409266957937946843789346100931876079968932401493192738734568011,-0.021996343941901170811331478028220804178217858817202766540872202183,-1.3347003635391918189270165063499958370582015697581883095311402757,-0.81857420550797519724293340549896177915494912102943459791450343365,0.017122718340245232540352629672035391717335167471580836900243511115,-0.060853077498371428240540419236969658601793653284977171335156142953,-0.063684638988726594462585999760360414645940996538291227625129958117,-0.077620586254926706498023307272173503788036474394417245638554035565,0.010149996327770301711033329998178916641520761331732143059937827249,-0.43726721645817863012030126911898035858938888239057512907310817325,0.1432840900625060997835395626853329710780328323998958311117325121
245,-0.9232106587302264988829479304863556503977015030125197553196726616,0.88409163935991426110522360966629155635527577041383246095543934801,0.021996317974757202966838738357400830032087520794393861817757461728,1.3346988097376489090632782057307689665380827615228954077063969479,0.81857325366080200422098077114748294110056370749835285151791212449,-0.017122701395555034810885582462663264010338211804293432546475851857,-0.060852887264906650987737195888318401956774402767374080988700615278,-0.063684440940624543202750954828150230728041977718635373651466267548,-0.077620349924192798594857541154356607920006752318128652941476709906,-0.010149983600949385772685181091792481391853023866697511122880693333,0.4372666534269035177958781279811817464343031755629806489304834375,0.13765377731138285555212818469921142022096455645509440486437502653
246,0.92320962776870511496028380962978226499237784830323792373118347126,-0.88409064962397333587842543906949300916476038746741353401509807825,-0.021996293028020127768410812876864004054575614040969999501843451901,-1.3346973169943158294743619374459521396336615045985474961297680879,-0.81857233921742611283723263360569342695146630769356848005778541127,0.017122685116711651313447557683425251773041846794854390214241941108,-0.060852704507435205310220774821025267377579615426544686295651707053,-0.063684250675617082025914984357915336110836935972848865592352317099,-0.077620122880989476537096555554434824595862576274975404804602925649,0.010149971374247161357662122952400553525559426771259081865060396586,-0.43726611252080416586246291374702910861339722074136959749225667284,0.13224471631786352139998584317283321116141634034458002259672841796
247,-0.92320863731973174178857275035353149337418368204199717173476642721,0.88408969878059401213649467585632859879499903519668196506692570242,0.021996269061588842942553734295717611686245428108022897599655577354,1.3346958829096654615595041838852355396389681621636691021344811274,0.81857146070791568874016422780352676409664966828680960864505626291,-0.017122669477548886709524340201485282892939218737292309068185147438,-0.060852528932113574961145677857640763550212554392226255919877011473,-0.063684067887790598320722495684878188491375041224634723921248484584,-0.077619904760274036385373774701214001769068696593661167666180244288,-0.010149959628009048447421195260247356087807855133405396002251203445,0.43726559287036076074143040104701718612069455658987586732282625627,0.12704821188381231107485884305360828413477482540727832829256272295
248,0.92320768579121358235647391925506297131700442620636812923455005914,-0.88408878530134622429669398520437210572160289708420802873860870866,-0.021996246036938424550713817113604019975504848035942590875907947639,-1.3346945051784838031995740362751015813923526861694207979179297644,-0.818570616720114361726082051789727970281606840835319919469224917,0.017122654452928933509066116937086845619896681086217509620033402841,-0.060852360256651146965529923181694434739247123145572470646069226541,-0.063683892283258898198739007810977114234700849856687014829876921166,-0.077619695211355735940556297006378465296588512115280899632104672563,0.01014994834335301954381799278972762098397511550001829338232214194,-0.43726509364023157876983032133720992017310928504366639811302764907,0.12205591059199259507406174498094880828205936331258623030649071413
249,-0.92320677165363406581307099992228362056728929723498493385771130732,0.88408790771787396410265843139985655167531189360024997833936373937,0.021996223917058156637438666097081968770044602922761495246188743586,1.3346931815861619186904745983124573775739342407563616976451250212,0.81856980589736970569915951411404765404732294046674845902270691793,-0.017122640018701945072973902425345100121932800711973460272158824365,-0.060852198209855729792620580771928265842826648739469287746696626356,-0.063683723579690060594554161923122090691126491997885123153840239129,-0.077619493897331219144389874081698967154259616300729609699741415764,-0.010149937502139223261448525379261541221357248171630024211632462775,0.43726461402790909490543467489350417133575653418548548823228779272,0.11725978736715395111759730792346043475455078150348742290792718081
250,0.92320589343759263736639649729788162085192190541402117515722214506,-0.88408706461953344003842772305198423572819909161967453008625379376,-0.02199620266639199878097059426445920439587685243186099303847056298,-1.3346919100051337593311406745686954439562216181107546211456295848,-0.81856902693635107761137627788231406537816605208710948852244139178,0.01712262615166719854699817998143818072784596136248565203249778832,-0.06085204253119697065087564018816531282945264130626139183316669954,-0.063683561505851925317046540999436931941713392821751370085741553268,-0.077619300494542174033347040566111434425883656617840551849985361179,0.010149927086940803082900124434581862902073820779669954297026841257,-0.43726415326242896886983514197699789916484176399415349739648931397,0.1126521325658935951222681428607387256068488681835790649231396748
251,-0.92320504973144132551717505076260660597660989416647630693717487026,0.8840862546511241448439423722666594542812542445480543183532708196,0.021996182250781395529953841610473584819738670087079551015688564503,1.3346906883914541098375529768427259648596898565877526963140139725,0.81856827858495329616613515026803061749164504823716502888137109949,-0.017122612829535785143278836885473566875616979531342437568215486161,-0.060851892970386965420236718743814682887536619446752365152650018272,-0.063683405801175479580175243247734899428900582480120347924294463995,-0.077619114692054346790776958659979514018293007570777172288736355239,-0.010149917081015864193286332473170508593489558336906072800748776194,0.43726371060312982546891435383246904237512043619951178750189913601,0.10822553957445958591438669757217082839357092176648011902136009628
252,0.92320423917901427560117518250772073295195835375038743029901771521,-0.88408547651070917244782266892758115600691141630065118644782737687,-0.021996162637410335499965077520734355827109854281497568329638795832,-1.3346895147815111424984277214210743445693356660350961174325168366,-0.81856755964028277996938677781611178957557754990037506611926496684,0.017122600030894767653387436059405221117937083168238675521551542502,-0.060851749286977382741172700002728970127199571391359818329758726262,-0.063683256215335436694118317039725140481757643324390229103834141929,-0.077618936191157069215818616619094610954147299428294932491722939696,0.010149907468280543169912412965868380154181275975645020177992937797,-0.43726328533846182811536849080979190237691402697393222205599543414,0.10397289289448605045575647080077084632947866597082565998434136382
253,-0.92320346047744658900447473999957311567636649631550854767094509153,0.88408472894752127001437550886112527372788442907035536991696720839,0.021996143794752571543352453094324845699384756140195705686273097764,1.3346883872888682787449366523137494087163752991580117909093032053,0.81856686894672289820658430938516044885818650640368070948924900858,-0.017122587735172747446746778044122996249097311104957472067704785371,-0.060851611249972450665496573388448703912018821249149983039602895089,-0.063683112507847328584985048582409583377831371062266274369550808749,-0.07761876470488249031175523873386538858158401451594377802746155479,-0.010149898233283137088599589473475645448888931596044148924323842041,0.43726287678484212359708525109529820947590240471114095107704544231,0.099887356697440867623359325863841836213256038058115870484423137516
254,0.92320271237507895184787813582025896125131874979710650327960349681,-0.88408401075995124946189476471981996307775321606796322036126340678,-0.021996125692520916901398426129850659350310305848264855872670088934,-1.3346873041012302669351346195650241140282574380423840440647301107,-0.8185662053940754150327308916337368216203864031675283147535557907,0.017122575922606785484584944970588338823255227880878427045670001097,-0.060851478637457180085634518359815087194535472430856440119167727807,-0.063682974447680460680975631113993064673296020096387419217859531882,-0.077618599957543734747900260374608563481144919117778025717267242894,0.010149889361179250323042801346674795068607112140155510362974835621,-0.43726248428555531201896497155037774527676022346805462615930217987,0.095962363829325086420563876659199844791443607194866693051798728322
255,-0.92320199366944467564764987245955423632831089301210415396263748634,0.88408332079361551597692025958134226323799949237683387004773893836,0.021996108301618535604868264731648934008668350231232376143032156833,1.3346862634775285859983110634452949143978207637672697589575416031,0.81856556791577503189725660256815580076532855414780628410630920525,-0.017122564574210624065861348146563039081643050404037907771866391143,-0.060851351236240223940397606948068716995553365209629335878014565824,-0.063682841812886103500061178469409885245691848594893261269069621778,-0.077618441684291241721707356139466722161539750412858542950716976168,-0.010149880837707918960423634984162293803282136667576098293218882809,0.43726210720969716871975870228058363253318427866404037141328664582,0.092191605247892094357871178718072409031995567052319232896458185274
256,0.92320130320533590567797905752505996363311389552496549388316437709,-0.88408265793949959894342036194306310219818060200180436510601665122,-0.02199609159409214861309836600994993100494904505071676165384286224,-1.3346852637451214774758607077006181185122630272389287312206774086,-0.81856495548717415018799614084724991948939538984892865417535949259,0.017122553671744158121460329572046930429984248472444367123304863625,-0.060851228841510794988097631954484643052055585099868244622772162223,-0.06368271439024032004243453659524842175102219335983665323243774194,-0.077618289630686567293335204598251764673635451704822547867214817207,0.010149872649168674338066759538509840371123068891661588161059686248,-0.4372617449511599149501162392964346837927896371014467828808878575,0.088569019875354397933241337228585005085579941116433908908574975947
257,-0.92320063987294588070524955207648692363499085256937199615639861246,0.8840820211321746935372091909642938701255236617664502398700480757,0.021996075543087080278221139865701032127215249465764128704833551457,1.3346843032971040937507233970696868158794114633182541735958306062,0.81856436712389509006346233741596012438035962566618985849578402676,-0.0171225431976841068898192212464920213822519413371576275815169853,-0.060851111256509087782049369387135327903712312375664506168550344895,-0.063682591974900851871757478631276619143637033149486599528763628983,-0.077618143552292961632969395933143288809222556062750883115746941699,-0.010149864782399508724823728053805027617149201833234067667052741973,0.43726139692765740130882112697906303142400653840632342633173368803,0.085088784850217984982118163512061317254592989882868417366880269027
258,0.92320000260608425064548580554226972931996146557237151436040379733,-0.88408140934808433920613942528036869839977872616915274020794506752,-0.02199606012280407269500637630792766083655494946435665591065455921,-1.3346833805897244281813791398975397326414819842231601694328196866,-0.81856380188024711033639240346209012152487130037835944935126752556,0.017122533135195838744340003953973370083627789938862118241804170601,-0.060850998292209672417442136345088128620206750352901744867327729925,-0.063682474370077509602495272294685034767734657634623500218919612897,-0.077618003214282059859351030255760286775598847307127513040389308796,0.010149857224755707629595550173642550869722503843161872382034674554,-0.43726106257978863248197621209006087105093789896294011826432788812,0.081745306162529716532969273490457586568198556049787743308881184839
259,-0.92319939038046257671600849036478420523942756911662255823935945524,0.88408082160389847455940934539255994916279051311011263154643708417,0.021996045308457798353007161140180199844408413085989586736734662654,1.3346824941399008637409100100048619518603000911254291172977494805,0.8185632588477056789531198637543903963402493415400104544313447404,-0.017122523468106303803591983832044056232228642920520339956187708417,-0.060850889767017348678986167493961411026492166945079863553552027721,-0.06368236138671553543462589468721761453830864705793648067682358734,-0.077617868391056051301759450520673481699396466356262533155726924455,-0.010149849964089514620366662193593432893457679467447925242739053386,0.43726074137013812382103270368184248366775193680075896616094119913,0.078533209657443107097885191306583754708576934238266709441991263794
260,0.9231988022120472520039589666977649219173231125432812438176140239,-0.88408025695493221701055484490067091851174169656939369885187902367,-0.021996031076237004250918730656255886128334556410889856846532823809,-1.3346816425228373408870749629214254364062359746355893923374196237,-0.81856273715345154415441035326464256222714912733360371773648454688,0.017122514180878030742485391140838117277246859562997688119202176422,-0.060850785506474969440867431666316821541119076724849699020083262473,-0.06368225284319142642839837854208427545349470997180264491188539125,-0.07761773886588471713083886869289388674644948402384550382960921889,0.010149842988730595882622215992773778385823166941835639294575054479,-0.43726043278241163983205830080888142168421088285673234867587747417,0.075447332392603217353856461695963919298037493972091858804741723307
261,-0.92319823715547718924372503693318383078078263732626620252022964543,0.88407971449362682003673685825753917506281107712951034332790062646,0.021996017403266223267789299352794184797527576573125240944936520166,1.3346808243697323030247047270477339980544386075060808241155471891,0.81856223595896725296878620826335482444257670361352525198112860498,-0.017122505258584145939198879322850470920443983623630618247392498799,-0.060850685342982761588147848625264259939321886519365772986853024647,-0.063682148565020727425740503471676789596701363447230464278898407752,-0.077617614430556750418038327953307372109252232372690833506819906173,-0.010149836287467273038269166914629382722917997171794364663025716809,0.43726013632060592182841590299708193484229405673214153069627254635,0.072482714335423180929878343701095500129776248063912062755463518953
262,0.92319769430254372716072741098173817248695523235560092085746097427,-0.8840791933480903613029705537038808273065638057106538115182411695,-0.021996004267568991116279736469425113418954679419103232351790978217,-1.3346800383655777293251943909600373568405640821789026557710761675,-0.81856175445868885643720826574553053567681558773081316858227470129,0.017122496686884374741477120808432231761436747225843876987428826549,-0.060850589115528691374205207774684279404380287115821878613376956576,-0.063682048384577321935080441362567893098612523836441954399897213253,-0.07761749488504479583922096932393469866793495165258194654141744458,0.010149829849528493987301302247970724811103674423011654500436098257,-0.43725985150821106691601515578095643269105519873190330121849560114,0.069634590386874056922406182446073987741196245681617284986011368744
263,-0.92319717278073030717163727193833045963460656289275935701895906306,0.88407869268069581131827461348163188587836831822963220357078371374,0.0219959916480325096336971012174478202348202293904571399023633266,1.334679283247044710087244698842073205578261484980783312129081582,0.81856129187871063005007486104344391935509441782183095439843244433,-0.017122488452001986219665557239250753521418015272670013545812022712,-0.060850496669429439033165770514419116995671356749878807878749255813,-0.06368195214082376793506472394260487920799235155503612051524148075,-0.077617380037183668473711629963898643177067741978218845137462766386,-0.010149823664566512726475311176826530519411019269932759987839878322,0.43725957788744427322465155479341765835369717506990451868049064984,0.066898382718937143286396307058330614160959625693791904936498415006
264,0.92319667175180956869514113984436358808304858781582843026924197443,-0.88407821168673422489904134374461247786230795846750271087222645461,-0.021995979524373699501001929428104647271258900343090705331736936095,-1.3346785578004521594961109489527419482682028022038715733409789738,-0.81856084747554072343952678816900453059461655198353053777178670849,0.017122480540701644295097866671646462949481729005235014065278583732,-0.060850407856081564659315349496093216370855456509335110655370759659,-0.063681859679052243450914443241136279973610490388467474478259495699,-0.077617269702361232502631644255410919220605884750746856875842901049,0.010149817722640250244153343448069150407587016984939406836636188046,-0.43725931501851371695717156161962933265397518253232681687953981314,0.064269693413374468486464569175073616941034249916773895428131394828
265,-0.92319619041049560398050337593413274535864427231375806263663459104,0.88407774959312088666460118394248864277044157168960214050805105773,0.021995967877106587722227459466265975796413726548625058218321625389,1.3346778608598153947937391421764220275515568445721686427172075406,0.81856042053490573555185022187229827372725373769496541591424218081,-0.017122472940268129593674732525378126791788974075530863910261907922,-0.060850322532722463875734151186078154674572222111389188420138982061,-0.063681770850635683944681546290370851921301545358099270116459544977,-0.07761716370322144111524430910644177417050556931735202874833526445,-0.010149812014199309690092609963243596221933292168301977760490912202,0.43725906247891137548331955045505981868259853157856751302272393814,0.061744297389959729966352923479933903174524712323735327269381399823
266,0.92319572798314920235472560522056932099761023648082730807427957522,-0.88407730565715232722626351784680943668369479657165736601172500964,-0.021995956687510977350414115181320087651022270485632569127578621129,-1.3346771913049714397284192628664340533569887795692547354850754867,-0.81856001037060229046057246521235609674125165924482082760730277306,0.017122465638485897778047972192439796662893169423537372934975944451,-0.060850240562200727669270987569191629345799655577437831102962857432,-0.063681685512788710065950194994841036053085314266230745881095721546,-0.077617061869379058623183600555762907527991835278086166775376905053,0.010149806530068620075124341674720429416785228955177596199472030984,-0.43725881986273365743681244193882120287701585511167481257709278814,0.059318135612779264895267761093775847347760043396730870957881409936
267,-0.92319528372653399926832429004624405864525592425437674396289909728,0.88407687916531220879351829304143655259979106887550088220395222272,0.021995945937602349014770983832877000888032990677420174976780805029,1.3346765480597780339202949461481200814784025356639791666970113688,0.81855961632339376479949053734209779453578681871785450253401125505,-0.017122458623619441460035013171930505157431864701455686782166069536,-0.06085016181275553599471884842981190652505449089124641721531148101,-0.06368160352833796015991280151802630981147899210328699495497554189,-0.077616964037145604692455241522076163030061876947771700921600343716,-0.010149801261433683770090369828302976596809731429723011591762351311,0.43725858678002874565892391326497631453370257995523037170666739801,0.05698730856366148600998102264489241421500847895232216670398011173
268,0.92319485692662152762408052400913990437669199823298959864546407961,-0.88407646943212415774345027624853671899174815195881319936007320128,-0.021995935610102945790703233352702338580937584517162587661287064453,-1.3346759300903834486601389215767555018896253588167267048521617089,-0.818559237759950390620040049870327516525352143358128302108441122,0.017122451884394424089927014407900846804006261757013811624103813884,-0.060850086157804729372869890424752524412947296508978491554576083136,-0.063681524765501457151459691790048112193626935440993268741749094658,-0.077616870049266078763247529298013642032689190399792158686849887067,0.010149796199826404047753846479065849774420594666772769437137391313,-0.43725836285616960194304145357089534527564971265373805423775177524,0.054748069972224327185384081835199833686335464029147477547752432307
269,-0.92319444689744324773641472519549789867563903495388671216603748591,0.8840760757990496974102598834435624008258994324292278675938615921,0.02199592568841399486283069628446705494998763652974668371004442323,1.3346753364035643238470518978990778226887251316412978818218581234,0.81855887407183102742782944608335712671101584313741605364871476012,-0.017122445409979555463324145467468442899751965994912160862131470573,-0.060850013475741216749180793317901964852672113646673980868280151857,-0.063681449097676654042110354464869511328852225900729409134598053875,-0.077616779754666040167861289150193704694023949541799234371073382395,-0.010149791337111469847262758792664577232200918527378179107249644148,0.4372581477312516239427377572192913136173466741807606025919941309,0.052596820792444324148420565794883250655950734254631019971309029993
270,0.92319405297998770801980260376895747804386444275110049022497871091,-0.88407569763342950707446948500455807095258020685190248697265268952,-0.021995916156589021264278802881735302820451911775749780435973242584,-1.3346747660451288504522313854481691585642864723395778418671554237,-0.81855852467450496434281002046704273441827250426631018892693222389,0.017122439189969179681054315882664104270832324123448222816352778803,-0.060849943649737391365252997902865417848922772389333085228104024257,-0.063681376403236816295414539885111784835969753379283466954080390529,-0.077616693008208636206236630144612323922360062341625233972051722374,0.010149786665473275839648640617580327739901614106168085034768931503,-0.43725794105951398437849740614920992388873867010785968764564414707,0.050530103416048681744909864980985964575910005245481556471470715027
271,-0.92319367454114106126623913973585794009089087461365289292660946668,0.88407533432746630298435711554112607009325840156683322396040996825,0.021995906999308210736334853220977277345083277347028232627844882988,1.3346742180983827282493092587985664014661622002001455541097922601,0.81855818900641217786584556462586006975445154074880732739995834478,-0.017122433214366547545547170973754592652549195699791436338354615445,-0.06084987656755723934646834496331356310621991441879171193103533003,-0.063681306565335412869014307825615368188710000351961061555891635171,-0.077616609670461186524223438497104126507629535642404783553911987056,-0.010149782177403356736254762165519198058537544335038359991438003778,0.43725774250878372088027339735512697061290573834600872392779546442,0.048544596113413699504821924151453206246592386735844377984644227494
272,0.92319331097266923126260688462647336314089015074986661801926661491,-0.88407498529724770433910340057846694049826987376792177037889436066,-0.021995898201853780443897099969103681638227376519478907694503642213,-1.334673691682655429748458292907151781249601260883115625541275847,-0.81855786652806053272643533977160949084480056327324502275651936035,0.01712242747356774647960638407890274100439290046246593994586861203,-0.060849812121375838147258198918160278974401677333764060770603212285,-0.063681239471718200600095302889764860720355700361023720164516314304,-0.077616529607470947588398040300072158472928318099128563082536764299,0.01014977786568831561131586856606320646066005125305114616394020789,-0.43725755175994168149682798612910831676251838011527187846775164577,0.046637107693019865050709663964914702373010079367389777546457713142
273,-0.92319296169024009163261720509038499028816112447386880835097816797,0.88407464998180751161322462423310039056090839745385693086228592446,0.021995889750086317906753579743165478506944699495285821027461213169,1.3346731859518843984761564369067101464515166099431484245240444019,0.81855755672115847283288405338133937259723253290643751980028200916,-0.017122421958346262112639001114119121220308027524726056461231030349,-0.060849750207605953941097414218474635749865744907455285262316791593,-0.063681175014542699086778682223391775669303085667338952652751300416,-0.077616452690549695888282832750389624491076651231045433195117259914,-0.010149773723398226806506691612369546382506679630456607415608131201,0.4372573685064094661481560128090649018218341020141290413766468887,0.04480457237086637833097646353076529553022906793901886649888702991
274,0.92319262613248408327393422080308614844581669107348514747537908072,-0.88407432784222388650990118194665916822204923237644285485923945294,-0.021995881630422050067254523277020152246564088184435982857187821549,-1.3346727000932549031132410307096921663216755338209674371683350825,-0.81855725908778180654413165896221838604040546313990725519399566581,0.017122416659838146696778515579406827977203370512606309758951806232,-0.060849690726731458515048701406926618396533957254746227584088734568,-0.063681113090204765151563141048975552591733333572070401327686392014,-0.077616378796066782746663514867681236621398119879165461584276250436,0.010149769743875494750436385136386586085701556047924127265897384304,-0.43725719245365653815162073453674689527415704394076021949945459356,0.043044044841586412978193740350699818759648334250800094575935564713
275,-0.92319230376009175870397351103227788524483390352824580357350771674,0.8840740183607529822974221193153347400966569805089446651768348786,0.0219958738298110059139235155448261931224717211089999773051389348,1.3346722333258933586924471170590605861578380717185675783110192696,0.81855697314957324542472139334960799941913484607536133549632879825,-0.017122411569527770492627876172116952025705201910301161091533903339,-0.060849633583147297247388809044915885940156444365658991850989264695,-0.063681053599171987443841428412991482037534644836901847495147954616,-0.077616307805250327304719071007526666110448335662707344158720246901,-0.010149765920724150761036295935851632628087447166228276485243581333,0.43725702331872671247088079397688849697707889574411672868801495018,0.041352695543329605578788141766716847978166367815891980179501804344
276,0.92319199405494680112832581297315989036289010807510693039777761935,-0.88407372103999663040476795176667261235546398650246983045683366555,-0.021995866335716037520424235247860243586059568330882822011722851093,-1.3346717848996120122087187406293224357438792563745818846498610497,-0.81855669844697340842025819384376095379325337779406942477029928035,0.017122406679234133203133625958627034421366553241754277929221102707,-0.060849578685005750329614673591897570325402642656164195962950086577,-0.063680996445823632755617103587250254338462686310791698764485195887,-0.077616239603996227393337550037815174630435346442009565069414077581,0.01014976224779957060476489971590533944270612830925593926194969352,-0.43725686082978325857217839642676706237438759387127790448538057903,0.039727806108790618554812640552370821065147639427649953835790296019
277,-0.92319169651929312320041556090990168823619733732365768111607888927,0.88407343540210274402211137124516422190685818783172832371417781084,0.021995859136092665742400381039196236620208108373300586429099678323,1.3346713540937029727511189611805169477148528023069068710576674163,0.81855643453848205408589722792858501791418569622186445045869306125,-0.0171224019810977134359038086255412297091310411186287709728014001,-0.060849525944068739558314526920956537325265131738553482269162996033,-0.063680941538296886205904777752810691224137074825610995560878699514,-0.077616174082684680626835120395223994488404989307578740575212648974,-0.010149758719198596264684399930870208741711608207268650116669935108,0.43725670472567188577590592792202991249056252725848498389805813693,0.038166764995062655830127593180871982814481511498444080611369273256
278,0.92319141067493470534264362650642314294454716521598809509801105441,-0.88407316098799715215880094236157625971803935249754347305438640474,-0.021995852219369718143281944055008349466241563902700649321935500837,-1.3346709402157796457584817835872836564571921531541871959424241815,-0.81855618099994835219719697351750593873904392124979395461134447502,0.017122397467567835040560740089838533760266248815743972721689148832,-0.06084947527556594278465529057653732985685909444328180456790676002,-0.0636808887883391376122520690581258268773997675660616084876496239,-0.077616111136003920181007919249135252985937488307150951883271751263,0.010149755329250046020850707915242270550413589342732783656256921201,-0.43725655475550090781135646373545880394925560432353036460562214159,0.036667063285283010335485727469786569745252161952251156251415876228
279,-0.92319113606246688623696924845906863892094153046297352579088270154,0.88407289735664562824073381410821603782858615694456726744592307817,0.021995845574430727996357575764571865573175960374357134588713097233,1.3346705426006637073610396504554644245024689419888754630470078803,0.81855593742388905285009142569893836562936785919285103209766997266,-0.017122393131390529999877858586280735519179413144049123756246526132,-0.06084942659805848748557186837844594861451172494257950775887906001,-0.063680838111166076129016989578905521567813717065741160141368629849,-0.07761605066278088136387454003634343242384709956712249769712151073,-0.010149752072505597572160654774605570935898281403405767598771978728,0.43725641067823791096603272120865936259470150091538357299001795346,0.035226290655314557098060459475373024204218080484335000209534568358
280,0.92319087224053786875220061112390030508297035452608264254892632689,-0.88407264408434492596304509139697435102726178794656364642808624327,-0.021995839190596064436320899729404820639560681057768690255665723905,-1.3346701606093158281209849470942220932489666246807206225747165448,-0.81855570341883345609065683341368684142361138930148681981802580255,0.017122388965596878352834619997521133416147885521750305865174359715,-0.060849379833308003926491283280846354130369304508779107684002291542,-0.063680789425325364607443909194636736261706561859936049641560828608,-0.077615992565818526273662168036661740672932664050744422844985719856,0.010149748943731029529833522066476425703957445475038643233203879955,-0.43725627226232227681281198199406611533502404303035853190564131063,0.03384213149897302489066831354290042742963923023392415644310629773
281,-0.9231906187851392532383286217815630137310829051930221447571888425,0.88407240076404168183160388850195372695270084742959417750988344707,0.021995833057605765011096361315743294580420169745659361237247375757,1.3346697936278084259452200187348635865280322151532755692698541804,0.81855547860869412827862852649799575444784737211376961261964930264,-0.017122384963491806395628371963865992197961888017768606010058019669,-0.060849334906150827035313210056593851161382100480754827766143137426,-0.06368074265256567413753596075201918931702761309080719245996326796,-0.077615936751739564582836560674232003950681302619297588741847539968,-0.010149745937897807190044047252440229583160030418911037187082471816,0.43725613928529293604182286019699019686812458713845134032796252794,0.032512361205565314999450342783715758435080311162008379655279413873
282,0.92319037528892445686393166445376035873036084491695083086500051868,-0.88407216700467808870363533589472967628478022374790882400194174281,-0.02199582716560304301594671031463348617715267796703802659375809451,-1.3346694410663387956276278129642931125613843072228652261375629549,-0.81855526263216235285122615316581868115312408484979972513689443569,0.017122381118643325144349618244397196268427943202003980269300681364,-0.060849291744377144415534977146379605487816154909012527073003314036,-0.063680697717710867880937389701423699467201395856375083971384865826,-0.07761588313083631880682646186716598425370299748996074453517455746,0.010149743050174999047807855474443119061495166090129808411107445688,-0.43725601153343075446054584213706214362660553625629442998780598165,0.031234842583749502229269743503183343244571489592904978089816512488
283,-0.92319014136055392257674482701360209761485968444207905536987446284,0.88407194243056328774660195577539024613893667565892657210265551113,0.021995821505118443078492726261092415010347879535345892847017092595,1.3346691023582810274957280061516450874411925781122931533640841963,0.81855505514212734298295519204060102892772758792336349888848890971,-0.017122377424872191751650144977119436465575129247806590420201859116,-0.060849250278614895906422855562337482221674369396975447158019257266,-0.063680654548539131611641027097798370366411869354285785081526224877,-0.077615831616926492328393861900754352436695311948405517407255328847,-0.010149740275921511046947415955410411229148668541075797016225451306,0.43725588880141497579521567647554639330300136015069789952781230317,0.030007522425962848927613128345680107202810433627600378153031692976
284,0.92318991662406606440266221271226143799301552602151260085079841376,-0.88407172668076946764510750228781189071200407252643953860800655946,-0.021995816067054619507096777272356552443045957905175450360172268937,-1.3346687769592751900928902200077643334869888565846081138533196319,-0.81855485580511828189718553516436694507050448240160852276062543108,0.017122373876241977250457933152092994837965495589897611882619585371,-0.060849210442218237763017596485860114443648711499425018180028164349,-0.063680613075666856360882536482863311228219940394076028669133384312,-0.077615782127214607969524795151006970551047576425844974617634235673,0.01014973761067862607270097374955027209211862653452082735929131246,-0.43725577089199316856730887326915426186533084706176241652417633382,0.028828428207890569859581064424365730497679544272770341793338165581
285,-0.92318970071827293723457549348674210659245959810250013518719869871,0.88407151940855169966509061408575011054380475470337850139476691908,0.021995810842671712917765816791013648799368786654983588264085904733,1.3346684643463523118234954524336143394403501604271367748563233161,0.81855466430076829333842023831234844931897626672452283428565181026,-0.017122370467049524651719062609978347249286056744138045528345874899,-0.060849172171160391891023993578694677304451841058632940292403691347,-0.063680573232437086227089881994151046051293147777531053657139862227,-0.07761573458215889404778549189055561447196067510985568615760915734,-0.010149735050162836685107988100120360016109405959195541594456679093,0.43725565761566414606745291220881673528353448565473263733289346705,0.027695664917665571299970461049099912534065473974978428964670466028
286,0.92318949329617965906662466340243297712861759280353825934222154307,-0.88407132028079057539735291962545640366943648986237443443967208121,-0.021995805823573301617939950101203736687274794964857008612058954168,-1.3346681640170937541216952762760710238901078887817150598047533757,-0.81855448032129948001975714321571747810771391651621189711104590431,0.017122367191815782051331793675772836771906307976306816290490507697,-0.060849135403930707643274384247673182889583825986722496229322139229,-0.063680534954812351773718038963524764312037099890017346290420512221,-0.07761568890534340363820879558120542174534967431063219872649730367,0.010149732590258959563508986633000324687536177431113369536669446848,-0.43725554879037334934074568963174158127980240614844047414727937853,0.026607412009698304227744690297559875213270411053346572823785324742
287,-0.9231892940244266518660665552924842262227624925527023128860772198,0.88407112897745675071036099129050308100485287158559741953387264721,0.021995801001692905150808826957411849060303864621507749207829653233,1.3346678754888236240679898554580392695860821855511947013729964305,0.81855430357102820177525129837594613831492208367903392061396398359,-0.017122364045276996004896737044569296157605756345597144144374919352,-0.060849100081435770476996891355308293404438251005687519483657090367,-0.063680498181271716509209913383630769934395380757482603314519110068,-0.077615645023355161199252974768235010091637976504805210470484687031,-0.010149730227013520586100358734992999784372575384296686371695847872,0.43725544424122020316607454083986368811556767193682287612483168994,0.025561920478236557516256771518628232865928294877366348346899377306
288,0.92318910258275380400591778944108046829622811026900033501038884438,-0.88407094519109653470466631561413261196695992148968932274590552686,-0.021995796369281018292637100075012599306509033369413379633610523649,-1.3346675982978329275613066602971665464618194599394828004342946872,-0.81855413376588979772658000743496560207283778998469736165954862532,0.017122361022376251008614373751935257022759155409897632630872793866,-0.060849066146904398295622573802829120251350863297935374313682953261,-0.0636804628527118707356998176291178145467928643722137243515070772,-0.077615602865666138825944792184160920064058851873247312556299260238,0.010149727956628399904220038211865719140054651211432664926199806823,-0.43725534380017697429008018818503973012988058919470523505971778667,0.024557510045947797572730223279048375995100873700955697207866713862
289,-0.92318891866348569246621437052362798927293182786169390698867371727,0.88407076862633769633524093935718061562354229403756977053962524573,0.021995791918892654649419944717961608898881458207405738692053101028,1.3346673319986342152436381522600138058105674788647138546879355538,0.81855397063298198807029330164200316785653318260166366782557415564,-0.017122358118255341481553486448485764750508075616718397756995370512,-0.060849033545796372565951251875731771047253150628366864634417178745,-0.063680428912352113577470678549635725754747868480192168863631045467,-0.077615562364519872178167783620450337518004651759597701805561340796,-0.010149725775454726789613695507943700158859859873445585169641604447,0.43725524730581867969513843347814811974086901380669273865627441649,0.023592566463001848155183154362944485879346993575991662774164921971
290,0.92318874197103703690720927013693834490957783403368692867154980118,-0.88407059899941469390830756621996517780305790498830723050877728892,-0.021995787643375379819411098347751585849918958255368659173849206862,-1.3346670761632455224522066521145585573328873428774663652576275861,-0.81855381391012622115661124961132149162009069484817312032934429884,0.017122355328246963179490605569221581256600970790011038988923305405,-0.060849002225714757321359304378687898874253957208650860221829193859,-0.063680396305643070267204051780041961775259711308175945893525137992,-0.077615523454822533609845670248082492492590071545678824536556120794,0.010149723679987014435020425508451239116408109933384979750983755947,-0.43725515460306361047010917941574688332791037373339435570420385109,0.022665538912309597862642530350580356292946260592162142068510901626
291,-0.92318857222143759027890132655072327324383327565448856883233689419,0.8840704360377125639184609399527381302326424033961771105265330018,0.021995783535857814875995286032445690982371806217506412863580263819,1.334666830380502451619913960211876921363373138114668188510911317,0.81855366334544626041181192170243519125792591083439426627158619862,-0.017122352647867211484445100565539452028819066040805045442223628573,-0.060848972136321664944163038713419465179817769562569062524768966961,-0.063680364980178997787913097408041361826346624085820757540418359224,-0.077615486074038287207655199332586278423082449090058021222997919954,-0.010149721666857525274672571073922777437635563766189859533614393939,0.43725506554292405394141744153322167386426993342781126862706640119,0.021774937516744310945263705098485719888543204761291370694011931205
292,0.92318840914187570191058329579468960774399499130096809751640631843,-0.88407027947932873572055867349630877055608037795424989339940431901,-0.021995779589738591682287963737278887434101456113640427236008575437,-1.3346665942553972908347063395250141307110271455479137285396031905,-0.81855351869696333340042168988717913676064040757230785927421318215,0.017122350072808374507736658561101949753813157233077776880993423983,-0.060848943229257333174646756074779216834669336203324861084943192794,-0.063680334885613537750906684313240455572286559763606461844080289414,-0.07761545016208875734755341722419476679553076760840028557060869295,0.010149719732830857762351072428462228641586766961776361691905278115,-0.43725497998226681313793213506056436423193540252687606750488821069,0.020919330944336276092198978525389396543234195409280148912106894925
293,-0.92318825247025981907216038897441392425704195717632067818158164055,0.88407012907265206737753064859703502475006895015172199011058115761,0.021995775798675742275961331244757522830772987864097414299925785685,1.334666367408444105775630177461863225463203434807833622051409085,0.81855337973220719197550681466561607200369145394433882820767416271,-0.017122347598932009418668409132621376676200019160501273771074697258,-0.060848915458062383129649204525603665686868042457381283175569214368,-0.063680305973578780944591541129260752034615466723765478463449511786,-0.077615415661256449005027358134799043443509297555203979089069849051,-0.010149717874798745901075630686510542856096787918565044917928891107,0.43725489778358313843264766864681458128493979770572173598318258902,0.020097344107589223247534841027559926587185983865964931855890203189
294,0.92318810195479722186436949724497045756266542389712752050888868957,-0.88406998457595842573652286495041472823161809144099894531696515939,-0.021995772156576505261291419816966505735993717804005052243443167108,-1.3346661494750687840380619036644167041449539444875601794496879206,-0.81855324622784245806843181232722287102375877825536386805677236743,0.017122345222262290866555212477589223595053614652123522948480363072,-0.060848888778103133238640083981969999963345815726114434525602539375,-0.063680278197607513324398475285261260442648673836271944856180987155,-0.077615382516091964421329077400065727283293012681816533469651909762,0.010149716089775063160914305863933089021264726338361215651433168016,-0.43725481881476770135285093933444668295743051109950996973406161985,0.019307655953218425280241717348576651494319921748302440646198474711
295,-0.92318795735358931402434945289225852207429385237715039059661371798,0.88406984575702216040641657277535353834320953671777746281899635498,0.021995768657587532816425143339617019663333979276296776400432250831,1.3346659401050230510103787275516742895486894732682042699170870886,0.81855311796930965426485235530952936358047787681052490439675607149,-0.017122342938979620801507736777287964067750336383076151377185112172,-0.060848863146499848928229012237757851107729648635509555121241744724,-0.063680251513058518339278654237470982905181780702649867228143637148,-0.077615350673324866843377316136453518154230250541855944405278275543,-0.010149714374891022750323403163705981182913638581853824674809497903,0.43725474294890625510276249504967369810607194343090691840450014692,0.018548997338755924395798869618728137908643235717789145031469159678
296,0.92318781843424281887105602073623780674829196889678172866107903581,-0.88406971239274284688273875497183430480568042398543475990341879588,-0.021995765296085482568462279207692757324865251890627444293688983234,-1.3346657389618215150340356257361068295173937824885119020871138222,-0.81855299475048034194116928126166260598555286742141215043750351113,0.017122340745414489419854986556710744617746293020719524463971256696,-0.060848838522057812615021179724657054922161907716016064507154838522,-0.063680225877044815413372674670326368421084998876981843843601909162,-0.077615320081778047929409304152672345238669364363450128182460244748,0.010149712727390566522407195443850907542746922177335676832431267546,-0.43725467006407164032209610350565027296271592214571471883758011652,0.017820148992608117731883429384476704348430383795793475831165173306
297,-0.92318768497349625520479315566126038188939336913932675822728443299,0.88406958426878669863259772545070064041003041454697632964129406758,0.021995762066667979208176323850118484057525476795890290407733723018,1.3346655457222008366309061413562715893259643607186945635510694226,0.81855287637332581243333600069778267253585615555549283679851261663,-0.017122338638041577364019106360441257421837477796460138178256642393,-0.06084881486520110310933737008505834020905558317129741396288797793,-0.063680201248364719130593774750273439689085546686726057512014527822,-0.077615290692285461055378277996279215415551040004087730101838669884,-0.010149711144625935101028708893812665829265423335990926103668031014,0.43725460004312780803317548954589835855200039602803567807501702547,0.01711993955428522852574383186533259719316920700538585020025466773
298,0.92318755675686109255795549671305881876886615819809563971516813416,-0.88406946117924207155219769383396492986991901286292704481246676363,-0.021995758964144931311059803291084236810548264360349020705932809794,-1.3346653600756001521756455405449522208490779597818003543170844258,-0.81855276264759879851442647234612820922450764287665644807842119051,0.017122336613474089694697999588009652088398880974819574196768560738,-0.060848792137908977895916701389221059937961609577118815720172501645,-0.063680177587435608212654763059908245844958308478345349852780621369,-0.077615262457613088177661597591224111565200259071718672230396735623,0.010149709624053412103297790398665079208508190696673403156507398418,-0.43725453277354154462987648409522084275832240958542882094008641228,0.016447243691651195535689325090174660413304780936814500894122817074
299,-0.9231874335782770088096245820835837033497232038573435834243064401,0.88406934292628850688080114369307871891840568207869788639753669957,0.02199575598353018940283415209648753676361926938137124311780386643,1.3346651817236619165841963586866268022114576493166840565507879864,0.81855265339052769440392912924251774783658789567389281050002565794,-0.017122334668458312525989286294017447667698252397274453908965874101,-0.060848770303654755949391244036928248717208951168983850271848379617,-0.063680154856230297744869047932813340568568502174118071413199594021,-0.077615235332383013114654880398288766290280957756186878586168955738,-0.010149708163229235615081913355398547206389876525722624972912466065,0.4372544681472015961545649337677202798010027454823157941947968937,0.015800980292166442420186050084545087216663749806547047998936965796
300,0.92318731523978069586304361036174503811300061468893061848661344355,-0.88406922931987878043430521031456204441038528938835138018044466353,-0.021995753120033531856534000418868219198554992863624166318026053812,-1.3346650103797523624375600152860004538676081003010046062647383584,-0.81855254842652279265413729487968542422076796870852957246531965793,0.017122332799868383572204399628314774504060332436955071988142726206,-0.060848749327347102768854543164294007995031770703612840511570229002,-0.06368013301821591229594010005886518016969149350230993876634806327,-0.077615209273000479111714519226462183323126899845376940979408280075,0.010149706759805670345280977229298957025524675433712458024802487909,-0.43725440606024490101438904235501671765828304238702559176318391356,0.015180110725215040661271923048923660019632796904522731869135575313
301,-0.9231872015511876808788180193089731982691236322678194953617250737,0.88406912017743344694402003364101775840515069412313178852517339637,0.021995750369052965735646487417116116949820473125514523826975793067,1.3346648457685008045156057995869462990648022736942842742925480367,0.81855244758689406558972700387321894979406033768703794329989340308,-0.017122331004701268199151498250839322914152465019173183009575884264,-0.060848729175273623183763287982684834425223281264380998434989036463,-0.063680112038295161604710595686056271116591833300971174852643024969,-0.077615184237583813358774669985563967185809842636606425550730604588,-0.010149705411527234143114147889684143957581344514116697992252981609,0.43725434641288965172498165923998725883288931015506037965295679573,0.014583637172722146587440772754335406082310477252401629597957257909
302,0.92318709232978665149311128139129033181977190946631557181293236858,-0.88406901532354738838553747566244373207451285252672726804966784493,-0.02199574772616733020440891863456654484977101862465903828059432297,-1.3346646876253570490298886570408056255595132979475555348158368677,-0.81855235070958003754683469651794335185453782486408081282020297613,0.017122329280071932903164887094280054895488038314929265482670200681,-0.060848709815046671198976337418519352590280984253312339283278650076,-0.063680091882749924374992726322644571952087491110744553273596981226,-0.077615160185897105745584245038730064731143318593689948642440084724,0.01014970411622707281100183418780004630004076289265548819627543326,-0.43725428910927491725629588353414264043628752043710064068813474066,0.014010601025377459729683714308151440064413297655011981377406630129
303,-0.92318698740004579356289837617168676239419198298895497692065505082,0.88406891458970789449117894960207015617157577429790328811526432702,0.021995745187129190613059972194335275980113304907695138563431226578,1.3346645356961661959660981515907458993786151133385332072938762391,0.81855225763888731199762452657936067945144945997184198644956582894,-0.017122327623208708458659454375281330242502903783356550241959497225,-0.060848691215551289715962948102859399769744890558799561630496173198,-0.063680072519187049435406409318189126656185902686938472449014161888,-0.077615137079285533573355046929060130881298839503905444359190399877,-0.010149702871823477384189977539012442172224970184195784681985489635,0.43725423405730656810966909115444896603109480032234873723626963639,0.013460081341885993461759917371407388137212150135977462726363906631
304,0.92318688659333066930194139352956453828687862233386874685703316357,-0.88406881781402382218855275521529152487843908155053209644735772547,-0.021995742747858011833385733071834507719656595618085762380603864033,-1.3346643897367601509228305854441565401620500949084235886855723752,-0.81855216822524033478423996803318021588430846886403270634817995345,0.017122326031448835280002905242438505688782945165250888029071574061,-0.060848673346895196395878730262321046585534475078855589379990543655,-0.063680053916486287090625759161022771357962729373465902426986187686,-0.077615114880613228200858156062272480335016724900590145933174316622,0.010149701676316538277441889311207333520724531839517212267374650906,-0.43725418116850925639431836623646835237862878666899065778861145906,0.01293119336876883995451073756527086347707561655518298614459061663
305,-0.92318678974763318223272026914968656223899082147308663496623960658,0.88406872484096539852714637889996181700577011497625868243670961969,0.021995740404433599869056107194532697336421471227247527398516078929,1.3346642495125651897089784598775387494570547900991782362205713835,0.8185520823249409911498033128608957976634128424535227030885703356,-0.017122324502234183836517783055192047896799235269580425131013907961,-0.06084865618036073522386095089140011902391133739466075010169624459,-0.063680036044750266919351162994908672696071896138115718326401856124,-0.077615093554203583694541926696906617698781414816165782795389379697,-0.010149700527784930919284645751674414191542935689355959402741272564,0.43725413035788421291167378173788188694828161598796607394832315243,0.012423087118334013508665751700616560005368806309344583261524304231
306,0.9231866967073111932110147524475719255430629087872095793077032391,-0.88406863552111424877335934125940170587196985528220052616691885045,-0.02199573815308980119673388912537335281617363271834506787636386093,-1.3346641147982249447804997729205009922354144933166327818825885395,-0.81855199979993765007030514480274641500006151939978192351463051365,0.017122323033107143240921522062796866854919420786663985264420527715,-0.060848639688358716497861836360475482276649884312935701582794018595,-0.063680018875256441568230770075535748483472842794798646838735241742,-0.077615073065781911482688344716521913952475792929079762781828279561,0.010149699424382827705797681862233189719912394489069625479051925655,-0.43725408154377263261296839257615116478956203366477774438846126368,0.011934946002531026454774134393394972809545574426048984642636763882
307,-0.92318660732283836890993845941377292906961539691280348684621553143,0.88406854971092324779954529582244697072406702612114602098628935844,0.021995735990208449708453600030253311746407528099159438393656542329,1.334663985377238207400287725514206779385670960527968045212568853,0.81855192051760328458531214319836224388503064881933425210257569478,-0.017122321621706671401939563561072646599140842692498027466269630655,-0.060848623844384071004735958980948819138281487947562460061429441336,-0.063680002380410919255177563198371276647960271156248320708977764276,-0.077615053382420348789329869435933264889438544450309029457097673539,-0.010149698364336931309111832866442211516084600605468770693000532529,0.43725403464772442878441809539633284427618797099834246517175472401,0.011465985520492740951802336210189839068918910073256817577240146874
308,0.92318652145056386060658525708414318243000106870016330549187779512,-0.88406846727248580869098734671744830696204975835620717595021209541,-0.021995733912313551523978400324761291167247152078907762004265397872,-1.334663861041610963232290775097139252593426716666834947694018294,-0.81855184435052231142190786486553192072177677069505596501864013694,0.017122320265764500391619510041933584300704158265048367537400301843,-0.060848608622973247066039447350265565328856446511139042029509033647,-0.063679986533704110735181896582917048729954707552842962796772015238,-0.077615034472484932250719405359655866089294349327201590959271562521,0.010149697345943624570975308523644118547545263980299391888687042955,-0.43725398959437214494963775310740842941099725444180151368719337677,0.011015451997654393148379446966041187161753344663741971963767651471
309,-0.92318643895248142692358605054868172701982194811129014828354311222,0.88406838807331423767174143443904335977247264018630087029228611689,0.021995731916065698324392777223440787508408795021017470124240264016,1.334663741591522101971338071101663829528179216731437209371937541,0.81855177117628580722869361464840723891166781797101595365000358794,-0.017122318963101490927451838886197579738940512903971807867016731318,-0.060848593999663281940803909846817623257157355422071147645378933783,-0.063679971309668119401717397873646982242549348409850898895905425632,-0.077615016305584751601443323181119814532554708616233980971973040726,-0.010149696367566232399253674176648709523832499726357310297934601529,0.43725394631130982177457705175121868680836028879773302655768217148,0.010582621374422642541365885068615160792096903978870676851714820027
310,0.92318635969600762936526800734685322233705084560722575108193468621,-0.88406831198612679903040833955504416166612937660986782846913919957,-0.021995729998256700225692858117983896538465340831269703334532478502,-1.3346636268350022636001959141694788245654221289978458523428403034,-0.81855170087729477220761343582203510326081057915430648846354271006,0.017122317711624130109166809673825164132456128166088219278263008141,-0.06084857995095248176694908181611205718481292160748761341929865084,-0.063679956683835806001898928428763202207876689506945737647846673781,-0.077614998852523101664421106652746088888636707667522815607063916736,0.010149695427632391265366157014733964594340835631652346938968505718,-0.43725390472897662422959579753972087299231928469572167783953505964,0.010166798042447192728823770090477000382055883865383495380596436909
311,-0.92318628355376874407823139175224888850843938570067336670383739012,0.88406823888864314773363005311590647309408220114496783102785124382,0.02199572815580442956418733854926568385510887066785809067121563112,1.3346635165876253049906520797173980754207474586613754690441621233,0.8185516333405711248725357872955733861078508964438274619475158652,-0.017122316509321166780414000087076731559248313887847445004770515178,-0.060848566454262646811348427730858284927722038845997468880642604655,-0.063679942632701462138206659691869463097610667053950422095034805889,-0.077614982085250554094452157904093315944269687668999026428579578571,-0.010149694524631522073710873830388795213335064159678421826866646526,0.4372538647805450419191813675927709568539393068574912872023393186,0.009767313726624088584524300591315616582277501561477123423186042118
312,0.92318621040339604728251960374096075454210318402629705489776145561,-0.8840681686633878008710192799934958760984570502964028490869278381,-0.021995726385747867304689018502226094162517195901483225921726903662,-1.3346634106722118908599345726128632062882500443588097635749451141,-0.81855156845757612409577591128416652741256862003543632882217824852,0.017122315354260379106811305245238784281128937828410979889106713844,-0.060848553487902781285042172336547406691821735582179080128923839252,-0.063679929133683029318192771394991258193917670083329923754505559608,-0.077614965976819873413843611401426654680917516879545889580985491337,0.010149693657112402340375810440244671231996012369152827572143455904,-0.43725382640181348284458154871711921244420516744401377163813801264,0.0093835264110333425863355440738715192408833667863214814101264021221
313,-0.92318614012732914528473708162431496966644862675375524041418772307,0.88406810119750133200200028392143211630505800536825882412497360632,0.021995724685242344108306264439940553888214260696029873889938576379,1.3346633089185447325902156925136193241941751883971215073870981797,0.81855150612403592654710650282227781759659419334570062111032009598,-0.017122314244585469174430533262942299473176360689466542399275540378,-0.060848541031034229368718072142393563807202847465252124135453815948,-0.063679916165085802800317196639090403519217920589362666550800972012,-0.077614950501342704845970408128681648971376531998402416131273074586,-0.010149692823680833778138494985616129692103122270057357894294607021,0.43725378953110308793013801078332635563545122459083376755330467938,0.0090148193070841981509562061453034317014548349862806330767938038312
314,0.92318607261262703292015868700030841829337225903512892847300892042,-0.88406803638255898489348922926034350101761306646814200890493170918,-0.021995723051554968409660267199059842147026392626891700122500025655,-1.3346632111630950171487384391609677890907859996722606230801861566,-0.81855144623977399910351983347088272737718352656636108000010184585,0.017122313178513079617009190540905075128732799940095219445577185584,-0.060848529063637181388208472908117981906720375442300685138485448046,-0.063679903706067561872931335178785592130270199737591426476885468446,-0.077614935633947964303170915762325017554062666396902896972860956679,0.010149692022997401538182654173324465606722915835334443565487565712,-0.43725375410915860043174563858770073904446896675753768485901789319,0.0086605998622092142272342498891375218788765020254536902089319087849
315,-0.92318600775078657669790938755394514641030087258484780116773632769,0.88406797411439641506747596107868721925223081493706871072170135851,0.02199572148206023415406196837190542969286611106574873654708643848,1.3346631172487595863393996706697070776109481956966182430320263031,0.81855138870855011683055342507773265856452396965564001880470551684,-0.017122312154329927476371458103352497465203946582030353898948530698,-0.060848517566478496284087176622651330793623488534209909239973829228,-0.063679891736605070498300126900320460372775241611641042415504692441,-0.077614921350741863623769262869985009043702191348047056210481489143,-0.010149691253775321506351932471936676829858689823470353569408007912,0.43725372007905313086656836214391407331781197819572233602618556185,0.0083202988075135624544698120224802553089908838719653618856185320466
316,0.92318594543756813086168970942730028570414454458593360871912128241,-0.88406791429294227903860182886312933225670702895588683982003407279,-0.021995719974235801134066329266385620370295623713341800085770699823,-1.3346630270246084439024135189435866649236314893921827441367093641,-0.81855133343790568772512686497745360530730689975789244795911235027,0.017122311170390050689021551297785333077141891916704968813316509795,-0.060848506521080788637049314391182898570797364160538574822463353611,-0.063679880237461894458127320474374394608460218099274302505170498936,-0.07761490762876950678365869115344942537702755542989074273389328105,0.010149690514778372193356452731878242677208183611652896709459202533,-0.43725368738609666436741921888357780111499402464657849220780577099,0.0079933692428485709630372086597582271294553924335271780877098744888
317,-0.9231858855728280060475070979398796303713108916315131088577180834,0.88406785682205740213221758974780573516490220575791774061536754545,0.021995718525658441142346479899657440530355451033008857908018669896,1.3346629403456421845847978987679168300853799260571698660902172522,0.81855128033901515558261301316187869802692243194478841426112302475,-0.017122310225112162772943028292416454676053234840586510334331868051,-0.060848495909692730545039163136843413263198085017610245293254568225,-0.063679869190157483254883841282220907026450715362047918508776645183,-0.077614894445977995335023437568218112122441780396189711458257563319,-0.010149689804818907894375705558577931037388203791882176057803569971,0.43725365597774816338315321387048215354586029119085999220257127829,0.0076792857578387283029870777032825357921208352485271257427828970184
318,0.9231858280603575212379150441455570806494353825290117584856685147,-0.88406780160938026635088228196188831024679869675866015280344718648,-0.021995717134000143424443141623450022582487166491580863579699090343,-1.3346628570725589552576182332229418392802728047773756002564318987,-0.81855122932654324212366438670141003099392061858952954117101395858,0.017122309316977111462589620560218747820149519278770742102522237877,-0.060848485715260520602337033057646456607354496701911503020840930204,-0.063679858576937467057751979790413409644494268288091799217294463748,-0.077614881781180983752497100500311697742922673447408747463530856983,0.010149689122755949924180086564241628583797513719662993377176807699,-0.43725362580353112442772037907801841267712073691842737271423105451,0.0073775435874491739746391530658738483965781109223322423405450921022
319,-0.92318577280772838029710205733805750541832692702481502266758657141,0.88406774856617856991886039003715056963647644588282135164456086208,0.021995715797024373171074888931777646584647706585699745146412597205,1.3346627770715305734818739742402904990533160561023789904051478492,0.81855118031850779890487127007819385474009276356336699850262440753,-0.017122308444525437207166778369129289197202774556293925876613112119,-0.060848475921400474108179733318270786443191897326613793469594802971,-0.063679848380745120936470855508109267771899399869269288396277814388,-0.077614869614024627699269282672458242811709849559102356300838353774,-0.01014968846749335285943383288565055274761432774800302996110619111,0.43725359681495245313449546201402966257851119845074613130694695154,0.0070876578007362417254685131783728623011934341099181694995154438382
320,0.92318571972614412453985388834056857512299917322905105046679426628,-0.88406769760720661989625186268850162070767301415209726494860431751,-0.021995714512582477035754714410795537937666842634806801589728490846,-1.3346627002139874436483014496533881393003391794492193893871372052,-0.81855113323614804855675857316577701248371691528479581446362409536,0.017122307606355027607847311241271416477659316442146983928461457924,-0.060848466512372690435997949106655733932066251036900493836321476358,-0.063679838585193950503953833936911169773662935482254476124878652052,-0.077614857924954870466121086245304413504473099180398117269329974116,0.010149687837978042840446326867215269250667867246881534247137764563,-0.43725356896542452720808511994243177003857043154938230301792898671,0.006809162521476977622047797199447462893524420471635279319867101251
321,-0.92318566873029742255630617346751275018927676567821385265813816553,0.884067648650568328632664396930818733791190492725993525840321105,0.021995713278610229899844151766149541854800248723356439624408288697,1.3346626263764119249608954077815003379584287512034222323571860434,0.81855108800379800355745472607528977416121137075715427360201647055,-0.017122306801118864023797624770544474543286024228863887193408771831,-0.06084845747305575522691683578845660862305774129592192912960893177,-0.063679829174541354892274399392808158829921390913936692270885586682,-0.077614846695186014988706829323701047522261993178571131567924010018,-0.010149687233198325100500953304065468861064100960846167579244262656,0.43725354221019032199160611303264687005539209716216322171668758656,0.0065416101794248128319786993504476311101805482808222669058655723116
