a_exact,a,a_binary64_hex,kind,main_window,closure_regular,scalar_defined,I_in_reference,I_in_native,I_out_reference,I_out_native,I_out_api,reference_p_A,reference_p_B,reference_p_C,native_p_A,native_p_B,native_p_C,api_p_A,api_p_B,api_p_C,native_raw_state_error,api_raw_state_error,native_p_B_error,api_p_B_error,native_raw_state_limit,api_raw_state_limit,scalar_formula_software,scalar_formula_error
1/2,0.5,0x1.0000000000000p-1,main_grid,True,True,True,1.5,1.5,1.405703125,1.405703125,1.405703125,0.2723559161896293002834435613849830489634858000333463013394097704662924470627466236869893847607402879,0.4552881676207413994331128772300339020730283999333073973211804590674151058745067526260212304785194242,0.2723559161896293002834435613849830489634858000333463013394097704662924470627466236869893847607402879,0.2723559161896293,0.4552881676207415,0.2723559161896293,0.2723559161896293,0.4552881676207415,0.2723559161896293,5.438959822042073e-17,5.438959822042073e-17,8.018003164281441e-17,8.018003164281441e-17,1.1956235173949613e-10,1.1956235173949613e-10,0.4552881676207414,2.4668880411556583e-17
51/100,0.51,0x1.051eb851eb852p-1,main_grid,True,True,True,1.5606,1.5606,1.458485151387165,1.4584851513871653,1.4584851513871653,0.2728815847668868733197875688836165915090448406960851219882595868440318985870363447968693604935577942,0.4542368304662262533604248622327668169819103186078297560234808263119362028259273104062612790128844115,0.2728815847668868733197875688836165915090448406960851219882595868440318985870363447968693604935577942,0.27288158476688684,0.45423683046622626,0.27288158476688684,0.27288158476688684,0.45423683046622626,0.27288158476688684,9.65016598515178e-17,9.65016598515178e-17,6.778570623016558e-18,6.778570623016558e-18,1.2176775858593902e-10,1.2176775858593902e-10,0.45423683046622626,6.778570623016558e-18
13/25,0.52,0x1.0a3d70a3d70a4p-1,main_grid,True,True,True,1.6224,1.6224,1.51200113299456,1.5120011329945602,1.5120011329945602,0.2734190454641990004430276062249551701743756273532822831640046500020791884525732764680289420285679624,0.4531619090716019991139447875500896596512487452934354336719906999958416230948534470639421159428640753,0.2734190454641990004430276062249551701743756273532822831640046500020791884525732764680289420285679624,0.273419045464199,0.4531619090716019,0.273419045464199,0.273419045464199,0.4531619090716019,0.273419045464199,5.879694686338985e-17,5.879694686338985e-17,7.864051817074122e-17,7.864051817074122e-17,1.239634552619013e-10,1.239634552619013e-10,0.453161909071602,2.3129366939483397e-17
53/100,0.53,0x1.0f5c28f5c28f6p-1,main_grid,True,True,True,1.6854,1.6854,1.566233875486285,1.566233875486285,1.566233875486285,0.2739683813310421380615549346950095550588428426873417025562584260747328500197638338196070137169216847,0.4520632373379157238768901306099808898823143146253165948874831478505342999604723323607859725661566306,0.2739683813310421380615549346950095550588428426873417025562584260747328500197638338196070137169216847,0.2739683813310422,0.4520632373379157,0.2739683813310422,0.2739683813310422,0.4520632373379157,0.2739683813310422,8.413926703720969e-17,8.413926703720969e-17,2.18025921339501e-17,2.18025921339501e-17,1.261492658982179e-10,1.261492658982179e-10,0.4520632373379157,2.18025921339501e-17
27/50,0.54,0x1.147ae147ae148p-1,main_grid,True,True,True,1.7496,1.7496000000000003,1.62116595876384,1.6211659587638405,1.6211659587638405,0.2745296771575456751602850468228052132802485517574721651202920592010828008638982989230273014100847694,0.4509406456849086496794299063543895734395028964850556697594158815978343982722034021539453971798304611,0.2745296771575456751602850468228052132802485517574721651202920592010828008638982989230273014100847694,0.2745296771575456,0.4509406456849087,0.2745296771575456,0.2745296771575456,0.4509406456849087,0.2745296771575456,1.76505439241477e-16,1.76505439241477e-16,6.446198461442745e-17,6.446198461442745e-17,1.2832501556111588e-10,1.2832501556111588e-10,0.4509406456849087,6.446198461442745e-17
11/20,0.55,0x1.199999999999ap-1,main_grid,True,True,True,1.815,1.8150000000000002,1.676779743203125,1.6767797432031255,1.6767797432031255,0.2751030194761138637926128449281519712836661641570208964562885528652980558456307236092106459010812892,0.4497939610477722724147743101436960574326676716859582070874228942694038883087385527815787081978374216,0.2751030194761138637926128449281519712836661641570208964562885528652980558456307236092106459010812892,0.2751030194761138,0.44979396104777236,0.2751030194761138,0.2751030194761138,0.44979396104777236,0.2751030194761138,1.9324149946636936e-16,1.9324149946636936e-16,8.912415796296248e-17,8.912415796296248e-17,1.304905302793654e-10,1.304905302793654e-10,0.4497939610477723,3.361300673170466e-17
14/25,0.56,0x1.1eb851eb851ecp-1,main_grid,True,True,True,1.8816,1.8816000000000004,1.73305737601024,1.7330573760102403,1.7330573760102403,0.275688496562399414637268783647076649155009819543708343703372245744088664381057706006807918337777114,0.4486230068752011707254624327058467016899803609125833125932555085118226712378845879863841633244457719,0.275688496562399414637268783647076649155009819543708343703372245744088664381057706006807918337777114,0.2756884965623994,0.4486230068752012,0.2756884965623994,0.2756884965623994,0.4486230068752012,0.2756884965623994,1.4525831276412362e-16,1.4525831276412362e-16,9.41815726201208e-18,9.41815726201208e-18,1.326456370720367e-10,1.326456370720367e-10,0.44862300687520124,6.49293084932699e-17
57/100,0.57,0x1.23d70a3d70a3dp-1,main_grid,True,True,True,1.9494,1.9493999999999998,1.789980797696085,1.789980797696085,1.789980797696085,0.2762861984355711619189931721684373118730911802987455880297623535657979866686533556425356606423781454,0.4474276031288576761620136556631253762538176394025088239404752928684040266626932887149286787152437092,0.2762861984355711619189931721684373118730911802987455880297623535657979866686533556425356606423781454,0.2762861984355711,0.4474276031288577,0.2762861984355711,0.2762861984355711,0.4474276031288577,0.2762861984355711,6.141280863527696e-17,6.141280863527696e-17,3.3184974602740016e-17,3.3184974602740016e-17,1.3479016397688154e-10,1.3479016397688154e-10,0.44742760312885765,2.2326176628517808e-17
29/50,0.58,0x1.28f5c28f5c28fp-1,main_grid,True,True,True,2.0184,2.0183999999999997,1.84753174866976,1.84753174866976,1.84753174866976,0.27689621685781498667773358042598635613480747510009843981147005921538827766866691329443592768610902,0.44620756628437002664453283914802728773038504979980312037705988156922344466266617341112814462778196,0.27689621685781498667773358042598635613480747510009843981147005921538827766866691329443592768610902,0.276896216857815,0.44620756628437,0.276896216857815,0.276896216857815,0.44620756628437,0.276896216857815,3.785016525124849e-17,3.785016525124849e-17,7.983853326525293e-19,7.983853326525293e-19,1.3692394007936056e-10,1.3692394007936056e-10,0.4462075662843701,5.630953656391035e-17
59/100,0.59,0x1.2e147ae147ae1p-1,main_grid,True,True,True,2.0886,2.0886,1.905691775950765,1.905691775950765,1.905691775950765,0.2775186453330038039178537349609129701364679395481995295149217266893779003292248666988576993848129294,0.4449627093339923921642925300781740597270641209036009409701565466212441993415502666022846012303741412,0.2775186453330038039178537349609129701364679395481995295149217266893779003292248666988576993848129294,0.2775186453330038,0.4449627093339923,0.2775186453330038,0.2775186453330038,0.4449627093339923,0.2775186453330038,1.006563606511701e-16,1.006563606511701e-16,1.0208042242754317e-16,1.0208042242754317e-16,1.390467955423365e-10,1.390467955423365e-10,0.4449627093339924,8.941880034972482e-18
3/5,0.6,0x1.3333333333333p-1,main_grid,True,True,True,2.16,2.1599999999999997,1.96444224,1.96444224,1.96444224,0.2781535791044688593134710848001313594234259593196285577732232025310146049394661764145328090684916244,0.4436928417910622813730578303997372811531480813607428844535535949379707901210676471709343818630167513,0.2781535791044688593134710848001313594234259593196285577732232025310146049394661764145328090684916244,0.2781535791044688,0.4436928417910623,0.2781535791044688,0.2781535791044688,0.4436928417910623,0.2781535791044688,4.7267784062754186e-17,4.7267784062754186e-17,5.648302648672505e-18,5.648302648672505e-18,1.4115856163645517e-10,1.4115856163645517e-10,0.44369284179106233,4.986284858258532e-17
61/100,0.61,0x1.3851eb851eb85p-1,main_grid,True,True,True,2.2326,2.2326,2.023764321669565,2.0237643216695647,2.0237643216695647,0.2788011151518008362661436964158533042491162597882564762909841083477759491017933587928185090875937401,0.4423977696963983274677126071682933915017674804234870474180317833044481017964132824143629818248125198,0.2788011151518008362661436964158533042491162597882564762909841083477759491017933587928185090875937401,0.2788011151518009,0.4423977696963983,0.2788011151518009,0.2788011151518009,0.4423977696963983,0.2788011151518009,7.692365354896249e-17,7.692365354896249e-17,3.310341144961937e-18,3.310341144961937e-18,1.4325907077123642e-10,1.4325907077123642e-10,0.4423977696963984,5.220081008629589e-17
31/50,0.62,0x1.3d70a3d70a3d7p-1,main_grid,True,True,True,2.3064,2.3064,2.08363902927136,2.0836390292713602,2.0836390292713602,0.2794613521866053352135797300024768371079153391508083973253491179934090509596173051582814482173191939,0.4410772956267893295728405399950463257841693216983832053493017640131818980807653896834371035653616122,0.2794613521866053352135797300024768371079153391508083973253491179934090509596173051582814482173191939,0.2794613521866053,0.4410772956267894,0.2794613521866053,0.2794613521866053,0.4410772956267894,0.2794613521866053,1.057660331409221e-16,1.057660331409221e-16,4.8940325644352893e-17,4.8940325644352893e-17,1.4534815652689716e-10,1.4534815652689716e-10,0.4410772956267893,6.570825586904935e-18
63/100,0.63,0x1.428f5c28f5c29p-1,main_grid,True,True,True,2.3814,2.3814,2.144047205764485,2.144047205764485,2.144047205764485,0.2801343906471331447975868692683082983928132918618133366009642643892310357683560011080205496188853315,0.4397312187057337104048262614633834032143734162763733267980714712215379284632879977839589007622293371,0.2801343906471331447975868692683082983928132918618133366009642643892310357683560011080205496188853315,0.28013439064713314,0.4397312187057337,0.28013439064713314,0.28013439064713314,0.4397312187057337,0.28013439064713314,2.7335729002612952e-17,2.7335729002612952e-17,3.742475242749431e-17,3.742475242749431e-17,1.4742565368693032e-10,1.4742565368693032e-10,0.4397312187057336,9.293590365875214e-17
16/25,0.64,0x1.47ae147ae147bp-1,main_grid,True,True,True,2.4576,2.4576000000000002,2.20496953606144,2.2049695360614403,2.2049695360614403,0.2808203326917013690475866365374202961555750478197089563154658848420379155910955816788586631346778497,0.4383593346165972619048267269251594076888499043605820873690682303159241688178088366422826737306443006,0.2808203326917013690475866365374202961555750478197089563154658848420379155910955816788586631346778497,0.28082033269170137,0.43835933461659715,0.28082033269170137,0.28082033269170137,0.43835933461659715,0.28082033269170137,8.788782084602665e-17,8.788782084602665e-17,1.1030330199802184e-16,1.1030330199802184e-16,1.4949139827146352e-10,1.4949139827146352e-10,0.43835933461659726,7.190004644938087e-19
13/20,0.65,0x1.4cccccccccccdp-1,main_grid,True,True,True,2.535,2.535,2.266386554453125,2.266386554453125,2.266386554453125,0.2815192821908168959500834093029209063863930620079321401487875880660914934803095783000902512117408216,0.4369614356183662080998331813941581872272138759841357197024248238678170130393808433998194975765183569,0.2815192821908168959500834093029209063863930620079321401487875880660914934803095783000902512117408216,0.2815192821908169,0.4369614356183662,0.2815192821908169,0.2815192821908169,0.4369614356183662,0.2815192821908169,4.400061349605953e-17,4.400061349605953e-17,7.37158674127272e-18,7.37158674127272e-18,1.5154522757142203e-10,1.5154522757142203e-10,0.4369614356183662,7.37158674127272e-18
33/50,0.66,0x1.51eb851eb851fp-1,main_grid,True,True,True,2.6136,2.6136000000000004,2.32827865215264,2.32827865215264,2.32827865215264,0.2822313447179088800674440872494437725584767774423050908475222109853516836330963013142999777706097575,0.435537310564182239865111825501112454883046445115389818304955578029296632733807397371400044458780485,0.2822313447179088800674440872494437725584767774423050908475222109853516836330963013142999777706097575,0.2822313447179089,0.4355373105641822,0.2822313447179089,0.2822313447179089,0.4355373105641822,0.2822313447179089,8.739251675467631e-17,8.739251675467631e-17,2.8073394589163396e-17,2.8073394589163396e-17,1.5358698018352155e-10,1.5358698018352155e-10,0.4355373105641822,2.8073394589163396e-17
67/100,0.67,0x1.570a3d70a3d71p-1,main_grid,True,True,True,2.6934,2.6934000000000005,2.390626084957885,2.3906260849578853,2.3906260849578853,0.2829566275385718542298876294746410405353393052356599776832100533028896450759053762279899806748079544,0.4340867449228562915402247410507179189293213895286800446335798933942207098481892475440200386503840913,0.2829566275385718542298876294746410405353393052356599776832100533028896450759053762279899806748079544,0.2829566275385718,0.43408674492285626,0.2829566275385718,0.2829566275385718,0.43408674492285626,0.2829566275385718,7.139024096799447e-17,7.139024096799447e-17,3.1308755135990887e-17,3.1308755135990887e-17,1.556164960461168e-10,1.556164960461168e-10,0.4340867449228563,2.4202396095266937e-17
17/25,0.68,0x1.5c28f5c28f5c3p-1,main_grid,True,True,True,2.7744,2.7744000000000004,2.45340898103296,2.4534089810329607,2.4534089810329607,0.2836952395982157713079810431238039658984355129349661272368447062623162373112687553246633288591923911,0.4326095208035684573840379137523920682031289741300677455263105874753675253774624893506733422816152178,0.2836952395982157713079810431238039658984355129349661272368447062623162373112687553246633288591923911,0.28369523959821574,0.43260952080356846,0.28369523959821574,0.28369523959821574,0.43260952080356846,0.28369523959821574,1.7188743545080952e-16,1.7188743545080952e-16,1.784493121422573e-18,1.784493121422573e-18,1.5763361647593279e-10,1.5763361647593279e-10,0.43260952080356835,1.0923780934109308e-16
69/100,0.69,0x1.6147ae147ae14p-1,main_grid,True,True,True,2.8566,2.8565999999999994,2.516607348808365,2.516607348808365,2.516607348808365,0.2844472915080136947927740492351289143935397168347877949535601388271736693574065479403106534497135938,0.4311054169839726104144519015297421712129205663304244100928797223456526612851869041193786931005728124,0.2844472915080136947927740492351289143935397168347877949535601388271736693574065479403106534497135938,0.2844472915080137,0.43110541698397264,0.2844472915080137,0.2844472915080137,0.43110541698397264,0.2844472915080137,3.505168614943717e-17,3.505168614943717e-17,3.4236694409404825e-17,3.4236694409404825e-17,1.5963818420570644e-10,1.5963818420570644e-10,0.43110541698397264,3.4236694409404825e-17
7/10,0.7,0x1.6666666666666p-1,main_grid,True,True,True,2.94,2.9399999999999995,2.580201085,2.580201085,2.580201085,0.2852128955290319940315814571483291969858232967916142086266892644144438843222949811293486840774660011,0.4295742089419360119368370857033416060283534064167715827466214711711122313554100377413026318450679979,0.2852128955290319940315814571483291969858232967916142086266892644144438843222949811293486840774660011,0.285212895529032,0.429574208941936,0.285212895529032,0.285212895529032,0.429574208941936,0.285212895529032,4.197016615314157e-17,4.197016615314157e-17,2.5342563285993134e-17,2.5342563285993134e-17,1.6163004342276696e-10,1.6163004342276696e-10,0.42957420894193604,3.016858794526469e-17
71/100,0.71,0x1.6b851eb851eb8p-1,main_grid,True,True,True,3.0246,3.0246000000000004,2.644169982746965,2.644169982746965,2.644169982746965,0.285992165554421743698866846230605126885279057447577335386931412366627788743107315776760392808518077,0.4280156688911565126022663075387897462294418851048453292261371752667444225137853684464792143829638459,0.285992165554421743698866846230605126885279057447577335386931412366627788743107315776760392808518077,0.28599216555442175,0.4280156688911565,0.28599216555442175,0.28599216555442175,0.4280156688911565,0.28599216555442175,3.8545671332583866e-17,3.8545671332583866e-17,1.488047135850922e-17,1.488047135850922e-17,1.6360903980858398e-10,1.6360903980858398e-10,0.4280156688911565,1.488047135850922e-17
18/25,0.72,0x1.70a3d70a3d70ap-1,main_grid,True,True,True,3.1104,3.1103999999999994,2.70849373986816,2.70849373986816,2.70849373986816,0.2867852170895435641734528888003366878224486459114030034556990971578170858055173517191143324003577108,0.4264295658209128716530942223993266243551027081771939930886018056843658283889652965617713351992845783,0.2867852170895435641734528888003366878224486459114030034556990971578170858055173517191143324003577108,0.2867852170895435,0.4264295658209129,0.2867852170895435,0.2867852170895435,0.4264295658209129,0.2867852170895435,8.105543327901038e-17,8.105543327901038e-17,3.197558685637215e-17,3.197558685637215e-17,1.6557502057931393e-10,1.6557502057931393e-10,0.4264295658209129,3.197558685637215e-17
73/100,0.73,0x1.75c28f5c28f5cp-1,main_grid,True,True,True,3.1974,3.197399999999999,2.773151967237685,2.773151967237685,2.773151967237685,0.2875921672298913562323226525847007036092967974238046113916132894499194227883782980561570877037054575,0.424815665540217287535354694830598592781406405152390777216773421100161154423243403887685824592589085,0.2875921672298913562323226525847007036092967974238046113916132894499194227883782980561570877037054575,0.28759216722989134,0.42481566554021727,0.28759216722989134,0.28759216722989134,0.42481566554021727,0.28759216722989134,7.935744602608125e-17,7.935744602608125e-17,1.875458976943511e-17,1.875458976943511e-17,1.6752783452737517e-10,1.6752783452737517e-10,0.4248156655402173,3.675656146182272e-17
37/50,0.74,0x1.7ae147ae147aep-1,main_grid,True,True,True,3.2856,3.2856,2.83812419727904,2.83812419727904,2.83812419727904,0.2884131346366732656805514321699357712664965247769235694678259519365557371242917059393358332213562848,0.4231737307266534686388971356601284574670069504461528610643480961268885257514165881213283335572874304,0.2884131346366732656805514321699357712664965247769235694678259519365557371242917059393358332213562848,0.28841313463667334,0.42317373072665343,0.28841313463667334,0.28841313463667334,0.42317373072665343,0.28841313463667334,1.0427948510664062e-16,1.0427948510664062e-16,3.882665201379413e-17,3.882665201379413e-17,1.6946733206408416e-10,1.6946733206408416e-10,0.42317373072665343,3.882665201379413e-17
3/4,0.75,0x1.8000000000000p-1,main_grid,True,True,True,3.375,3.375,2.903389892578125,2.903389892578125,2.903389892578125,0.289248239509900746576456921441085544115365550018352234242620320653263859720819001562777884990142769,0.4215035209801985068470861571178289117692688999632955315147593586934722805583619968744442300197144619,0.289248239509900746576456921441085544115365550018352234242620320653263859720819001562777884990142769,0.28924823950990075,0.42150352098019844,0.28924823950990075,0.28924823950990075,0.42150352098019844,0.28924823950990075,5.438959822042073e-17,5.438959822042073e-17,6.40224703894411e-17,6.40224703894411e-17,1.7139336526338474e-10,1.7139336526338474e-10,0.4215035209801985,8.511319158183269e-18
19/25,0.76,0x1.851eb851eb852p-1,main_grid,True,True,True,3.4656,3.4656,2.96892845461504,2.96892845461504,2.96892845461504,0.2900976035588287604815343115551672829301227459981955180861592525787044827500560560592766386957543357,0.4198047928823424790369313768896654341397545080036089638276814948425910344998878878814467226084913287,0.2900976035588287604815343115551672829301227459981955180861592525787044827500560560592766386957543357,0.2900976035588288,0.41980479288234246,0.2900976035588288,0.2900976035588288,0.41980479288234246,0.2900976035588288,1.5319401296307634e-16,1.5319401296307634e-16,1.9988614280940933e-17,1.9988614280940933e-17,1.7330578790670498e-10,1.7330578790670498e-10,0.41980479288234246,1.9988614280940933e-17
77/100,0.77,0x1.8a3d70a3d70a4p-1,main_grid,True,True,True,3.5574,3.5574000000000003,3.034719232614685,3.0347192326146852,3.0347192326146852,0.2909613499695819381138543252130698112985775492795024601212034070308347008720085021343053372344313544,0.4180773000608361237722913495738603774028449014409950797575931859383305982559829957313893255311372912,0.2909613499695819381138543252130698112985775492795024601212034070308347008720085021343053372344313544,0.29096134996958195,0.41807730006083604,0.29096134996958195,0.29096134996958195,0.41807730006083604,0.29096134996958195,1.376379366809372e-16,1.376379366809372e-16,8.031183644683122e-17,8.031183644683122e-17,1.7520445552897564e-10,1.7520445552897564e-10,0.4180773000608361,2.4800685215573394e-17
39/50,0.78,0x1.8f5c28f5c28f6p-1,main_grid,True,True,True,3.6504,3.6504000000000003,3.10074153251616,3.1007415325161594,3.1007415325161594,0.2918396033697929229157845475357049682475664416615219205803796888263923894883894193092882781206020761,0.4163207932604141541684309049285900635048671166769561588392406223472152210232211613814234437587958477,0.2918396033697929229157845475357049682475664416615219205803796888263923894883894193092882781206020761,0.291839603369793,0.41632079326041416,0.2918396033697929,0.291839603369793,0.41632079326041416,0.2918396033697929,1.09713293566279e-16,1.09713293566279e-16,2.8425536766464403e-18,2.8425536766464403e-18,1.7708922546584614e-10,1.7708922546584614e-10,0.41632079326041416,2.8425536766464403e-18
79/100,0.79,0x1.947ae147ae148p-1,main_grid,True,True,True,3.7446,3.744600000000001,3.166974626060965,3.166974626060965,3.166974626060965,0.2927324897900700969367186766150784265488339102737889573038083621886187234640543215782663893957516632,0.4145350204198598061265626467698431469023321794524220853923832756227625530718913568434672212084966736,0.2927324897900700969367186766150784265488339102737889573038083621886187234640543215782663893957516632,0.2927324897900701,0.41453502041985973,0.2927324897900701,0.2927324897900701,0.41453502041985973,0.2927324897900701,1.2003852672733896e-16,1.2003852672733896e-16,7.176245291995796e-17,7.176245291995796e-17,1.7895995690213473e-10,1.7895995690213473e-10,0.4145350204198598,1.625130168870014e-17
4/5,0.8,0x1.999999999999ap-1,main_grid,True,True,True,3.84,3.8400000000000007,3.23339776,3.23339776,3.23339776,0.2936401366221024412412532876870676127393618284686385135616596703524653892257289124861643993963798626,0.4127197267557951175174934246258647745212763430627229728766806592950692215485421750276712012072402747,0.2936401366221024412412532876870676127393618284686385135616596703524653892257289124861643993963798626,0.2936401366221025,0.4127197267557951,0.2936401366221025,0.2936401366221025,0.4127197267557951,0.2936401366221025,6.222170036416132e-17,6.222170036416132e-17,1.5370886701444544e-17,1.5370886701444544e-17,1.8081651092155025e-10,1.8081651092155025e-10,0.41271972675579516,4.0140264529813286e-17
81/100,0.81,0x1.9eb851eb851ecp-1,main_grid,True,True,True,3.9366,3.936600000000001,3.299990165419365,3.299990165419365,3.299990165419365,0.2945626725731993885552505088809946105833687219891170723846790370477964971839395836376552281354434628,0.4108746548536012228894989822380107788332625560217658552306419259044070056321208327246895437291130743,0.2945626725731993885552505088809946105833687219891170723846790370477964971839395836376552281354434628,0.29456267257319946,0.4108746548536011,0.29456267257319946,0.29456267257319946,0.4108746548536011,0.29456267257319946,1.8749941328003155e-16,1.8749941328003155e-16,1.383641049107042e-16,1.383641049107042e-16,1.8265875055772473e-10,1.8265875055772473e-10,0.41087465485360114,8.285295367944638e-17
41/50,0.82,0x1.a3d70a3d70a3dp-1,main_grid,True,True,True,4.0344,4.034399999999999,3.36673106718496,3.36673106718496,3.36673106718496,0.2955002276170531674664199860028234798680811202327018880958214233206518450862093270762736342029223413,0.4089995447658936650671600279943530402638377595345962238083571533586963098275813458474527315941553174,0.2955002276170531674664199860028234798680811202327018880958214233206518450862093270762736342029223413,0.29550022761705314,0.4089995447658937,0.29550022761705314,0.29550022761705314,0.4089995447658937,0.29550022761705314,5.2688210745200876e-17,5.2688210745200876e-17,9.402321283467652e-18,9.402321283467652e-18,1.8448654084659616e-10,1.8448654084659616e-10,0.4089995447658937,9.402321283467652e-18
83/100,0.83,0x1.a8f5c28f5c28fp-1,main_grid,True,True,True,4.1334,4.1334,3.433599693505885,3.433599693505885,3.433599693505885,0.2964529329405002972836050422808222982869908509253485750994998228192669902283437554607022500303918341,0.4070941341189994054327899154383554034260182981493028498010003543614660195433124890785954999392163318,0.2964529329405002972836050422808222982869908509253485750994998228192669902283437554607022500303918341,0.29645293294050035,0.4070941341189994,0.29645293294050035,0.29645293294050035,0.4070941341189994,0.29645293294050035,8.006335887973991e-17,8.006335887973991e-17,1.2382342431293488e-17,1.2382342431293488e-17,1.862997488801829e-10,1.862997488801829e-10,0.4070941341189995,6.789349366255131e-17
21/25,0.84,0x1.ae147ae147ae1p-1,main_grid,True,True,True,4.2336,4.233599999999999,3.50057528561664,3.5005752856166397,3.5005752856166397,0.2974209208860475524224663653460634943816108805168929445372757165771209237483615935372777754617475775,0.4051581582279048951550672693078730112367782389662141109254485668457581525032768129254444490765048451,0.2974209208860475524224663653460634943816108805168929445372757165771209237483615935372777754617475775,0.2974209208860475,0.4051581582279049,0.2974209208860475,0.2974209208860475,0.4051581582279049,0.2974209208860475,2.230002234949548e-16,2.230002234949548e-16,1.2478320396247474e-17,1.2478320396247474e-17,1.880982438617915e-10,1.880982438617915e-10,0.40515815822790485,4.3032830835010355e-17
17/20,0.85,0x1.b333333333333p-1,main_grid,True,True,True,4.335,4.335,3.567637107578125,3.567637107578125,3.567637107578125,0.2984043248899158564764354536338666782927148275711732135850372760169159000741160570257662292366046126,0.4031913502201682870471290927322666434145703448576535728299254479661681998517678859484675415267907747,0.2984043248899158564764354536338666782927148275711732135850372760169159000741160570257662292366046126,0.29840432488991586,0.4031913502201682,0.29840432488991586,0.29840432488991586,0.4031913502201682,0.29840432488991586,1.2443325773254184e-16,1.2443325773254184e-16,6.615016334324323e-17,6.615016334324323e-17,1.8988189716270125e-10,1.8988189716270125e-10,0.4031913502201683,1.0639012111985413e-17
43/50,0.86,0x1.b851eb851eb85p-1,main_grid,True,True,True,4.4376,4.4376,3.63476445619744,3.6347644561974395,3.6347644561974395,0.2994032794153431703174536172619934846770692660216107946106461993838959270360058754151113554187458506,0.4011934411693136593650927654760130306458614679567784107787076012322081459279882491697772891625082987,0.2994032794153431703174536172619934846770692660216107946106461993838959270360058754151113554187458506,0.2994032794153432,0.40119344116931355,0.2994032794153432,0.2994032794153432,0.40119344116931355,0.2994032794153432,2.0424613477470993e-16,2.0424613477470993e-16,1.1220848758352238e-16,1.1220848758352238e-16,1.916505823803704e-10,1.916505823803704e-10,0.40119344116931366,1.186185121006722e-18
87/100,0.87,0x1.bd70a3d70a3d7p-1,main_grid,True,True,True,4.5414,4.5414,3.701936671066485,3.701936671066485,3.701936671066485,0.3004179198808744868981903930950778308749392840205827663932751146666882308752993881159388747904142102,0.3991641602382510262036192138098443382501214319588344672134497706666235382494012237681222504191715797,0.3004179198808744868981903930950778308749392840205827663932751146666882308752993881159388747904142102,0.3004179198808745,0.399164160238251,0.3004179198808745,0.3004179198808745,0.399164160238251,0.3004179198808745,9.226761230969032e-17,9.226761230969032e-17,6.096149756011556e-18,6.096149756011556e-18,1.934041753982092e-10,1.934041753982092e-10,0.3991641602382511,4.941500147524627e-17
22/25,0.88,0x1.c28f5c28f5c29p-1,main_grid,True,True,True,4.6464,4.6464,3.76913314471936,3.7691331447193592,3.7691331447193592,0.3014483825833535190989365624015188661827870383192677992896744206664671246087904739831659511775182175,0.3971032348332929618021268751969622676344259233614644014206511586670657507824190520336680976449635649,0.3014483825833535190989365624015188661827870383192677992896744206664671246087904739831659511775182175,0.30144838258335355,0.39710323483329296,0.30144838258335355,0.30144838258335355,0.39710323483329296,0.30144838258335355,1.153372890675243e-16,1.153372890675243e-16,1.0342738247971632e-20,1.0342738247971632e-20,1.9514255444696715e-10,1.9514255444696715e-10,0.3971032348332929,5.55214939695058e-17
89/100,0.89,0x1.c7ae147ae147bp-1,main_grid,True,True,True,4.7526,4.7526,3.836333332908565,3.8363333329085645,3.8363333329085645,0.3024948046153165472235051657580718351074237318478204534375129761853931682264251838766856150786323627,0.3950103907693669055529896684838563297851525363043590931249740476292136635471496322466287698427352745,0.3024948046153165472235051657580718351074237318478204534375129761853931682264251838766856150786323627,0.3024948046153166,0.39501039076936695,0.3024948046153166,0.3024948046153166,0.39501039076936695,0.3024948046153166,7.573940859709746e-17,7.573940859709746e-17,4.2496433958314815e-17,4.2496433958314815e-17,1.9686560016778253e-10,1.9686560016778253e-10,0.3950103907693669,1.3014717272943012e-17
9/10,0.9,0x1.ccccccccccccdp-1,main_grid,True,True,True,4.86,4.860000000000001,3.903516765,3.903516765,3.903516765,0.3035573237764741609864713876795659157364987005506046545697364258662278346843477691583578993543787175,0.392885352447051678027057224640868168527002598898790690860527148267544330631304461683284201291242565,0.3035573237764741609864713876795659157364987005506046545697364258662278346843477691583578993543787175,0.3035573237764741,0.39288535244705164,0.3035573237764742,0.3035573237764741,0.39288535244705164,0.3035573237764742,1.6811845045454633e-16,1.6811845045454633e-16,3.9069325968044704e-17,3.9069325968044704e-17,1.98573195676944e-10,1.98573195676944e-10,0.39288535244705164,3.9069325968044704e-17
91/100,0.91,0x1.d1eb851eb851fp-1,main_grid,True,True,True,4.9686,4.9686,3.970663054486765,3.9706630544867654,3.9706630544867654,0.3046360784789512686913557701477664109406001698421874600913360756267889547163590865742322615178250361,0.3907278430420974626172884597044671781187996603156250798173278487464220905672818268515354769643499278,0.3046360784789512686913557701477664109406001698421874600913360756267889547163590865742322615178250361,0.30463607847895124,0.39072784304209734,0.30463607847895124,0.30463607847895124,0.39072784304209734,0.30463607847895124,1.6746925914561147e-16,1.6746925914561147e-16,1.1787828306628308e-16,1.1787828306628308e-16,2.0026522663241483e-10,2.0026522663241483e-10,0.3907278430420974,6.236713183502525e-17
23/25,0.92,0x1.d70a3d70a3d71p-1,main_grid,True,True,True,5.0784,5.0784,4.03775190962176,4.037751909621761,4.037751909621761,0.3057312076459397358021434867378473365451824841251452278541538553772995811072280053872844111310658647,0.3885375847081205283957130265243053269096350317497095442916922892454008377855439892254311777378682705,0.3057312076459397358021434867378473365451824841251452278541538553772995811072280053872844111310658647,0.3057312076459397,0.3885375847081204,0.3057312076459397,0.3057312076459397,0.3885375847081204,0.3057312076459397,1.3814232329366405e-16,1.3814232329366405e-16,1.413398278233707e-16,1.413398278233707e-16,2.019415813021725e-10,2.019415813021725e-10,0.3885375847081205,3.031752536085506e-17
93/100,0.93,0x1.dc28f5c28f5c3p-1,main_grid,True,True,True,5.1894,5.189400000000001,4.104763144169085,4.104763144169086,4.104763144169086,0.3068428506034013388144287734392506791722022679786973305368437506771225712449436108172795242689307024,0.3863142987931973223711424531214986416555954640426053389263124986457548575101127783654409514621385951,0.3068428506034013388144287734392506791722022679786973305368437506771225712449436108172795242689307024,0.3068428506034013,0.38631429879319723,0.3068428506034013,0.3068428506034013,0.38631429879319723,0.3068428506034013,4.614789943230981e-17,4.614789943230981e-17,9.184070400682721e-17,9.184070400682721e-17,2.0360215063441663e-10,2.0360215063441663e-10,0.3863142987931973,3.632955277556939e-17
47/50,0.94,0x1.e147ae147ae14p-1,main_grid,True,True,True,5.3016,5.301599999999999,4.17167668827424,4.171676688274239,4.171676688274239,0.3079711469644413614865619713207087454388576609776926401765000754914678611587600227172306818447351972,0.3840577060711172770268760573585825091222846780446147196469998490170642776824799545655386363105296055,0.3079711469644413614865619713207087454388576609776926401765000754914678611587600227172306818447351972,0.30797114696444144,0.38405770607111733,0.30797114696444144,0.30797114696444144,0.38405770607111733,0.30797114696444144,4.178150560813222e-17,4.178150560813222e-17,5.591970900829752e-17,5.591970900829752e-17,2.0524682832970113e-10,2.0524682832970113e-10,0.38405770607111733,5.591970900829752e-17
19/20,0.95,0x1.e666666666666p-1,main_grid,True,True,True,5.415,5.415,4.238472599453125,4.238472599453125,4.238472599453125,0.3091162365059551032226076433937224355256990352911840600137101942855541315755851331221058547544112092,0.3817675269880897935547847132125551289486019294176318799725796114288917368488297337557882904911775816,0.3091162365059551032226076433937224355256990352911840600137101942855541315755851331221058547544112092,0.3091162365059551,0.38176752698808986,0.309116236505955,0.3091162365059551,0.38176752698808986,0.309116236505955,2.647191306844629e-16,2.647191306844629e-16,6.23113083898192e-17,6.23113083898192e-17,2.0687551091504606e-10,2.0687551091504606e-10,0.3817675269880898,6.800157158561362e-18
24/25,0.96,0x1.eb851eb851eb8p-1,main_grid,True,True,True,5.5296,5.529599999999999,4.30513107369984,4.305131073699839,4.305131073699839,0.3102782590371307989199181303727716946191848169166555124137210691128198890477972048608029928268378261,0.3794434819257384021601637392544566107616303661666889751725578617743602219044055902783940143463243478,0.3102782590371307989199181303727716946191848169166555124137210691128198890477972048608029928268378261,0.31027825903713085,0.37944348192573846,0.31027825903713085,0.31027825903713085,0.37944348192573846,0.31027825903713085,4.9013434944249996e-17,4.9013434944249996e-17,5.50786865482129e-17,5.50786865482129e-17,2.0848809782008798e-10,2.0848809782008798e-10,0.3794434819257385,1.1058983777947073e-16
97/100,0.97,0x1.f0a3d70a3d70ap-1,main_grid,True,True,True,5.6454,5.6453999999999995,4.371632456713285,4.371632456713285,4.371632456713285,0.3114573542593729524335618491948141114260857744284814616141601362135517522658169089192700389544180999,0.3770852914812540951328763016103717771478284511430370767716797275728964954683661821614599220911638001,0.3114573542593729524335618491948141114260857744284814616141601362135517522658169089192700389544180999,0.311457354259373,0.37708529148125397,0.311457354259373,0.311457354259373,0.37708529148125397,0.311457354259373,1.9760662999279732e-16,1.9760662999279732e-16,1.2489682242757815e-16,1.2489682242757815e-16,2.1008449145532733e-10,2.1008449145532733e-10,0.3770852914812541,1.3874519965062494e-17
49/50,0.98,0x1.f5c28f5c28f5cp-1,main_grid,True,True,True,5.7624,5.7623999999999995,4.43795725524256,4.43795725524256,4.43795725524256,0.3126536616171898500717160309752926089250116098243377929788124164650295308583909371148255221970198812,0.3746926767656202998565679380494147821499767803513244140423751670699409382832181257703489556059602375,0.3126536616171898500717160309752926089250116098243377929788124164650295308583909371148255221970198812,0.3126536616171898,0.3746926767656203,0.3126536616171898,0.3126536616171898,0.3746926767656203,0.3126536616171898,9.161411221284217e-17,9.161411221284217e-17,8.177596994655181e-18,8.177596994655181e-18,2.116645972925342e-10,2.116645972925342e-10,0.3746926767656203,8.177596994655181e-18
99/100,0.99,0x1.fae147ae147aep-1,main_grid,True,True,True,5.8806,5.8806,4.504086148551165,4.504086148551165,4.504086148551165,0.3138673201395680361874097491917613085553981900370312270031296221487857877909231502719063538392127429,0.3722653597208639276251805016164773828892036199259375459937407557024284244181536994561872923215745142,0.3138673201395680361874097491917613085553981900370312270031296221487857877909231502719063538392127429,0.3138673201395681,0.37226535972086394,0.313867320139568,0.3138673201395681,0.37226535972086394,0.313867320139568,1.635720823908718e-16,1.635720823908718e-16,1.4369470257099103e-17,1.4369470257099103e-17,2.1322832394737432e-10,2.1322832394737432e-10,0.3722653597208639,4.1141680974158724e-17
1,1.0,0x1.0000000000000p+0,main_grid,True,True,True,6.0,6.0,4.57,4.569999999999999,4.569999999999999,0.3150984682713347921225382932166301969365426695842450765864332603938730853391684901531728665207877462,0.3698030634573304157549234135667396061269146608315098468271334792122538293216630196936542669584245077,0.3150984682713347921225382932166301969365426695842450765864332603938730853391684901531728665207877462,0.3150984682713348,0.3698030634573304,0.3150984682713348,0.3150984682713348,0.3698030634573304,0.3150984682713348,1.88411095042053e-16,1.88411095042053e-16,3.255358540476389e-17,3.255358540476389e-17,2.147755832643195e-10,2.147755832643195e-10,0.36980306345733044,2.2957565826493936e-17
101/100,1.01,0x1.028f5c28f5c29p+0,main_grid,True,True,True,6.1206,6.1206000000000005,4.635679868749165,4.635679868749165,4.635679868749165,0.3163472436939871571774365052839679352333861726020465242365152501661814608741771436457175735631828997,0.3673055126120256856451269894320641295332276547959069515269694996676370782516457127085648528736342007,0.3163472436939871571774365052839679352333861726020465242365152501661814608741771436457175735631828997,0.3163472436939872,0.3673055126120256,0.31634724369398737,0.3163472436939872,0.3673055126120256,0.31634724369398737,3.4731117907238073e-16,3.4731117907238073e-16,8.810430568049257e-17,8.810430568049257e-17,2.1630629040390727e-10,2.1630629040390727e-10,0.3673055126120256,8.810430568049257e-17
51/50,1.02,0x1.051eb851eb852p+0,main_grid,True,True,True,6.2424,6.2424,4.70110702157856,4.70110702157856,4.70110702157856,0.3176137831354427635416211969545289022872444320583553593149135677408701149941002771034370254722681146,0.3647724337291144729167576060909421954255111358832892813701728645182597700117994457931259490554637707,0.3176137831354427635416211969545289022872444320583553593149135677408701149941002771034370254722681146,0.3176137831354428,0.36477243372911444,0.3176137831354428,0.3176137831354428,0.36477243372911444,0.3176137831354428,7.749985709358874e-17,7.749985709358874e-17,3.0392380424037656e-17,3.0392380424037656e-17,2.1782036393241664e-10,2.1782036393241664e-10,0.36477243372911444,3.0392380424037656e-17
103/100,1.03,0x1.07ae147ae147bp+0,main_grid,True,True,True,6.3654,6.3654,4.766262944827285,4.766262944827286,4.766262944827286,0.3188982221681437272113762795865457343392099082998444684658512136222647054065896585976750245961718425,0.362203555663712545577247440826908531321580183400311063068297572755470589186820682804649950807656315,0.3188982221681437272113762795865457343392099082998444684658512136222647054065896585976750245961718425,0.31889822216814373,0.36220355566371254,0.31889822216814373,0.31889822216814373,0.36220355566371254,0.31889822216814373,1.669997541170589e-16,1.669997541170589e-16,5.8300242228261815e-18,5.8300242228261815e-18,2.1931772591402845e-10,2.1931772591402845e-10,0.36220355566371254,5.8300242228261815e-18
26/25,1.04,0x1.0a3d70a3d70a4p+0,main_grid,True,True,True,6.4896,6.4896,4.83112935645184,4.831129356451839,4.831129356451839,0.3202006949949200486639785443185860193587186765886623370244070959293295101277540195394171150840345602,0.3595986100101599026720429113628279612825626468226753259511858081413409797444919609211657698319308796,0.3202006949949200486639785443185860193587186765886623370244070959293295101277540195394171150840345602,0.32020069499492004,0.35959861001015986,0.32020069499492004,0.32020069499492004,0.35959861001015986,0.32020069499492004,2.2270544430436165e-16,2.2270544430436165e-16,4.45196086578652e-17,4.45196086578652e-17,2.2079830200553962e-10,2.2079830200553962e-10,0.35959861001015997,6.650269380465046e-17
21/20,1.05,0x1.0cccccccccccdp+0,main_grid,True,True,True,6.615,6.615,4.895688218203125,4.895688218203126,4.895688218203126,0.3215213342219934396537499403664704620622269960479763013837730492872291605893951102004754172522610652,0.3569573315560131206925001192670590758755460079040473972324539014255416788212097795990491654954778696,0.3215213342219934396537499403664704620622269960479763013837730492872291605893951102004754172522610652,0.32152133422199347,0.35695733155601306,0.32152133422199347,0.32152133422199347,0.35695733155601306,0.32152133422199347,1.6898410815605446e-16,1.6898410815605446e-16,6.294298996589568e-17,6.294298996589568e-17,2.2226202155370282e-10,2.2226202155370282e-10,0.35695733155601306,6.294298996589568e-17
53/50,1.06,0x1.0f5c28f5c28f6p+0,main_grid,True,True,True,6.7416,6.7416,4.95992174792224,4.959921747922239,4.959921747922239,0.3228602706184762200896103151331749797002554820188449203496960857710677671823539885363731440362611898,0.3542794587630475598207793697336500405994890359623101593006078284578644656352920229272537119274776205,0.3228602706184762200896103151331749797002554820188449203496960857710677671823539885363731440362611898,0.3228602706184762,0.35427945876304756,0.3228602706184762,0.3228602706184762,0.35427945876304756,0.3228602706184762,1.1078258352086404e-16,1.1078258352086404e-16,1.2998499554261754e-18,1.2998499554261754e-18,2.2370881769526415e-10,2.2370881769526415e-10,0.3542794587630475,5.4211301275831654e-17
107/100,1.07,0x1.11eb851eb851fp+0,main_grid,True,True,True,6.8694,6.8694,5.023812431955085,5.023812431955085,5.023812431955085,0.3242176328616929412821642817371985054863661101895852257087541719775553701711871354856424445008693809,0.3515647342766141174356714365256029890272677796208295485824916560448892596576257290287151109982612383,0.3242176328616929412821642817371985054863661101895852257087541719775553701711871354856424445008693809,0.3242176328616929,0.3515647342766141,0.3242176328616929,0.3242176328616929,0.3515647342766141,0.3242176328616929,1.6611254702284556e-16,1.6611254702284556e-16,7.082506248609e-18,7.082506248609e-18,2.2513862745977289e-10,2.2513862745977289e-10,0.3515647342766141,7.082506248609e-18
27/25,1.08,0x1.147ae147ae148p+0,main_grid,True,True,True,6.9984,6.998400000000001,5.08734303768576,5.087343037685761,5.087343037685761,0.3255935472676247149295102026928519629531225255737097440914269540129426605474028389375569896664275047,0.3488129054647505701409795946142960740937549488525805118171460919741146789051943221248860206671449906,0.3255935472676247149295102026928519629531225255737097440914269540129426605474028389375569896664275047,0.3255935472676247,0.3488129054647505,0.3255935472676247,0.3255935472676247,0.3488129054647505,0.3255935472676247,1.701195128746939e-16,1.701195128746939e-16,4.786349567064241e-17,4.786349567064241e-17,2.2655139187523894e-10,2.2655139187523894e-10,0.34881290546475047,1.0337464690190024e-16
109/100,1.09,0x1.170a3d70a3d71p+0,main_grid,True,True,True,7.1286,7.128600000000001,5.150496626188765,5.150496626188765,5.150496626188765,0.3269881375057478941106925984360784846102360391785156746677708606407576032244055276519940565771708054,0.3460237249885042117786148031278430307795279216429686506644582787184847935511889446960118868456583892,0.3269881375057478941106925984360784846102360391785156746677708606407576032244055276519940565771708054,0.32698813750574796,0.34602372498850414,0.32698813750574796,0.32698813750574796,0.34602372498850414,0.32698813750574796,2.158553862486489e-16,2.158553862486489e-16,6.738330770925457e-17,6.738330770925457e-17,2.2794705607671506e-10,2.2794705607671506e-10,0.34602372498850414,6.738330770925457e-17
11/10,1.1,0x1.199999999999ap+0,main_grid,True,True,True,7.26,7.260000000000001,5.213256565,5.213256565000001,5.213256565000001,0.328401524297509804219658619467925611292065768491484170796800214646639014974318648366771874002330058,0.3431969514049803915606827610641487774158684630170316584063995707067219700513627032664562519953398841,0.328401524297509804219658619467925611292065768491484170796800214646639014974318648366771874002330058,0.3284015242975098,0.3431969514049804,0.3284015242975098,0.3284015242975098,0.3431969514049804,0.3284015242975098,2.0115513791673245e-16,2.0115513791673245e-16,1.885541846086236e-17,1.885541846086236e-17,2.293255694178819e-10,2.293255694178819e-10,0.34319695140498047,7.436656969212019e-17
111/100,1.11,0x1.1c28f5c28f5c3p+0,main_grid,True,True,True,7.3926,7.392600000000001,5.275606541006565,5.2756065410065665,5.2756065410065665,0.3298338250976547079344130142252795001532338573392283652729226468259440394123181972492095541654722009,0.3403323498046905841311739715494409996935322853215432694541547063481119211753636055015808916690555982,0.3298338250976547079344130142252795001532338573392283652729226468259440394123181972492095541654722009,0.3298338250976547,0.34033234980469057,0.3298338250976547,0.3298338250976547,0.34033234980469057,0.3298338250976547,2.6523714141872573e-16,2.6523714141872573e-16,1.3726088234911157e-17,1.3726088234911157e-17,2.306868855857157e-10,2.306868855857157e-10,0.3403323498046906,4.178506299634667e-17
28/25,1.12,0x1.1eb851eb851ecp+0,main_grid,True,True,True,7.5264,7.5264000000000015,5.33753057345536,5.337530573455361,5.337530573455361,0.3312851537575831684861333586591063286076261960186492659891220205736128149221562629533713631248464637,0.3374296924848336630277332826817873427847476079627014680217559588527743701556874740932572737503070725,0.3312851537575831684861333586591063286076261960186492659891220205736128149221562629533713631248464637,0.33128515375758316,0.3374296924848336,0.33128515375758316,0.33128515375758316,0.3374296924848336,0.33128515375758316,1.3062942199388737e-16,1.3062942199388737e-16,4.203650854858372e-17,4.203650854858372e-17,2.3203096271831964e-10,2.3203096271831964e-10,0.3374296924848336,4.203650854858372e-17
113/100,1.13,0x1.2147ae147ae14p+0,main_grid,True,True,True,7.6614,7.661399999999998,5.399013027080485,5.399013027080485,5.399013027080485,0.332755620169897520032530530528794328884361476544320656361389133572237553259090971355409930773345369,0.334488759660204959934938938942411342231277046911358687277221732855524893481818057289180138453309262,0.332755620169897520032530530528794328884361476544320656361389133572237553259090971355409930773345369,0.3327556201698975,0.33448875966020497,0.3327556201698975,0.3327556201698975,0.33448875966020497,0.3327556201698975,9.509167131463401e-17,9.509167131463401e-17,1.0701304676502571e-17,1.0701304676502571e-17,2.333577635260007e-10,2.333577635260007e-10,0.334488759660205,6.62124559077604e-17
57/50,1.14,0x1.23d70a3d70a3dp+0,main_grid,True,True,True,7.7976,7.797599999999999,5.46003862534944,5.460038625349439,5.460038625349439,0.3342453298932553452260790283629539240354456981126308159132339998212520907033806321149624966093985288,0.3315093402134893095478419432740921519291086037747383681735320003574958185932387357700750067812029424,0.3342453298932553452260790283629539240354456981126308159132339998212520907033806321149624966093985288,0.3342453298932554,0.3315093402134892,0.3342453298932554,0.3342453298932554,0.3315093402134892,0.3342453298932554,3.5597243325078643e-16,3.5597243325078643e-16,9.755749218456664e-17,9.755749218456664e-17,2.346672554156752e-10,2.346672554156752e-10,0.33150934021348927,4.2046340953308815e-17
23/20,1.15,0x1.2666666666666p+0,main_grid,True,True,True,7.935,7.934999999999999,5.520592463828125,5.520592463828124,5.520592463828124,0.3357543837566217937561147550778224269099028950935327654525090378165885912194959957681547264947053686,0.3284912324867564124877704898443551461801942098129344690949819243668228175610080084636905470105892629,0.3357543837566217937561147550778224269099028950935327654525090378165885912194959957681547264947053686,0.33575438375662175,0.32849123248675643,0.33575438375662175,0.33575438375662175,0.32849123248675643,0.33575438375662175,2.8257901366453716e-16,2.8257901366453716e-16,2.2339642441709782e-17,2.2339642441709782e-17,2.35959410618688e-10,2.35959410618688e-10,0.32849123248675643,2.2339642441709782e-17
29/25,1.16,0x1.28f5c28f5c28fp+0,main_grid,True,True,True,8.0736,8.073599999999999,5.58066002366464,5.58066002366464,5.58066002366464,0.3372828774419803620309092196028542225144538193897416376408425620301203572479836773885303080145162278,0.3254342451160392759381815607942915549710923612205167247183148759397592855040326452229393839709675444,0.3372828774419803620309092196028542225144538193897416376408425620301203572479836773885303080145162278,0.3372828774419803,0.3254342451160393,0.3372828774419803,0.3372828774419803,0.3254342451160393,0.3372828774419803,9.865607108822907e-17,9.865607108822907e-17,2.4222611330098188e-17,2.4222611330098188e-17,2.372342063221294e-10,2.372342063221294e-10,0.3254342451160393,2.4222611330098188e-17
117/100,1.17,0x1.2b851eb851eb8p+0,main_grid,True,True,True,8.2134,8.213399999999998,5.640227185191885,5.640227185191884,5.640227185191884,0.3388309010445305196608087092922455960995935403606316779078288475865101631683409747865400730401757315,0.322338197910938960678382581415508807800812919278736644184342304826979673663318050426919853919648537,0.3388309010445305196608087092922455960995935403606316779078288475865101631683409747865400730401757315,0.3388309010445305,0.32233819791093904,0.3388309010445305,0.3388309010445305,0.32233819791093904,0.3388309010445305,1.1817087396879774e-16,1.1817087396879774e-16,7.871389258133872e-17,7.871389258133872e-17,2.384916248037367e-10,2.384916248037367e-10,0.322338197910939,2.3202741350080896e-17
59/50,1.18,0x1.2e147ae147ae1p+0,main_grid,True,True,True,8.3544,8.3544,5.69928024164896,5.6992802416489585,5.6992802416489585,0.3403985386093694571114288880803549012201263474076966003304663983182329226592245339126972132465833621,0.3192029227812610857771422238392901975597473051846067993390672033635341546815509321746055735068332758,0.3403985386093694571114288880803549012201263474076966003304663983182329226592245339126972132465833621,0.3403985386093695,0.3192029227812611,0.3403985386093695,0.3403985386093695,0.3192029227812611,0.3403985386093695,2.2945376840768744e-16,2.2945376840768744e-16,2.5629649773230086e-17,2.5629649773230086e-17,2.397316535704673e-10,2.397316535704673e-10,0.31920292278126106,2.988150145802774e-17
119/100,1.19,0x1.30a3d70a3d70ap+0,main_grid,True,True,True,8.4966,8.496599999999999,5.757805913021365,5.7578059130213655,5.7578059130213655,0.3419858676436244043187834290241608552182711969312366149354718844483397999505929543085756286990699198,0.3160282647127511913624331419516782895634576061375267701290562311033204000988140913828487426018601604,0.3419858676436244043187834290241608552182711969312366149354718844483397999505929543085756286990699198,0.3419858676436244,0.31602826471275114,0.3419858676436244,0.3419858676436244,0.31602826471275114,0.3419858676436244,8.000841579985052e-17,8.000841579985052e-17,5.229742749641742e-17,5.229742749641742e-17,2.409542855008296e-10,2.409542855008296e-10,0.31602826471275114,5.229742749641742e-17
6/5,1.2,0x1.3333333333333p+0,main_grid,True,True,True,8.64,8.639999999999999,5.81579136,5.81579136,5.81579136,0.3435929586029716169185271460632315393102410056195688560602008941393660999558278514310389566657356842,0.3128140827940567661629457078735369213795179887608622878795982117212678000883442971379220866685286317,0.3435929586029716169185271460632315393102410056195688560602008941393660999558278514310389566657356842,0.34359295860297157,0.31281408279405676,0.34359295860297157,0.34359295860297157,0.31281408279405676,0.34359295860297157,4.573351341922881e-17,4.573351341922881e-17,8.066244420587414e-18,8.066244420587414e-18,2.421595189910612e-10,2.421595189910612e-10,0.3128140827940568,4.744490681067041e-17
121/100,1.21,0x1.35c28f5c28f5cp+0,main_grid,True,True,True,8.7846,8.7846,5.873224198058965,5.873224198058964,5.873224198058964,0.3452198743514484529318263974728782959483767575527182292132386889029229904955246092693823283560664222,0.3095602512971030941363472050542434081032464848945635415735226221941540190089507814612353432878671556,0.3452198743514484529318263974728782959483767575527182292132386889029229904955246092693823283560664222,0.34521987435144846,0.30956025129710313,0.34521987435144846,0.34521987435144846,0.30956025129710313,0.34521987435144846,1.3763985966640632e-17,1.3763985966640632e-17,3.4239817499550644e-17,3.4239817499550644e-17,2.4334735810524046e-10,2.4334735810524046e-10,0.3095602512971031,2.127133373170718e-17
61/50,1.22,0x1.3851eb851eb85p+0,main_grid,True,True,True,8.9304,8.9304,5.93009251165216,5.930092511652159,5.930092511652159,0.346866669593436201413409054131741040432049300802524145982690868168806603532433675627069497179898271,0.306266660813127597173181891736517919135901398394951708034618263662386792935132648745861005640203458,0.346866669593436201413409054131741040432049300802524145982690868168806603532433675627069497179898271,0.3468666695934362,0.3062666608131276,0.3468666695934362,0.3468666695934362,0.3062666608131276,0.3468666695934362,1.6826692881307207e-16,1.6826692881307207e-16,8.015181572733623e-18,8.015181572733623e-18,2.445178127294215e-10,2.445178127294215e-10,0.3062666608131276,8.015181572733623e-18
123/100,1.23,0x1.3ae147ae147aep+0,main_grid,True,True,True,9.0774,9.077399999999999,5.986384868528685,5.986384868528685,5.986384868528685,0.3485333902766637363085059222372966793524199461939047953551113785936562575194944585198871433799390436,0.3029332194466725273829881555254066412951601076121904092897772428126874849610110829602257132401219127,0.3485333902766637363085059222372966793524199461939047953551113785936562575194944585198871433799390436,0.34853339027666375,0.3029332194466725,0.34853339027666375,0.34853339027666375,0.3029332194466725,0.34853339027666375,1.335526841717655e-17,1.335526841717655e-17,1.9270204793658802e-17,1.9270204793658802e-17,2.456708987298793e-10,2.456708987298793e-10,0.3029332194466725,1.9270204793658802e-17
31/25,1.24,0x1.3d70a3d70a3d7p+0,main_grid,True,True,True,9.2256,9.2256,6.04209033416704,6.042090334167041,6.042090334167041,0.3502200729650559440000449776648825070232486904799124009161554241256011975993835870963327053116231322,0.2995598540698881119999100446702349859535026190401751981676891517487976048012328258073345893767537356,0.3502200729650559440000449776648825070232486904799124009161554241256011975993835870963327053116231322,0.3502200729650559,0.2995598540698881,0.3502200729650559,0.3502200729650559,0.2995598540698881,0.3502200729650559,1.4619700076404362e-16,1.4619700076404362e-16,2.4043003959204206e-18,2.4043003959204206e-18,2.4680663811555293e-10,2.4680663811555293e-10,0.29955985406988805,5.791545162717824e-17
5/4,1.25,0x1.4000000000000p+0,main_grid,True,True,True,9.375,9.375,6.097198486328125,6.097198486328125,6.097198486328125,0.351926744180226534463169380308619421100839368746652785633130289849994744560620241950418683337254058,0.2961465116395469310736612393827611577983212625066944287337394203000105108787595160991626333254918841,0.351926744180226534463169380308619421100839368746652785633130289849994744560620241950418683337254058,0.3519267441802265,0.2961465116395469,0.3519267441802265,0.3519267441802265,0.2961465116395469,0.3519267441802265,0.0,0.0,1.4479249143436152e-17,1.4479249143436152e-17,2.479250592047742e-10,2.479250592047742e-10,0.2961465116395469,1.4479249143436152e-17
63/50,1.26,0x1.428f5c28f5c29p+0,main_grid,True,True,True,9.5256,9.5256,6.15169942972704,6.1516994297270395,6.1516994297270395,0.3536534197103926511968984118703448081994684384061538755880574226755607521763333393084928319226490888,0.2926931605792146976062031762593103836010631231876922488238851546488784956473333213830143361547018225,0.3536534197103926511968984118703448081994684384061538755880574226755607521763333393084928319226490888,0.3536534197103927,0.29269316057921463,0.3536534197103927,0.3536534197103927,0.29269316057921463,0.3536534197103927,2.4657717449168635e-16,2.4657717449168635e-16,6.912563213969757e-17,6.912563213969757e-17,2.490261967963675e-10,2.490261967963675e-10,0.2926931605792147,1.3614480908439741e-17
127/100,1.27,0x1.451eb851eb852p+0,main_grid,True,True,True,9.6774,9.6774,6.205583810823685,6.205583810823686,6.205583810823686,0.3554001038854690394441868692198703764870482135899580562089218481559036759672261167416148966702430104,0.2891997922290619211116262615602592470259035728200838875821563036881926480655477665167702066595139793,0.3554001038854690394441868692198703764870482135899580562089218481559036759672261167416148966702430104,0.35540010388546905,0.28919979222906195,0.35540010388546905,0.35540010388546905,0.28919979222906195,0.35540010388546905,2.1718365238228255e-16,2.1718365238228255e-16,2.604584948108216e-17,2.604584948108216e-17,2.501100923452056e-10,2.501100923452056e-10,0.28919979222906195,2.604584948108216e-17
32/25,1.28,0x1.47ae147ae147bp+0,main_grid,True,True,True,9.8304,9.830400000000001,6.25884283273216,6.25884283273216,6.25884283273216,0.3571667888170828514422879215523356786787327829641495310877888296714405386538324398076545343215015015,0.285666422365834297115424156895328642642534434071700937824422340657118922692335120384690931356996997,0.3571667888170828514422879215523356786787327829641495310877888296714405386538324398076545343215015015,0.3571667888170828,0.2856664223658344,0.3571667888170828,0.3571667888170828,0.2856664223658344,0.3571667888170828,1.958421937404127e-16,1.958421937404127e-16,9.662189192012679e-17,9.662189192012679e-17,2.5117679414230567e-10,2.5117679414230567e-10,0.2856664223658343,1.440041054238887e-17
129/100,1.29,0x1.4a3d70a3d70a4p+0,main_grid,True,True,True,9.9846,9.9846,6.311468270248965,6.311468270248964,6.311468270248964,0.3589534536022369408860102025059082599068689527092063430731233705143541567800504552575774477286245203,0.2820930927955261182279795949881834801862620945815873138537532589712916864398990894848451045427509594,0.3589534536022369408860102025059082599068689527092063430731233705143541567800504552575774477286245203,0.358953453602237,0.2820930927955261,0.358953453602237,0.358953453602237,0.2820930927955261,0.358953453602237,1.7900584706917578e-16,1.7900584706917578e-16,3.904180491113327e-17,3.904180491113327e-17,2.522263574995459e-10,2.522263574995459e-10,0.2820930927955261,3.904180491113327e-17
13/10,1.3,0x1.4cccccccccccdp+0,main_grid,True,True,True,10.14,10.14,6.363452485,6.363452485,6.363452485,0.3607600634893402523771653494164496774740984021034927237301434804380408601416625490839977569188999767,0.2784798730213194952456693011671006450518031957930145525397130391239182797166749018320044861622000467,0.3607600634893402523771653494164496774740984021034927237301434804380408601416625490839977569188999767,0.36076006348934025,0.2784798730213195,0.36076006348934025,0.36076006348934025,0.2784798730213195,0.36076006348934025,6.127375488635142e-17,6.127375488635142e-17,4.6343221095783804e-18,4.6343221095783804e-18,2.5325884493908237e-10,2.5325884493908237e-10,0.27847987302131944,6.01454733408362e-17
131/100,1.31,0x1.4f5c28f5c28f6p+0,main_grid,True,True,True,10.2966,10.296600000000002,6.414788440706365,6.414788440706365,6.414788440706365,0.3625865690053192211253279754881218973753611079277390870584381391960552862452278173232147392247416691,0.2748268619893615577493440490237562052492777841445218258831237216078894275095443653535705215505166619,0.3625865690053192211253279754881218973753611079277390870584381391960552862452278173232147392247416691,0.3625865690053192,0.2748268619893615,0.3625865690053192,0.3625865690053192,0.2748268619893615,0.3625865690053192,7.246308796663534e-17,7.246308796663534e-17,4.2745295151997535e-17,4.2745295151997535e-17,2.54274326387543e-10,2.54274326387543e-10,0.2748268619893616,6.827700731051812e-17
33/25,1.32,0x1.51eb851eb851fp+0,main_grid,True,True,True,10.4544,10.454400000000001,6.46546971856896,6.465469718568961,6.465469718568961,0.3644329050425245923867777997557731200019449732489944032277118066519975448576185686000005698595004503,0.2711341899149508152264444004884537599961100535020111935445763866960049102847628627999988602809990995,0.3644329050425245923867777997557731200019449732489944032277118066519975448576185686000005698595004503,0.3644329050425245,0.27113418991495086,0.3644329050425245,0.3644329050425245,0.27113418991495086,0.3644329050425245,2.1712083950265612e-16,2.1712083950265612e-16,4.7516681580580716e-17,4.7516681580580716e-17,2.552728793750714e-10,2.552728793750714e-10,0.2711341899149508,7.994469650677111e-18
133/100,1.33,0x1.547ae147ae148p+0,main_grid,True,True,True,10.6134,10.6134,6.515490532771885,6.515490532771885,6.515490532771885,0.3662989899041544343046605404040739228826802629502619842395984665510703465858749966372542459893874659,0.2674020201916911313906789191918521542346394740994760315208030668978593068282500067254915080212250683,0.3662989899041544343046605404040739228826802629502619842395984665510703465858749966372542459893874659,0.3662989899041545,0.2674020201916912,0.3662989899041545,0.3662989899041545,0.2674020201916912,0.3662989899041545,1.5608940048119186e-16,1.5608940048119186e-16,4.958184743460661e-17,4.958184743460661e-17,2.562545892392904e-10,2.562545892392904e-10,0.267402020191691,1.1695160625916687e-16
67/50,1.34,0x1.570a3d70a3d71p+0,main_grid,True,True,True,10.7736,10.773600000000002,6.56484574610464,6.56484574610464,6.56484574610464,0.3681847243069270969049396988801489974733644273055227315202099040110066335813472540748481165201787657,0.2636305513861458061901206022397020050532711453889545369595801919779867328373054918503037669596424686,0.3681847243069270969049396988801489974733644273055227315202099040110066335813472540748481165201787657,0.3681847243069271,0.2636305513861458,0.3681847243069271,0.3681847243069271,0.2636305513861458,0.3681847243069271,6.35746333902956e-17,6.35746333902956e-17,3.3415892922037826e-17,3.3415892922037826e-17,2.5721954933425043e-10,2.5721954933425043e-10,0.2636305513861457,8.892704415329566e-17
27/20,1.35,0x1.599999999999ap+0,main_grid,True,True,True,10.935,10.935,6.613530885703125,6.613530885703124,6.613530885703124,0.3700899903397582720357035824101841959747405394032964523204244750362576617785207986613912310233672237,0.2598200193204834559285928351796316080505189211934070953591510499274846764429584026772175379532655526,0.3700899903397582720357035824101841959747405394032964523204244750362576617785207986613912310233672237,0.3700899903397583,0.25982001932048343,0.3700899903397583,0.3700899903397583,0.25982001932048343,0.3700899903397583,1.6444267853725588e-16,1.6444267853725588e-16,2.519270202886172e-17,2.519270202886172e-17,2.581678612444239e-10,2.581678612444239e-10,0.25982001932048343,2.519270202886172e-17
34/25,1.36,0x1.5c28f5c28f5c3p+0,main_grid,True,True,True,11.0976,11.097600000000002,6.66154215890944,6.661542158909442,6.661542158909442,0.3720146503772250083778478263262310007624922815457409913866736370796534599510193413358482224012859265,0.2559706992455499832443043473475379984750154369085180172266527258406930800979613173283035551974281471,0.3720146503772250083778478263262310007624922815457409913866736370796534599510193413358482224012859265,0.372014650377225,0.25597069924554994,0.372014650377225,0.372014650377225,0.25597069924554994,0.372014650377225,2.625184150902109e-16,2.625184150902109e-16,4.577151648703225e-17,4.577151648703225e-17,2.590996350037993e-10,2.590996350037993e-10,0.2559706992455499,1.0128266771829007e-16
137/100,1.37,0x1.5eb851eb851ecp+0,main_grid,True,True,True,11.2614,11.261400000000002,6.708876469250485,6.7088764692504865,6.7088764692504865,0.3739585459466374761801500256210806556188363187429730843505364872692300973691347452145928435256336677,0.2520829081067250476396999487578386887623273625140538312989270254615398052617305095708143129487326646,0.3739585459466374761801500256210806556188363187429730843505364872692300973691347452145928435256336677,0.3739585459466375,0.25208290810672496,0.3739585459466375,0.3739585459466375,0.25208290810672496,0.3739585459466375,3.1025350231190146e-16,3.1025350231190146e-16,9.100800538128075e-17,9.100800538128075e-17,2.6001498932012574e-10,2.6001498932012574e-10,0.252082908106725,3.549685415002291e-17
69/50,1.38,0x1.6147ae147ae14p+0,main_grid,True,True,True,11.4264,11.426399999999997,6.75553143253536,6.75553143253536,6.75553143253536,0.3759214965475874744783932743402928447286633574567998227843827826444421217346904153532648590652691859,0.2481570069048250510432134513194143105426732850864003544312344347111157565306191692934702818694616282,0.3759214965475874744783932743402928447286633574567998227843827826444421217346904153532648590652691859,0.3759214965475875,0.24815700690482506,0.3759214965475875,0.3759214965475875,0.24815700690482506,0.3759214965475875,3.570501655844812e-17,3.570501655844812e-17,1.0478577534033295e-17,1.0478577534033295e-17,2.609140518043486e-10,2.609140518043486e-10,0.24815700690482503,1.7276998081595617e-17
139/100,1.39,0x1.63d70a3d70a3dp+0,main_grid,True,True,True,11.5926,11.5926,6.801505393071565,6.801505393071563,6.801505393071563,0.3779032984229022209419521374123961082458090278416969090128763734858797754880326114691355279147701642,0.2441934031541955581160957251752077835083819443166061819742472530282404490239347770617289441704596717,0.3779032984229022209419521374123961082458090278416969090128763734858797754880326114691355279147701642,0.3779032984229022,0.24419340315419558,0.3779032984229022,0.3779032984229022,0.24419340315419558,0.3779032984229022,2.078034981948924e-16,2.078034981948924e-16,1.8182850254767592e-17,1.8182850254767592e-17,2.6179695920527074e-10,2.6179695920527074e-10,0.24419340315419558,1.8182850254767592e-17
7/5,1.4,0x1.6666666666666p+0,main_grid,True,True,True,11.76,11.759999999999998,6.84679744,6.84679744,6.84679744,0.3799037232800040306143480710304173975972042193203834579922960303028915077703832289801171626307087011,0.2401925534399919387713038579391652048055915613592330840154079393942169844592335420397656747385825978,0.3799037232800040306143480710304173975972042193203834579922960303028915077703832289801171626307087011,0.37990372328000405,0.24019255343999193,0.37990372328000405,0.37990372328000405,0.24019255343999193,0.37990372328000405,2.2424350501722046e-17,2.2424350501722046e-17,3.9108170360492295e-18,3.9108170360492295e-18,2.6266385764946597e-10,2.6266385764946597e-10,0.24019255343999196,2.3844758579579685e-17
141/100,1.41,0x1.68f5c28f5c28fp+0,main_grid,True,True,True,11.9286,11.928599999999998,6.891407423748765,6.891407423748765,6.891407423748765,0.3819225169617623239726899010670478024104963663571374784823250981839652361326197082640776271720436221,0.2361549660764753520546201978659043951790072672857250430353498036320695277347605834718447456559127558,0.3819225169617623239726899010670478024104963663571374784823250981839652361326197082640776271720436221,0.3819225169617623,0.2361549660764754,0.3819225169617623,0.3819225169617623,0.2361549660764754,0.3819225169617623,1.8625510467789339e-16,1.8625510467789339e-16,5.1225834458985454e-17,5.1225834458985454e-17,2.6351490288646025e-10,2.6351490288646025e-10,0.23615496607647538,2.3470258843356544e-17
71/50,1.42,0x1.6b851eb851eb8p+0,main_grid,True,True,True,12.0984,12.098400000000002,6.93533597260576,6.93533597260576,6.93533597260576,0.3839593980660253376153994478014158461737770210250129799687068624184824323924447479894853851584811634,0.2320812038679493247692011043971683076524459579499740400625862751630351352151105040210292296830376733,0.3839593980660253376153994478014158461737770210250129799687068624184824323924447479894853851584811634,0.38395939806602536,0.23208120386794934,0.38395939806602536,0.38395939806602536,0.23208120386794934,0.38395939806602536,9.21480747257842e-17,9.21480747257842e-17,1.2435888828070503e-17,1.2435888828070503e-17,2.6435026053918687e-10,2.6435026053918687e-10,0.23208120386794934,1.2435888828070503e-17
143/100,1.43,0x1.6e147ae147ae1p+0,main_grid,True,True,True,12.2694,12.2694,6.978584509410085,6.978584509410085,6.978584509410085,0.3860140565131363555197451973203130971437089468880747370075881775746857552598400427358453725754932819,0.2279718869737272889605096053593738057125821062238505259848236448506284894803199145283092548490134361,0.3860140565131363555197451973203130971437089468880747370075881775746857552598400427358453725754932819,0.38601405651313636,0.22797188697372733,0.38601405651313636,0.38601405651313636,0.22797188697372733,0.38601405651313636,1.5183425182230216e-16,1.5183425182230216e-16,4.4498074038373334e-17,4.4498074038373334e-17,2.651701063597107e-10,2.651701063597107e-10,0.2279718869737273,1.674249842274442e-17
36/25,1.44,0x1.70a3d70a3d70ap+0,main_grid,True,True,True,12.4416,12.441599999999998,7.02115526836224,7.021155268362241,7.021155268362241,0.3880861520608747307192393423572217090904704385322629199468763378839500000308094528224923431232656759,0.2238276958782505385615213152855565818190591229354741601062473242320999999383810943550153137534686482,0.3880861520608747307192393423572217090904704385322629199468763378839500000308094528224923431232656759,0.3880861520608747,0.2238276958782505,0.3880861520608747,0.3880861520608747,0.2238276958782505,0.3880861520608747,1.1232800375424884e-16,1.1232800375424884e-16,4.5272746623494225e-17,4.5272746623494225e-17,2.659746264902026e-10,2.659746264902026e-10,0.22382769587825055,1.0238404607763602e-17
29/20,1.45,0x1.7333333333333p+0,main_grid,True,True,True,12.615,12.614999999999998,7.063051311953125,7.063051311953124,7.063051311953124,0.3901753127664170037373113447728250723610524118569399870453318408360941453173449510771090012692434316,0.2196493744671659925253773104543498552778951762861200259093363183278117093653100978457819974615131369,0.3901753127664170037373113447728250723610524118569399870453318408360941453173449510771090012692434316,0.390175312766417,0.21964937446716606,0.390175312766417,0.390175312766417,0.21964937446716606,0.390175312766417,1.591068452664724e-16,1.591068452664724e-16,7.164780742586459e-17,7.164780742586459e-17,2.667640177291336e-10,2.667640177291336e-10,0.219649374467166,1.6136656194606767e-17
73/50,1.46,0x1.75c28f5c28f5cp+0,main_grid,True,True,True,12.7896,12.789599999999997,7.10427654801184,7.104276548011841,7.104276548011841,0.392281133395089702437158297673175552421576368152853125080945289096457286135632278842441553250540141,0.215437733209820595125683404653648895156847263694293749838109421807085427728735442315116893498919718,0.392281133395089702437158297673175552421576368152853125080945289096457286135632278842441553250540141,0.39228113339508963,0.21543773320982068,0.39228113339508963,0.39228113339508963,0.21543773320982068,0.39228113339508963,2.9109497199465743e-16,2.9109497199465743e-16,8.585393474135784e-17,8.585393474135784e-17,2.675384878026406e-10,2.675384878026406e-10,0.21543773320982063,3.034278351010001e-17
147/100,1.47,0x1.7851eb851eb85p+0,main_grid,True,True,True,12.9654,12.965399999999999,7.144835746872285,7.144835746872285,7.144835746872285,0.3944031737758846622424372871504575510472432258885347149176883955476202178727796464381929272285136284,0.2111936524482306755151254256990848979055135482229305701646232089047595642544407071236141455429727432,0.3944031737758846622424372871504575510472432258885347149176883955476202178727796464381929272285136284,0.39440317377588463,0.2111936524482307,0.39440317377588463,0.39440317377588463,0.2111936524482307,0.39440317377588463,1.2039322333409876e-16,1.2039322333409876e-16,3.6522488017800054e-17,3.6522488017800054e-17,2.6829825564100276e-10,2.6829825564100276e-10,0.21119365244823066,1.8988663213457773e-17
37/25,1.48,0x1.7ae147ae147aep+0,main_grid,True,True,True,13.1424,13.1424,7.18473455865856,7.18473455865856,7.18473455865856,0.3965409571039317423993320355211786649122260556080803241302909414653917959801893044187376548702268883,0.2069180857921365152013359289576426701755478887838393517394181170692164080396213911625246902595462233,0.3965409571039317423993320355211786649122260556080803241302909414653917959801893044187376548702268883,0.3965409571039318,0.20691808579213652,0.3965409571039316,0.3965409571039318,0.20691808579213652,0.3965409571039316,1.9227604399377233e-16,1.9227604399377233e-16,9.435239316537253e-18,9.435239316537253e-18,2.6904355166014645e-10,2.6904355166014645e-10,0.20691808579213655,3.7190814932166166e-17
149/100,1.49,0x1.7d70a3d70a3d7p+0,main_grid,True,True,True,13.3206,13.3206,7.223979530689165,7.223979530689165,7.223979530689165,0.3986939681903745055894532073591637766379886040282399005780236546321091704499143955280400338573382267,0.2026120636192509888210935852816724467240227919435201988439526907357816591001712089439199322853235466,0.3986939681903745055894532073591637766379886040282399005780236546321091704499143955280400338573382267,0.39869396819037456,0.20261206361925094,0.39869396819037456,0.39869396819037456,0.20261206361925094,0.39869396819037456,1.6751010370452132e-16,1.6751010370452132e-16,5.1602441487555084e-17,5.1602441487555084e-17,2.6977461804808065e-10,2.6977461804808065e-10,0.20261206361925096,2.384686587192617e-17
3/2,1.5,0x1.8000000000000p+0,main_grid,True,True,True,13.5,13.5,7.262578125,7.262578124999999,7.262578124999999,0.4008616516603737051021396069319392003098073385613321715558137283376899990318520669958369638880820989,0.1982766966792525897957207861361215993803853228773356568883725433246200019362958660083260722238358021,0.4008616516603737051021396069319392003098073385613321715558137283376899990318520669958369638880820989,0.4008616516603738,0.19827669667925252,0.4008616516603738,0.4008616516603738,0.19827669667925252,0.4008616516603738,2.7375497437671543e-16,2.7375497437671543e-16,7.217685749208952e-17,7.217685749208952e-17,2.7049170905614146e-10,2.7049170905614146e-10,0.1982766966792526,1.1089869354797224e-17
151/100,1.51,0x1.828f5c28f5c29p+0,main_grid,True,True,True,13.6806,13.680600000000002,7.300538735986165,7.300538735986165,7.300538735986165,0.4030434101002732636659949201593852127627975501256998335726643088107405955571107589750254052142076706,0.1939131797994534726680101596812295744744048997486003328546713823785188088857784820499491895715846589,0.4030434101002732636659949201593852127627975501256998335726643088107405955571107589750254052142076706,0.40304341010027334,0.19391317979945338,0.40304341010027334,0.40304341010027334,0.19391317979945338,0.40304341010027334,4.069275378826507e-16,4.069275378826507e-16,8.92118564718785e-17,8.92118564718785e-17,2.7119509129490426e-10,2.7119509129490426e-10,0.19391317979945347,5.9451296249917636e-18
38/25,1.52,0x1.851eb851eb852p+0,main_grid,True,True,True,13.8624,13.8624,7.33787070816256,7.337870708162559,7.337870708162559,0.4052386021553058430957616543148218393867321546965164681029883148692265319666979522042968082355682616,0.1895227956893883138084766913703563212265356906069670637940233702615469360666040955914063835288634767,0.4052386021553058430957616543148218393867321546965164681029883148692265319666979522042968082355682616,0.4052386021553059,0.18952279568938826,0.4052386021553059,0.4052386021553059,0.18952279568938826,0.4052386021553059,2.089483365377515e-16,2.089483365377515e-16,5.1211868121604836e-17,5.1211868121604836e-17,2.718850440345971e-10,2.718850440345971e-10,0.18952279568938835,3.2054858725281905e-17
153/100,1.53,0x1.87ae147ae147bp+0,main_grid,True,True,True,14.0454,14.045399999999999,7.374584354043285,7.374584354043285,7.374584354043285,0.4074465405795921249680524509830236121344391937711044046046066484314147152574080128353879419418219096,0.1851069188408157500638950980339527757311216124577911907907867031371705694851839743292241161163561808,0.4074465405795921249680524509830236121344391937711044046046066484314147152574080128353879419418219096,0.4074465405795921,0.18510691884081573,0.4074465405795921,0.4074465405795921,0.18510691884081573,0.4074465405795921,1.5810710677495915e-16,1.5810710677495915e-16,1.8288999217699e-17,1.8288999217699e-17,2.72561859509823e-10,2.72561859509823e-10,0.1851069188408158,3.7222152013558825e-17
77/50,1.54,0x1.8a3d70a3d70a4p+0,main_grid,True,True,True,14.2296,14.229600000000001,7.41069097213984,7.4106909721398395,7.4106909721398395,0.4096664902406015801686507398232413948434602089011640579292612308566753860691146512447091967566583703,0.1806670195187968396626985203535172103130795821976718841414775382866492278617706975105816064866832593,0.4096664902406015801686507398232413948434602089011640579292612308566753860691146512447091967566583703,0.40966649024060164,0.1806670195187968,0.40966649024060164,0.40966649024060164,0.1806670195187968,0.40966649024060164,1.4485999912449557e-16,1.4485999912449557e-16,4.4332836072410504e-17,4.4332836072410504e-17,2.732258432283724e-10,2.732258432283724e-10,0.18066701951879685,1.1178315158847325e-17
31/20,1.55,0x1.8cccccccccccdp+0,main_grid,True,True,True,14.415,14.415000000000001,7.446202865078125,7.446202865078125,7.446202865078125,0.4118976660806948072368218668166279259240878798280203227297428609993610265390513128064818868169519852,0.1762046678386103855263562663667441481518242403439593545405142780012779469218973743870362263660960296,0.4118976660806948072368218668166279259240878798280203227297428609993610265390513128064818868169519852,0.41189766608069484,0.17620466783861027,0.41189766608069484,0.41189766608069484,0.17620466783861027,0.41189766608069484,3.7602600291676503e-16,3.7602600291676503e-16,1.1170405890787424e-16,1.1170405890787424e-16,2.73877314283876e-10,2.73877314283876e-10,0.17620466783861033,5.619290767661642e-17
39/25,1.56,0x1.8f5c28f5c28f6p+0,main_grid,True,True,True,14.6016,14.601600000000001,7.48113335783424,7.4811333578342385,7.4811333578342385,0.4141392310388604248881779530001347661431839347831465523555307236535500310958114661046577895559428517,0.1717215379222791502236440939997304677136321304337068952889385526928999378083770677906844208881142965,0.4141392310388604248881779530001347661431839347831465523555307236535500310958114661046577895559428517,0.4141392310388605,0.17172153792227907,0.4141392310388605,0.4141392310388605,0.17172153792227907,0.4141392310388605,4.1042808851774514e-16,4.1042808851774514e-16,8.412185020664413e-17,8.412185020664413e-17,2.745166056720184e-10,2.745166056720184e-10,0.1717215379222791,5.636627459101522e-17
157/100,1.57,0x1.91eb851eb851fp+0,main_grid,True,True,True,14.7894,14.7894,7.515496816089085,7.515496816089085,7.515496816089085,0.416390293936294892399390934624620597881837446584808254553985078375563540295020320851243391002052283,0.167219412127410215201218130750758804236325106830383490892029843248872919409959358297513217995895434,0.416390293936294892399390934624620597881837446584808254553985078375563540295020320851243391002052283,0.4163902939362949,0.1672194121274101,0.4163902939362949,0.4163902939362949,0.1672194121274101,0.4163902939362949,3.302264407978319e-16,3.302264407978319e-16,1.2100803751884069e-16,1.2100803751884069e-16,2.7514406460999815e-10,2.7514406460999815e-10,0.1672194121274102,9.985735056325039e-18
79/50,1.58,0x1.947ae147ae148p+0,main_grid,True,True,True,14.9784,14.978400000000004,7.54930866470176,7.549308664701759,7.549308664701759,0.4186499073300532676474045172112673079069404247110839138362126655027307808932375171460285174488400051,0.1627001853398934647051909655774653841861191505778321723275746689945384382135249657079429651023199897,0.4186499073300532676474045172112673079069404247110839138362126655027307808932375171460285174488400051,0.4186499073300533,0.16270018533989336,0.4186499073300533,0.4186499073300533,0.16270018533989336,0.4186499073300533,4.323900936737858e-16,4.323900936737858e-16,1.0407979475305092e-16,1.0407979475305092e-16,2.757600528588856e-10,2.757600528588856e-10,0.16270018533989342,4.85686435217931e-17
159/100,1.59,0x1.970a3d70a3d71p+0,main_grid,True,True,True,15.1686,15.168600000000001,7.582585406301765,7.582585406301765,7.582585406301765,0.4209170653396244069654714075543726913215007874325243458893688444875914676434311118877729143933609663,0.1581658693207511860690571848912546173569984251349513082212623110248170647131377762244541712132780674,0.4209170653396244069654714075543726913215007874325243458893688444875914676434311118877729143933609663,0.4209170653396245,0.15816586932075108,0.4209170653396245,0.4209170653396245,0.15816586932075108,0.4209170653396245,3.8098757421209135e-16,3.8098757421209135e-16,1.0699447429497505e-16,1.0699447429497505e-16,2.763649470484899e-10,2.763649470484899e-10,0.15816586932075116,2.3727747448088313e-17
8/5,1.6,0x1.999999999999ap+0,main_grid,True,True,True,15.36,15.360000000000003,7.61534464,7.61534464,7.61534464,0.4231907014519568742722062806076758201714164311281911989737604311497056553437875662578023520679426532,0.1536185970960862514555874387846483596571671377436176020524791377005886893124248674843952958641146936,0.4231907014519568742722062806076758201714164311281911989737604311497056553437875662578023520679426532,0.423190701451957,0.1536185970960861,0.423190701451957,0.423190701451957,0.1536185970960861,0.423190701451957,5.787384758708699e-16,5.787384758708699e-16,1.445432492293443e-16,1.445432492293443e-16,2.7695913900430986e-10,2.7695913900430986e-10,0.1536185970960862,6.127652238245756e-17
161/100,1.61,0x1.9c28f5c28f5c3p+0,main_grid,True,True,True,15.5526,15.552600000000002,7.647605080218565,7.647605080218565,7.647605080218565,0.4254696863111830191434775661063431672081015859227868598142604521080599737617468437367013989559575766,0.1490606273776339617130448677873136655837968281544262803714790957838800524765063125265972020880848469,0.4254696863111830191434775661063431672081015859227868598142604521080599737617468437367013989559575766,0.4254696863111831,0.1490606273776339,0.4254696863111831,0.4254696863111831,0.1490606273776339,0.4254696863111831,2.846671596108414e-16,2.846671596108414e-16,6.424068055729926e-17,6.424068055729926e-17,2.775430360760973e-10,2.775430360760973e-10,0.14906062737763395,8.729529326041441e-18
81/50,1.62,0x1.9eb851eb851ecp+0,main_grid,True,True,True,15.7464,15.746400000000005,7.67938657563936,7.679386575639359,7.679386575639359,0.4277528255000591571974981839293859954071797420846033604058782514788165461164460070269335387569364253,0.1444943489998816856050036321412280091856405158307932791882434970423669077671079859461329224861271494,0.4277528255000591571974981839293859954071797420846033604058782514788165461164460070269335387569364253,0.4277528255000592,0.14449434899988153,0.4277528255000592,0.4277528255000592,0.14449434899988153,0.4277528255000592,6.529578159656304e-16,6.529578159656304e-16,1.522475225428443e-16,1.522475225428443e-16,2.781170614675206e-10,2.781170614675206e-10,0.14449434899988162,6.898079569595756e-17
163/100,1.63,0x1.a147ae147ae14p+0,main_grid,True,True,True,15.9414,15.9414,7.710710128271485,7.710710128271485,7.710710128271485,0.4300388573209600236213443566746877619529380385165746975948734197083871740704695452205279134201950354,0.1399222853580799527573112866506244760941239229668506048102531605832256518590609095589441731596099291,0.4300388573209600236213443566746877619529380385165746975948734197083871740704695452205279134201950354,0.43003885732096003,0.1399222853580799,0.43003885732096003,0.43003885732096003,0.1399222853580799,0.43003885732096003,2.319860816222886e-16,2.319860816222886e-16,4.6342936582068767e-17,4.6342936582068767e-17,2.7868165456636643e-10,2.7868165456636643e-10,0.13992228535808,3.6923790264817974e-17
41/25,1.64,0x1.a3d70a3d70a3dp+0,main_grid,True,True,True,16.1376,16.137599999999996,7.74159791263744,7.74159791263744,7.74159791263744,0.4323264505851357147233625390601066111145150419704674958642240058819925249678328533790821640830831444,0.1353470988297285705532749218797867777709699160590650082715519882360149500643342932418356718338337112,0.4323264505851357147233625390601066111145150419704674958642240058819925249678328533790821640830831444,0.43232645058513575,0.1353470988297285,0.43232645058513575,0.43232645058513575,0.1353470988297285,0.43232645058513575,2.2886299648918967e-16,2.2886299648918967e-16,6.3412162462813e-17,6.3412162462813e-17,2.7923727127467017e-10,2.7923727127467017e-10,0.13534709882972862,4.761013999970266e-17
33/20,1.65,0x1.a666666666666p+0,main_grid,True,True,True,16.335,16.334999999999997,7.772073295078125,7.772073295078126,7.772073295078126,0.4346142024198587109999647189641085025731128315660686985368813204079293422107556848689992587260603585,0.130771595160282578000070562071782994853774336867862602926237359184141315578488630262001482547879283,0.4346142024198587109999647189641085025731128315660686985368813204079293422107556848689992587260603585,0.4346142024198587,0.13077159516028258,0.4346142024198586,0.4346142024198587,0.13077159516028258,0.4346142024198586,1.8730215150724778e-16,1.8730215150724778e-16,5.2366510587067706e-18,5.2366510587067706e-18,2.79784384338114e-10,2.79784384338114e-10,0.13077159516028264,6.07478022899646e-17
83/50,1.66,0x1.a8f5c28f5c28fp+0,main_grid,True,True,True,16.5336,16.5336,7.80216085317664,7.802160853176641,7.802160853176641,0.4369006361040562196723246035539124743072298333373480017689262127505046548134465714499353192993037906,0.1261987277918875606553507928921750513855403333253039964621475744989906903731068571001293614013924188,0.4369006361040562196723246035539124743072298333373480017689262127505046548134465714499353192993037906,0.4369006361040562,0.1261987277918875,0.4369006361040562,0.4369006361040562,0.1261987277918875,0.4369006361040562,1.602209017426109e-16,1.602209017426109e-16,5.0103335009787016e-17,5.0103335009787016e-17,2.8032348367397683e-10,2.8032348367397683e-10,0.1261987277918876,3.3163391837099725e-17
167/100,1.67,0x1.ab851eb851eb8p+0,main_grid,True,True,True,16.7334,16.7334,7.831886395300885,7.831886395300885,7.831886395300885,0.4391841989440372318246226754036628753105360762529535328757319233638711890736844143505435084886898077,0.1216316021119255363507546491926742493789278474940929342485361532722576218526311712989129830226203846,0.4391841989440372318246226754036628753105360762529535328757319233638711890736844143505435084886898077,0.43918419894403726,0.12163160211192549,0.43918419894403726,0.43918419894403726,0.12163160211192549,0.43918419894403726,1.6598738159012743e-16,1.6598738159012743e-16,4.825408817916453e-17,4.825408817916453e-17,2.808550766968662e-10,2.808550766968662e-10,0.12163160211192554,7.257063052093292e-18
42/25,1.68,0x1.ae147ae147ae1p+0,main_grid,True,True,True,16.9344,16.934399999999997,7.86127698026496,7.861276980264961,7.861276980264961,0.4414632602019818279672016969006236742963877544559470668312913540380536296577706018298667173204166271,0.1170734795960363440655966061987526514072244910881058663374172919238927406844587963402665653591667458,0.4414632602019818279672016969006236742963877544559470668312913540380536296577706018298667173204166271,0.44146326020198184,0.11707347959603628,0.44146326020198184,0.44146326020198184,0.11707347959603628,0.44146326020198184,1.968492263838848e-16,1.968492263838848e-16,6.010940137203048e-17,6.010940137203048e-17,2.8137968864140214e-10,2.8137968864140214e-10,0.1170734795960364,5.091290109048516e-17
169/100,1.69,0x1.b0a3d70a3d70ap+0,main_grid,True,True,True,17.1366,17.136599999999998,7.890360937109365,7.8903609371093655,7.8903609371093655,0.44373610909095897806953102522734768773556944320692986922654817392063221390744980287915208615863114,0.1125277818180820438609379495453046245288611135861402615469036521587355721851003942416958276827377201,0.44373610909095897806953102522734768773556944320692986922654817392063221390744980287915208615863114,0.44373610909095895,0.11252778181808201,0.44373610909095895,0.44373610909095895,0.11252778181808201,0.44373610909095895,9.728602203144358e-17,9.728602203144358e-17,3.167244020704556e-17,3.167244020704556e-17,2.8189786288096544e-10,2.8189786288096544e-10,0.11252778181808207,2.3838711024212272e-17
17/10,1.7,0x1.b333333333333p+0,main_grid,True,True,True,17.34,17.34,7.919167885,7.919167885000001,7.919167885000001,0.4460009528513739799317311732935940907887445298174784180623542873658878113303188293248312666628104955,0.107998094297252040136537653412811818422510940365043163875291425268224377339362341350337466674379009,0.4460009528513739799317311732935940907887445298174784180623542873658878113303188293248312666628104955,0.446000952851374,0.10799809429725203,0.446000952851374,0.446000952851374,0.10799809429725203,0.446000952851374,1.263892558887354e-16,1.263892558887354e-16,8.77712451537867e-18,8.77712451537867e-18,2.824101612415586e-10,2.824101612415586e-10,0.10799809429725209,4.6734026715879156e-17
171/100,1.71,0x1.b5c28f5c28f5cp+0,main_grid,True,True,True,17.5446,17.5446,7.947728753245965,7.947728753245967,7.947728753245967,0.448255914924912288823490243348964255007794427054851936483727824001491798995404526440825216428216272,0.103488170150175422353019513302071489984411145890296127032544351997016402009190947118349567143567456,0.448255914924912288823490243348964255007794427054851936483727824001491798995404526440825216428216272,0.4482559149249123,0.10348817015017538,0.4482559149249123,0.4482559149249123,0.10348817015017538,0.4482559149249123,1.878413121772306e-16,1.878413121772306e-16,4.589253100555602e-17,4.589253100555602e-17,2.829171643097661e-10,2.829171643097661e-10,0.10348817015017546,3.737419584133072e-17
43/25,1.72,0x1.b851eb851eb85p+0,main_grid,True,True,True,17.7504,17.7504,7.97607580143616,7.976075801436159,7.976075801436159,0.4504990332432361423166758247019772364244593026732078609223906571271175023011088896491228753168965234,0.0990019335135277153666483505960455271510813946535842781552186857457649953977822207017542493662069532,0.4504990332432361423166758247019772364244593026732078609223906571271175023011088896491228753168965234,0.4504990332432362,0.09900193351352767,0.4504990332432362,0.4504990332432362,0.09900193351352767,0.4504990332432362,2.365174818983706e-16,2.365174818983706e-16,5.023502228516485e-17,5.023502228516485e-17,2.834194717337344e-10,2.834194717337344e-10,0.09900193351352778,6.07872801773508e-17
173/100,1.73,0x1.bae147ae147aep+0,main_grid,True,True,True,17.9574,17.9574,8.004242639694685,8.004242639694684,8.004242639694684,0.4527282586498961041353055520358476807269581766003474422020688617350466345333873790740757913408283998,0.09454348270020779172938889592830463854608364679930511559586227652990673093322524185184841731834320049,0.4527282586498961041353055520358476807269581766003474422020688617350466345333873790740757913408283998,0.4527282586498962,0.09454348270020776,0.4527282586498961,0.4527282586498962,0.09454348270020776,0.4527282586498961,2.3075533541391283e-16,2.3075533541391283e-16,2.682775461840708e-17,2.682775461840708e-17,2.8391770251602646e-10,2.8391770251602646e-10,0.09454348270020776,2.682775461840708e-17
87/50,1.74,0x1.bd70a3d70a3d7p+0,main_grid,True,True,True,18.1656,18.1656,8.03226424905504,8.032264249055038,8.032264249055038,0.4549414534751320558055421032063287840468959232476639163897169461813494153237709956447648793482456731,0.09011709304973588838891579358734243190620815350467216722056610763730116935245800871047024130350865377,0.4549414534751320558055421032063287840468959232476639163897169461813494153237709956447648793482456731,0.45494145347513215,0.09011709304973586,0.45494145347513204,0.45494145347513215,0.09011709304973586,0.45494145347513204,4.062064828937224e-16,4.062064828937224e-16,2.4847543966064236e-17,2.4847543966064236e-17,2.844124952971382e-10,2.844124952971382e-10,0.09011709304973588,1.0969756158249778e-17
7/4,1.75,0x1.c000000000000p+0,main_grid,True,True,True,18.375,18.375,8.060177001953125,8.060177001953125,8.060177001953125,0.4571363902844463574094825347116576254332000029683940246228284342463618620735716459002768027427960787,0.0857272194311072851810349305766847491335999940632119507543431315072762758528567081994463945144078425,0.4571363902844463574094825347116576254332000029683940246228284342463618620735716459002768027427960787,0.4571363902844464,0.08572721943110723,0.4571363902844464,0.4571363902844464,0.08572721943110723,0.4571363902844464,3.447059237218225e-16,3.447059237218225e-16,5.853731700823363e-17,5.853731700823363e-17,2.8490450862839646e-10,2.8490450862839646e-10,0.08572721943110728,3.0261657769758e-18
44/25,1.76,0x1.c28f5c28f5c29p+0,main_grid,True,True,True,18.5856,18.5856,8.08801868283904,8.08801868283904,8.08801868283904,0.4593107508230233718974798072855315076898517534591306455611932058527280801057535232419321659350105388,0.08137849835395325620504038542893698462029649308173870887761358829454383978849295351613566812997892245,0.4593107508230233718974798072855315076898517534591306455611932058527280801057535232419321659350105388,0.45931075082302336,0.08137849835395321,0.45931075082302336,0.45931075082302336,0.08137849835395321,0.45931075082302336,2.2073596243310548e-16,2.2073596243310548e-16,4.8682525029197484e-17,4.8682525029197484e-17,2.853944212328899e-10,2.853944212328899e-10,0.08137849835395328,2.07064140098748e-17
177/100,1.77,0x1.c51eb851eb852p+0,main_grid,True,True,True,18.7974,18.7974,8.115828508907685,8.115828508907686,8.115828508907686,0.4614621251792300994868052881172731578935025118543862869566996256106337258657624566132016899646699661,0.07707574964153980102638942376545368421299497629122742608660074877873254826847508677359662007066006771,0.4614621251792300994868052881172731578935025118543862869566996256106337258657624566132016899646699661,0.46146212517923013,0.07707574964153972,0.46146212517923013,0.46146212517923013,0.07707574964153972,0.46146212517923013,3.4694297748480923e-16,3.4694297748480923e-16,7.794815760767635e-17,7.794815760767635e-17,2.858829322530166e-10,2.858829322530166e-10,0.07707574964153978,2.2437006376418526e-17
89/50,1.78,0x1.c7ae147ae147bp+0,main_grid,True,True,True,19.0104,19.0104,8.14364715094816,8.143647150948158,8.143647150948158,0.4635880111915463320766081361688470539407083688953269485586942209860588676696114497090386839567180758,0.07282397761690733584678372766230589211858326220934610288261155802788226466077710058192263208656384838,0.4635880111915463320766081361688470539407083688953269485586942209860588676696114497090386839567180758,0.46358801119154636,0.07282397761690734,0.4635880111915463,0.46358801119154636,0.07282397761690734,0.4635880111915463,2.5116581634506234e-16,2.5116581634506234e-16,6.8779887062772006e-18,6.8779887062772006e-18,2.863707614831653e-10,2.863707614831653e-10,0.0728239776169073,3.475537471716617e-17
179/100,1.79,0x1.ca3d70a3d70a4p+0,main_grid,True,True,True,19.2246,19.2246,8.171516754311965,8.171516754311966,8.171516754311966,0.4656858141243217262571748467185704614836846929364127575241696670330258751157719382275537101946987218,0.06862837175135654748565030656285907703263061412717448495166066593394824976845612354489257961060255649,0.4656858141243217262571748467185704614836846929364127575241696670330258751157719382275537101946987218,0.46568581412432175,0.06862837175135647,0.46568581412432175,0.46568581412432175,0.06862837175135647,0.46568581412432175,4.3964990491800666e-16,4.3964990491800666e-16,7.687645478069576e-17,7.687645478069576e-17,2.868586495859792e-10,2.868586495859792e-10,0.06862837175135655,6.390272066190989e-18
9/5,1.8,0x1.ccccccccccccdp+0,main_grid,True,True,True,19.44,19.440000000000005,8.19948096,8.19948096,8.19948096,0.4677528466387218734391694959189221655318045887626526057571331929771320549538784464718117962432587928,0.06449430672255625312166100816215566893639082247469478848573361404573589009224310705637640751348241438,0.4677528466387218734391694959189221655318045887626526057571331929771320549538784464718117962432587928,0.4677528466387219,0.06449430672255614,0.4677528466387219,0.4677528466387219,0.06449430672255614,0.4677528466387219,6.298186841367939e-16,6.298186841367939e-16,1.1195682387910823e-16,1.1195682387910823e-16,2.8734735829059086e-10,2.8734735829059086e-10,0.06449430672255624,1.4812309224407036e-17
181/100,1.81,0x1.cf5c28f5c28f6p+0,main_grid,True,True,True,19.6566,19.6566,8.227584925868365,8.227584925868365,8.227584925868365,0.4697863290860843340785281991164495771369074337387662244399666609961110003886240130359435346600257539,0.06042734182783133184294360176710084572618513252246755112006667800777799922275197392811293067994849229,0.4697863290860843340785281991164495771369074337387662244399666609961110003886240130359435346600257539,0.46978632908608436,0.06042734182783132,0.46978632908608425,0.46978632908608436,0.06042734182783132,0.46978632908608425,1.6960751550384185e-16,1.6960751550384185e-16,1.198921811265637e-17,1.198921811265637e-17,2.8783767057115014e-10,2.8783767057115014e-10,0.06042734182783133,5.050324208749143e-18
91/50,1.82,0x1.d1eb851eb851fp+0,main_grid,True,True,True,19.8744,19.8744,8.25587534795296,8.25587534795296,8.25587534795296,0.4717833901516354012026118746666632523609560486051877551345010971211585850615945249178800230175346727,0.05643321969672919759477625066667349527808790278962448973099780575768282987681095016423995396493065455,0.4717833901516354012026118746666632523609560486051877551345010971211585850615945249178800230175346727,0.4717833901516354,0.05643321969672915,0.4717833901516354,0.4717833901516354,0.05643321969672915,0.4717833901516354,2.755164204778901e-16,2.755164204778901e-16,4.4314019787093476e-17,4.4314019787093476e-17,2.8833039080391337e-10,2.8833039080391337e-10,0.056433219696729174,2.349733807537179e-17
183/100,1.83,0x1.d47ae147ae148p+0,main_grid,True,True,True,20.0934,20.093400000000003,8.284400481912885,8.284400481912886,8.284400481912886,0.47374106787709402447597813342194540651288769674043990908327787703875392539940599267267162194292381,0.05251786424581195104804373315610918697422460651912018183344424592249214920118801465465675611415237993,0.47374106787709402447597813342194540651288769674043990908327787703875392539940599267267162194292381,0.4737410678770941,0.052517864245811834,0.4737410678770941,0.4737410678770941,0.052517864245811834,0.4737410678770941,7.147136454895517e-16,7.147136454895517e-16,1.1744688074529486e-16,1.1744688074529486e-16,2.8882634490110325e-10,2.8882634490110325e-10,0.0525178642458119,4.805794170622258e-17
46/25,1.84,0x1.d70a3d70a3d71p+0,main_grid,True,True,True,20.3136,20.3136,8.31321016459264,8.313210164592642,8.313210164592642,0.4756563110910841930923400463433484772579939263084679161146911158727430744513026056533580526216555643,0.04868737781783161381531990731330304548401214738306416777061776825451385109739478869328389475668887139,0.4756563110910841930923400463433484772579939263084679161146911158727430744513026056533580526216555643,0.4756563110910842,0.04868737781783155,0.4756563110910842,0.4756563110910842,0.04868737781783155,0.4756563110910842,4.856175091071378e-16,4.856175091071378e-16,6.437283553385553e-17,6.437283553385553e-17,2.8932638041970144e-10,2.8932638041970144e-10,0.0486873778178316,1.580057820650493e-17
37/20,1.85,0x1.d99999999999ap+0,main_grid,True,True,True,20.535,20.535,8.342355835703125,8.342355835703126,8.342355835703126,0.4775259812764630225599801374646726473332160429049634838349529057733544565505949972149399322024059119,0.0449480374470739548800397250706547053335679141900730323300941884532910868988100055701201355951881762,0.4775259812764630225599801374646726473332160429049634838349529057733544565505949972149399322024059119,0.47752598127646306,0.044948037447073846,0.47752598127646306,0.47752598127646306,0.044948037447073846,0.47752598127646306,7.629086798613134e-16,7.629086798613134e-16,1.0847348638155742e-16,1.0847348638155742e-16,2.898313666432911e-10,2.898313666432911e-10,0.04494803744707392,3.214565343857792e-17
93/50,1.86,0x1.dc28f5c28f5c3p+0,main_grid,True,True,True,20.7576,20.757600000000004,8.37189055962144,8.371890559621441,8.371890559621441,0.4793468549036194693630006298508108446219730508923535328853856103691221181779680202911600858004313857,0.04130629019276106127399874029837831075605389821529293422922877926175576364406395941767982839913722855,0.4793468549036194693630006298508108446219730508923535328853856103691221181779680202911600858004313857,0.47934685490361945,0.04130629019276102,0.47934685490361945,0.47934685490361945,0.04130629019276102,0.47934685490361945,3.6881498763163383e-16,3.6881498763163383e-16,4.33419882370254e-17,4.33419882370254e-17,2.9034219463502797e-10,2.9034219463502797e-10,0.041306290192761025,3.6403094333118174e-17
187/100,1.87,0x1.deb851eb851ecp+0,main_grid,True,True,True,20.9814,20.981400000000004,8.401869047309485,8.401869047309486,8.401869047309486,0.4811156262584777263557598770152299964146229503307349532196169318613312176564915113825840047754032781,0.03776874748304454728848024596954000717075409933853009356076613627733756468701697723483199044919344378,0.4811156262584777263557598770152299964146229503307349532196169318613312176564915113825840047754032781,0.4811156262584778,0.03776874748304447,0.4811156262584778,0.4811156262584778,0.03776874748304447,0.4811156262584778,6.429746742307074e-16,6.429746742307074e-16,7.64633382321328e-17,7.64633382321328e-17,2.908597772597896e-10,2.908597772597896e-10,0.03776874748304449,5.564665652041112e-17
47/25,1.88,0x1.e147ae147ae14p+0,main_grid,True,True,True,21.2064,21.206399999999995,8.43234767835136,8.432347678351357,8.432347678351357,0.4828289107933190742782913285447170052992836561521631905574726399897058909213084913985076610668448707,0.03434217841336185144341734291056598940143268769567361888505472002058821815738301720298467786631025861,0.4828289107933190742782913285447170052992836561521631905574726399897058909213084913985076610668448707,0.4828289107933191,0.03434217841336184,0.4828289107933191,0.4828289107933191,0.03434217841336184,0.4828289107933191,4.1659333373535166e-16,4.1659333373535166e-16,1.2647669727006091e-17,1.2647669727006091e-17,2.913850491735303e-10,2.913850491735303e-10,0.03434217841336187,1.510790588862282e-17
189/100,1.89,0x1.e3d70a3d70a3dp+0,main_grid,True,True,True,21.4326,21.432599999999997,8.463384523109565,8.463384523109564,8.463384523109564,0.4844832490275852840179754430326467302570565315905339494541459519395224929420055156887510315562631318,0.03103350194482943196404911393470653948588693681893210109170809612095501411598896862249793688747373644,0.4844832490275852840179754430326467302570565315905339494541459519395224929420055156887510315562631318,0.4844832490275853,0.031033501944829414,0.4844832490275853,0.4844832490275853,0.031033501944829414,0.4844832490275853,1.7217687455412205e-16,1.7217687455412205e-16,1.780985692082537e-17,1.780985692082537e-17,2.9191896677785666e-10,2.9191896677785666e-10,0.031033501944829445,1.3415165646757159e-17
19/10,1.9,0x1.e666666666666p+0,main_grid,True,True,True,21.66,21.66,8.495039365,8.495039365,8.495039365,0.4860751110245149523212362418523060016449964973175848255766146176063069956121386378060650693641606215,0.02784977795097009535752751629538799671000700536483034884677076478738600877572272438786986127167875696,0.4860751110245149523212362418523060016449964973175848255766146176063069956121386378060650693641606215,0.48607511102451495,0.027849777950970104,0.48607511102451495,0.48607511102451495,0.027849777950970104,0.48607511102451495,1.3601384640894175e-16,1.3601384640894175e-16,8.560477222534562e-18,8.560477222534562e-18,2.924625081378392e-10,2.924625081378392e-10,0.027849777950970104,8.560477222534562e-18
191/100,1.91,0x1.e8f5c28f5c28fp+0,main_grid,True,True,True,21.8886,21.8886,8.527373722885765,8.527373722885763,8.527373722885763,0.4876009014677617394932099380102432080621735092298103082478055688896523890702836785549716496247114449,0.02479819706447652101358012397951358387565298154037938350438886222069522185943264289005670075057711027,0.4876009014677617394932099380102432080621735092298103082478055688896523890702836785549716496247114449,0.48760090146776175,0.024798197064476505,0.48760090146776175,0.48760090146776175,0.024798197064476505,0.48760090146776175,3.520419078721144e-16,3.520419078721144e-16,1.6027538718747668e-17,1.6027538718747668e-17,2.930166728610845e-10,2.930166728610845e-10,0.02479819706447653,8.25858994492763e-18
48/25,1.92,0x1.eb851eb851eb8p+0,main_grid,True,True,True,22.1184,22.118399999999998,8.56045087358976,8.560450873589758,8.560450873589758,0.4890569653600223124730352320305761004228412957115775410444482121372517830942447823568437640115440006,0.02188606927995537505392953593884779915431740857684491791110357572549643381151043528631247197691199886,0.4890569653600223124730352320305761004228412957115775410444482121372517830942447823568437640115440006,0.4890569653600223,0.021886069279955383,0.4890569653600223,0.4890569653600223,0.021886069279955383,0.4890569653600223,3.5931493767408954e-16,3.5931493767408954e-16,7.789664799956584e-18,7.789664799956584e-18,2.935824819361159e-10,2.935824819361159e-10,0.02188606927995538,4.3202178480029695e-18
193/100,1.93,0x1.ee147ae147ae1p+0,main_grid,True,True,True,22.3494,22.349399999999996,8.594335874526085,8.594335874526084,8.594335874526084,0.4904395943631361952516901941504240731528075430992174001796113901827371311548202516010274778256209282,0.01912081127372760949661961169915185369438491380156519964077721963452573769035949679794504434875814365,0.4904395943631361952516901941504240731528075430992174001796113901827371311548202516010274778256209282,0.49043959436313617,0.0191208112737276,0.49043959436313617,0.49043959436313617,0.0191208112737276,0.49043959436313617,2.794755039211783e-16,2.794755039211783e-16,8.437084081473421e-18,8.437084081473421e-18,2.9416097752815067e-10,2.9416097752815067e-10,0.019120811273727615,5.440703726341035e-18
97/50,1.94,0x1.f0a3d70a3d70ap+0,main_grid,True,True,True,22.5816,22.581599999999998,8.62909558645024,8.62909558645024,8.62909558645024,0.4917450337960871808082495040416966524144221594924548987271024889997213869491566254090642450064781232,0.0165099324078256383835009919166066951711556810150902025457950220005572261016867491818715099870437536,0.4917450337960871808082495040416966524144221594924548987271024889997213869491566254090642450064781232,0.49174503379608714,0.016509932407825622,0.49174503379608714,0.49174503379608714,0.016509932407825622,0.49174503379608714,1.7473276622440704e-16,1.7473276622440704e-16,1.641960827700035e-17,1.641960827700035e-17,2.9475322273041093e-10,2.9475322273041093e-10,0.01650993240782565,1.1335967338628563e-17
39/20,1.95,0x1.f333333333333p+0,main_grid,True,True,True,22.815,22.814999999999998,8.664798696328125,8.664798696328127,8.664798696328127,0.4929694903038180041285127297774826182230516202052989030133304665810727728709238897708522250785062109,0.01406101939236399174297454044503476355389675958940219397333906683785445425815222045829554984298757824,0.4929694903038180041285127297774826182230516202052989030133304665810727728709238897708522250785062109,0.492969490303818,0.014061019392363986,0.492969490303818,0.492969490303818,0.014061019392363986,0.492969490303818,1.0641089173156193e-16,1.0641089173156193e-16,5.701591312346723e-18,5.701591312346723e-18,2.95360301269178e-10,2.95360301269178e-10,0.014061019392364003,1.1645643447421347e-17
49/25,1.96,0x1.f5c28f5c28f5cp+0,main_grid,True,True,True,23.0496,23.049599999999998,8.70151574032384,8.701515740323838,8.701515740323838,0.4941091402057531296306968361009245426702034094236645405289171464735080133620512378631671965613650588,0.01178171958849374073860632779815091465959318115267091894216570705298397327589752427366560687726988239,0.4941091402057531296306968361009245426702034094236645405289171464735080133620512378631671965613650588,0.49410914020575314,0.011781719588493748,0.49410914020575314,0.49410914020575314,0.011781719588493748,0.49410914020575314,1.5818821440737287e-16,1.5818821440737287e-16,7.310734076040264e-18,7.310734076040264e-18,2.9598331716088354e-10,2.9598331716088354e-10,0.011781719588493757,1.59843514559243e-17
197/100,1.97,0x1.f851eb851eb85p+0,main_grid,True,True,True,23.2854,23.2854,8.739319126906285,8.739319126906285,8.739319126906285,0.4951601385284012220260221560990455711457648496625182632361060933985471660809446085432183490499542788,0.009679722943197555947955687801908857708470300674963473527787813202905667838110782913563301900091442311,0.4951601385284012220260221560990455711457648496625182632361060933985471660809446085432183490499542788,0.49516013852840124,0.009679722943197525,0.49516013852840124,0.49516013852840124,0.009679722943197525,0.49516013852840124,4.816610979454145e-16,4.816610979454145e-16,3.067792415405128e-17,3.067792415405128e-17,2.9662339431963576e-10,2.9662339431963576e-10,0.009679722943197556,5.470984135312442e-19
99/50,1.98,0x1.fae147ae147aep+0,main_grid,True,True,True,23.5224,23.5224,8.77828316007456,8.778283160074562,8.778283160074562,0.4961186287213785201071748086035548944710185160019651108459906961277976061205926524803112653102281554,0.007762742557242959785650382792890211057962967996069778308018607744404787758814695039377469379543689256,0.4961186287213785201071748086035548944710185160019651108459906961277976061205926524803112653102281554,0.49611862872137846,0.007762742557242954,0.49611862872137846,0.49611862872137846,0.007762742557242954,0.49611862872137846,1.3846286475794384e-16,1.3846286475794384e-16,6.189331125733768e-18,6.189331125733768e-18,2.9728167611370367e-10,2.9728167611370367e-10,0.007762742557242967,6.821094944092285e-18
199/100,1.99,0x1.fd70a3d70a3d7p+0,main_grid,True,True,True,23.7606,23.7606,8.818484062702165,8.818484062702165,8.818484062702165,0.4969807530506641867687236039251957306139841770701645341713299929150099398937749132549815723683864911,0.006038493898671626462552792149608538772031645859670931657340014169980120212450173490036855263227017842,0.4969807530506641867687236039251957306139841770701645341713299929150099398937749132549815723683864911,0.49698075305066425,0.0060384938986716135,0.49698075305066425,0.49698075305066425,0.0060384938986716135,0.49698075305066425,2.715580134062987e-16,2.715580134062987e-16,1.2963012513880358e-17,1.2963012513880358e-17,2.9795932486962193e-10,2.9795932486962193e-10,0.0060384938986716204,6.024118609973129e-18
2,2.0,0x1.0000000000000p+1,main_grid,True,True,True,24.0,24.0,8.86,8.86,8.86,0.4977426636568848758465011286681715575620767494356659142212189616252821670428893905191873589164785553,0.004514672686230248306997742663656884875846501128668171557562076749435665914221218961625282167042889391,0.4977426636568848758465011286681715575620767494356659142212189616252821670428893905191873589164785553,0.4977426636568849,0.004514672686230246,0.4977426636568849,0.4977426636568849,0.004514672686230246,0.4977426636568849,1.3322676295501878e-16,1.3322676295501878e-16,2.1126034205180303e-18,2.1126034205180303e-18,2.9865752132274436e-10,2.9865752132274436e-10,0.004514672686230248,3.7787994454122323e-19
201/100,2.01,0x1.0147ae147ae14p+1,main_grid,True,True,True,24.2406,24.240599999999993,8.902911103098165,8.902911103098166,8.902911103098166,0.498400534259954073760717366600136788955164025533931732378150602262741569927689524385454077451401224,0.003198931480091852478565266799726422089671948932136535243698795474516860144620951229091845097197551903,0.498400534259954073760717366600136788955164025533931732378150602262741569927689524385454077451401224,0.49840053425995406,0.003198931480091882,0.49840053425995406,0.49840053425995406,0.003198931480091882,0.49840053425995406,8.135493652441397e-16,8.135493652441397e-16,2.947914608596884e-17,2.947914608596884e-17,2.993774640132556e-10,2.993774640132556e-10,0.0031989314800918846,3.208123129993405e-17
101/50,2.02,0x1.028f5c28f5c29p+1,main_grid,True,True,True,24.4824,24.482400000000002,8.94729949274656,8.94729949274656,8.94729949274656,0.4989505724844985954121644739741203792387684936204105990154941225922911922838649388856914091577050142,0.002098855031002809175671052051759241522463012759178801969011754815417615432270122228617181684589971568,0.4989505724844985954121644739741203792387684936204105990154941225922911922838649388856914091577050142,0.49895057248449853,0.002098855031002801,0.4989505724844988,0.49895057248449853,0.002098855031002801,0.4989505724844988,4.2514383404354327e-16,4.2514383404354327e-16,7.989846727403849e-18,7.989846727403849e-18,3.0012036862685494e-10,3.0012036862685494e-10,0.0020988550310028086,6.172719545024186e-19
203/100,2.03,0x1.03d70a3d70a3dp+1,main_grid,True,True,True,24.7254,24.725399999999993,8.993249303134285,8.993249303134286,8.993249303134286,0.4993890327732374710678078715102711325308673299399684706593317636529342451519789392954812995398962636,0.001221934453525057864384256979457734938265340120063058681336472694131509696042121409037400920207472716,0.4993890327732374710678078715102711325308673299399684706593317636529342451519789392954812995398962636,0.4993890327732375,0.0012219344535250747,0.4993890327732375,0.4993890327732375,0.0012219344535250747,0.4993890327732375,7.662589962665372e-16,7.662589962665372e-16,1.6876530711550178e-17,1.6876530711550178e-17,3.0088746727954946e-10,3.0088746727954946e-10,0.0012219344535250786,2.0779658532497994e-17
51/25,2.04,0x1.051eb851eb852p+1,main_grid,True,True,True,24.9696,24.9696,9.04084670582784,9.040846705827843,9.040846705827843,0.4997122298478965557952923298958230923371288166576242463142341648553839060991045735439131383698654304,0.0005755403042068884094153402083538153257423666847515073715316702892321878017908529121737232602691392428,0.4997122298478965557952923298958230923371288166576242463142341648553839060991045735439131383698654304,0.4997122298478965,0.0005755403042068836,0.4997122298478965,0.4997122298478965,0.0005755403042068836,0.4997122298478965,4.1114240352024216e-16,4.1114240352024216e-16,4.840153774394408e-18,4.840153774394408e-18,3.0168000774623907e-10,3.0168000774623907e-10,0.0005755403042068889,4.724368707845638e-19
41/20,2.05,0x1.0666666666666p+1,main_grid,True,True,True,25.215,25.215,9.090179933828125,9.090179933828125,9.090179933828125,0.4999165526694166819217613951584627389393171040892615984674238943658503472967810813459343618264985236,0.0001668946611666361564772096830745221213657918214768030651522112682993054064378373081312763470029528595,0.4999165526694166819217613951584627389393171040892615984674238943658503472967810813459343618264985236,0.4999165526694167,0.00016689466116663745,0.4999165526694167,0.4999165526694167,0.00016689466116663745,0.4999165526694167,1.6589394525969954e-16,1.6589394525969954e-16,1.292294395007304e-18,1.292294395007304e-18,3.024992526330393e-10,3.024992526330393e-10,0.00016689466116663842,2.268076350244258e-18
103/50,2.06,0x1.07ae147ae147bp+1,main_grid,True,True,True,25.4616,25.4616,9.14133930574624,9.141339305746241,9.141339305746241,0.4999984788412272084620452241223621632050259466142725611910283691123537165141467377781010108124927436,0.000003042317545583075909551755275673589948106771454877617943261775292566971706524443797978375014512888976,0.4999984788412272084620452241223621632050259466142725611910283691123537165141467377781010108124927436,0.4999984788412272,3.0423175455833195e-06,0.4999984788412272,0.4999984788412272,3.0423175455833195e-06,0.4999984788412272,3.2669088186931486e-16,3.2669088186931486e-16,2.4358257996613087e-19,2.4358257996613087e-19,3.0334647849356935e-10,3.0334647849356935e-10,3.0423175455832505e-06,1.7454939476490542e-19
sqrt(17)/2,2.0615528128088303,0x1.07e0f66afed07p+1,main_algebraic_B_zero,True,False,True,25.5,25.5,9.149453125,9.149453124999999,9.149453124999999,0.5,0.0,0.5,0.5000000000000001,0.0,0.4999999999999999,0.5000000000000001,0.0,0.4999999999999999,3.730441947809746e-16,3.730441947809746e-16,0.0,0.0,3.0348062954509997e-10,3.0348062954509997e-10,0.0,0.0
207/100,2.07,0x1.08f5c28f5c28fp+1,main_grid,True,True,True,25.7094,25.7094,9.194417250098085,9.194417250098086,9.194417250098086,0.4999545893913053004092841033083804597542054666493418880684036066460667349246218453165064339778717859,0.00009082121738939918143179338323908049158906670131622386319278670786653015075630936698713204425642823132,0.4999545893913053004092841033083804597542054666493418880684036066460667349246218453165064339778717859,0.4999545893913053,9.08212173893954e-05,0.4999545893913053,0.4999545893913053,9.08212173893954e-05,0.4999545893913053,6.58652439794985e-16,6.58652439794985e-16,3.779782136247483e-18,3.779782136247483e-18,3.04222974889735e-10,3.04222974889735e-10,9.082121738939651e-05,2.6684749094498406e-18
52/25,2.08,0x1.0a3d70a3d70a4p+1,main_grid,True,True,True,25.9584,25.9584,9.24950832971776,9.249508329717761,9.249508329717761,0.4997815838607302875123582397322396907968433961430359704457296782929220567988173617127709762460219851,0.0004368322785394249752835205355206184063132077139280591085406434141558864023652765744580475079560298454,0.4997815838607302875123582397322396907968433961430359704457296782929220567988173617127709762460219851,0.4997815838607303,0.00043683227853943377,0.4997815838607303,0.4997815838607303,0.00043683227853943377,0.4997815838607303,6.752291563781461e-16,6.752291563781461e-16,8.792402674795717e-18,8.792402674795717e-18,3.0513004339784913e-10,3.0513004339784913e-10,0.0004368322785394303,5.322955722842102e-18
209/100,2.09,0x1.0b851eb851eb8p+1,main_grid,True,True,True,26.2086,26.208599999999993,9.306709266289765,9.306709266289765,9.306709266289765,0.4994762956185883878668139901244630374759130213862847086554732407600328702898549399405360325702185287,0.001047408762823224266372019751073925048173957227430582689053518479934259420290120118927934859562942638,0.4994762956185883878668139901244630374759130213862847086554732407600328702898549399405360325702185287,0.4994762956185885,0.0010474087628232131,0.4994762956185885,0.4994762956185885,0.0010474087628232131,0.4994762956185885,5.370953470166251e-16,5.370953470166251e-16,1.1143577467474401e-17,1.1143577467474401e-17,3.0606899656126585e-10,3.0606899656126585e-10,0.0010474087628232099,1.4396183984930913e-17
21/10,2.1,0x1.0cccccccccccdp+1,main_grid,True,True,True,26.46,26.46,9.366118965,9.366118965000002,9.366118965000002,0.4990357073155113399736749980518745204727388384181174021634904570102265405081794196492997460021051526,0.001928585368977320052650003896250959054522323163765195673019085979546918983641160701400507995789694734,0.4990357073155113399736749980518745204727388384181174021634904570102265405081794196492997460021051526,0.4990357073155113,0.0019285853689773409,0.4990357073155113,0.4990357073155113,0.0019285853689773409,0.4990357073155113,7.442047355063375e-16,7.442047355063375e-16,2.0837400960465284e-17,2.0837400960465284e-17,3.070411567910434e-10,3.070411567910434e-10,0.0019285853689773233,3.273325766200112e-18
211/100,2.11,0x1.0e147ae147ae1p+1,main_grid,True,True,True,26.7126,26.712600000000002,9.427838539305565,9.427838539305565,9.427838539305565,0.4984569663809758523345238542890791883197902863258892390285588083167148974162870962560289380696750303,0.00308606723804829533095229142184162336041942734822152194288238336657020516742580748794212386064993947,0.4984569663809758523345238542890791883197902863258892390285588083167148974162870962560289380696750303,0.4984569663809759,0.0030860672380482977,0.4984569663809759,0.4984569663809759,0.0030860672380482977,0.4984569663809759,1.3463338165686166e-16,1.3463338165686166e-16,2.3863376780332818e-18,2.3863376780332818e-18,3.0804785521650475e-10,3.0804785521650475e-10,0.003086067238048287,8.455684046821763e-18
53/25,2.12,0x1.0f5c28f5c28f6p+1,main_grid,True,True,True,26.9664,26.9664,9.49197133582336,9.491971335823361,9.491971335823361,0.4977374004628874001919725593206226716399762617992049746413405695434820683285047662041893761890631158,0.004525199074225199616054881358754656720047476401590050717318860913035863342990467591621247621873768497,0.4977374004628874001919725593206226716399762617992049746413405695434820683285047662041893761890631158,0.49773740046288745,0.004525199074225226,0.49773740046288745,0.49773740046288745,0.004525199074225226,0.49773740046288745,7.191264085350626e-16,7.191264085350626e-16,2.6758080318943607e-17,2.6758080318943607e-17,3.090904304879228e-10,3.090904304879228e-10,0.004525199074225222,2.242127162900159e-17
213/100,2.13,0x1.10a3d70a3d70ap+1,main_grid,True,True,True,27.2214,27.221399999999996,9.558622959337485,9.558622959337487,9.558622959337487,0.4968745327020629058302250689524123212782322621324157812734416549609750689482651586671915231181369238,0.006250934595874188339549862095175357443535475735168437453116690078049862103469682665616953763726152467,0.4968745327020629058302250689524123212782322621324157812734416549609750689482651586671915231181369238,0.4968745327020629,0.006250934595874156,0.4968745327020629,0.4968745327020629,0.006250934595874156,0.4968745327020629,6.254060930749893e-16,6.254060930749893e-16,3.224147782344983e-17,3.224147782344983e-17,3.1017022753391834e-10,3.1017022753391834e-10,0.006250934595874155,3.3108839561438237e-17
107/50,2.14,0x1.11eb851eb851fp+1,main_grid,True,True,True,27.4776,27.4776,9.62790129792544,9.627901297925442,9.627901297925442,0.4958660967291536286968825648378224124202387558657804804634747921180191434592664337195537902675879645,0.008267806541692742606234870324355175159522488268439039073050415763961713081467132560892419464824071028,0.4958660967291536286968825648378224124202387558657804804634747921180191434592664337195537902675879645,0.4958660967291536,0.00826780654169274,0.4958660967291536,0.4958660967291536,0.00826780654169274,0.4958660967291536,3.222652482130386e-16,3.222652482130386e-16,2.5235407906069705e-18,2.5235407906069705e-18,3.112885962765219e-10,3.112885962765219e-10,0.008267806541692747,4.415353113300258e-18
43/20,2.15,0x1.1333333333333p+1,main_grid,True,True,True,27.735,27.734999999999996,9.699916548203125,9.699916548203126,9.699916548203126,0.4947100512674508136228451038301509713446764164826722592646739539080066633076806700085464863016380247,0.01057989746509837275430979233969805731064716703465548147065209218398667338463865998290702739672395067,0.4947100512674508136228451038301509713446764164826722592646739539080066633076806700085464863016380247,0.4947100512674508,0.010579897465098338,0.4947100512674508,0.4947100512674508,0.010579897465098338,0.4947100512674508,5.729792499043405e-16,5.729792499043405e-16,3.487395830562245e-17,3.487395830562245e-17,3.124468903072099e-10,3.124468903072099e-10,0.01057989746509835,2.2730893973784802e-17
54/25,2.16,0x1.147ae147ae148p+1,main_grid,True,True,True,27.9936,27.993600000000004,9.77478124068864,9.77478124068864,9.77478124068864,0.4934045942220249483798109776979241090737803091261234126528018721277054911131675506018616840118187617,0.01319081155595010324037804460415178185243938174775317469439625574458901777366489879627663197636247665,0.4934045942220249483798109776979241090737803091261234126528018721277054911131675506018616840118187617,0.49340459422202493,0.013190811555950152,0.49340459422202493,0.49340459422202493,0.013190811555950152,0.49340459422202493,6.946756503907391e-16,6.946756503907391e-16,4.91962667620375e-17,4.91962667620375e-17,3.13646465527577e-10,3.13646465527577e-10,0.013190811555950132,2.8379585050315816e-17
217/100,2.17,0x1.15c28f5c28f5cp+1,main_grid,True,True,True,28.2534,28.2534,9.852610265284885,9.852610265284886,9.852610265284886,0.4919481761338880934454680056807045383725682655514772754150310842924008493247103369555773142779854346,0.01610364773222381310906398863859092325486346889704544916993783141519830135057932608884537144402913073,0.4919481761338880934454680056807045383725682655514772754150310842924008493247103369555773142779854346,0.4919481761338881,0.016103647732223815,0.4919481761338881,0.4919481761338881,0.016103647732223815,0.4919481761338881,1.354375812769154e-16,1.354375812769154e-16,1.905432193491142e-18,1.905432193491142e-18,3.148886787586466e-10,3.148886787586466e-10,0.016103647732223805,8.5029086623697e-18
109/50,2.18,0x1.170a3d70a3d71p+1,main_grid,True,True,True,28.5144,28.514400000000006,9.93352089688096,9.933520896880962,9.933520896880962,0.4903395128774479705625097459756983445907927937930312660390351864087176086594076195191816369546379364,0.01932097424510405887498050804860331081841441241393746792192962718256478268118476096163672609072412725,0.4903395128774479705625097459756983445907927937930312660390351864087176086594076195191816369546379364,0.4903395128774479,0.019320974245104146,0.4903395128774479,0.4903395128774479,0.019320974245104146,0.4903395128774479,1.0924138105760588e-15,1.0924138105760588e-15,8.761336937522192e-17,8.761336937522192e-17,3.1617488632314854e-10,3.1617488632314854e-10,0.019320974245104112,5.2918899855685786e-17
219/100,2.19,0x1.1851eb851eb85p+1,main_grid,True,True,True,28.7766,28.7766,10.017632821072365,10.017632821072365,10.017632821072365,0.4885775974805362235943665554099663146575371758317520512235327878177986825026959129290582740016848036,0.02284480503892755281126688918006737068492564833649589755293442436440263499460817414188345199663039277,0.4885775974805362235943665554099663146575371758317520512235327878177986825026959129290582740016848036,0.4885775974805362,0.02284480503892758,0.4885775974805362,0.4885775974805362,0.02284480503892758,0.4885775974805362,3.287465159971131e-16,3.287465159971131e-16,2.637700127958383e-17,2.637700127958383e-17,3.175064426053973e-10,3.175064426053973e-10,0.02284480503892755,1.378574336045083e-18
11/5,2.2,0x1.199999999999ap+1,main_grid,True,True,True,29.04,29.040000000000003,10.10506816,10.105068160000002,10.105068160000002,0.4866617109488156089785345891224547663021404103027841427246741104614182038332733027304983561832798167,0.02667657810236878204293082175509046739571917939443171455065177907716359233345339453900328763344036662,0.4866617109488156089785345891224547663021404103027841427246741104614182038332733027304983561832798167,0.48666171094881555,0.026676578102368856,0.48666171094881555,0.48666171094881555,0.026676578102368856,0.48666171094881555,7.758852463298521e-16,7.758852463298521e-16,7.380638261198173e-17,7.380638261198173e-17,3.188846985936882e-10,3.188846985936882e-10,0.026676578102368845,6.339804175612089e-17
221/100,2.21,0x1.1ae147ae147aep+1,main_grid,True,True,True,29.3046,29.3046,10.195951498307965,10.195951498307963,10.195951498307963,0.4845914319804530419364044506108982672769099823269938447575643165931463422934764226058296156787186477,0.03081713603909391612719109877820346544618003534601231048487136681370731541304715478834076864256270466,0.4845914319804530419364044506108982672769099823269938447575643165931463422934764226058296156787186477,0.48459143198045307,0.03081713603909393,0.48459143198045307,0.48459143198045307,0.03081713603909393,0.48459143198045307,2.4933946391769045e-16,2.4933946391769045e-16,1.5271711171979185e-17,1.5271711171979185e-17,3.203110004103831e-10,3.203110004103831e-10,0.030817136039093924,8.332817268071958e-18
111/50,2.22,0x1.1c28f5c28f5c3p+1,main_grid,True,True,True,29.5704,29.570400000000003,10.29040990922016,10.290409909220163,10.290409909220163,0.4823666454626129470480504970113432244789290323010706982176638066790152718999474015742541962202229116,0.03526670907477410590389900597731355104214193539785860356467238664196945620010519685149160755955417671,0.4823666454626129470480504970113432244789290323010706982176638066790152718999474015742541962202229116,0.48236664546261293,0.035266709074774194,0.48236664546261293,0.48236664546261293,0.035266709074774194,0.48236664546261293,8.974910813892897e-16,8.974910813892897e-16,8.812874306578376e-17,8.812874306578376e-17,3.2178668783508085e-10,3.2178668783508085e-10,0.03526670907477419,8.118984916187653e-17
223/100,2.23,0x1.1d70a3d70a3d7p+1,main_grid,True,True,True,29.8374,29.8374,10.388572980735685,10.388572980735685,10.388572980735685,0.4799875496485757815349907207526235573120174719356795071731786228222945096804797403122941975278254091,0.04002490070284843693001855849475288537596505612864098565364275435541098063904051937541160494434918177,0.4799875496485757815349907207526235573120174719356795071731786228222945096804797403122941975278254091,0.4799875496485758,0.040024900702848455,0.4799875496485758,0.4799875496485758,0.040024900702848455,0.4799875496485758,1.745518564071244e-16,1.745518564071244e-16,1.826175496608043e-17,1.826175496608043e-17,3.2331309282645786e-10,3.2331309282645786e-10,0.04002490070284844,4.383967158265973e-18
56/25,2.24,0x1.1eb851eb851ecp+1,main_grid,True,True,True,30.1056,30.105600000000006,10.49057284194304,10.490572841943042,10.490572841943042,0.4774546619230877475797559576301107865989889582813954794961337237633471624013685347584550856827120062,0.0450906761538245048404880847397784268020220834372090410077325524733056751972629304830898286345759875,0.4774546619230877475797559576301107865989889582813954794961337237633471624013685347584550856827120062,0.47745466192308766,0.04509067615382467,0.47745466192308766,0.47745466192308766,0.04509067615382467,0.47745466192308766,1.3202911201755902e-15,1.3202911201755902e-15,1.6658333175175124e-16,1.6658333175175124e-16,3.2489153804851156e-10,3.2489153804851156e-10,0.045090676153824595,9.025549880877174e-17
9/4,2.25,0x1.2000000000000p+1,main_grid,True,True,True,30.375,30.375,10.596544189453125,10.596544189453127,10.596544189453127,0.4747688230738366505239388255932219205180602599632356371711968946243783183569875617016114734671406843,0.05046235385232669895212234881355615896387948007352872565760621075124336328602487659677705306571863132,0.4747688230738366505239388255932219205180602599632356371711968946243783183569875617016114734671406843,0.47476882307383667,0.05046235385232666,0.47476882307383667,0.47476882307383667,0.05046235385232666,0.47476882307383667,3.111211701466133e-16,3.111211701466133e-16,3.6856249415435654e-17,3.6856249415435654e-17,3.265233354070507e-10,3.265233354070507e-10,0.0504623538523267,2.1617798958995095e-18
113/50,2.26,0x1.2147ae147ae14p+1,main_grid,True,True,True,30.6456,30.64559999999999,10.70662431395104,10.706624313951039,10.706624313951039,0.4719311999986315903109713804292194910375945209691235111499073644535370837859815443994256933832857266,0.05613760000273681937805723914156101792481095806175297770018527109292583242803691120114861323342854674,0.4719311999986315903109713804292194910375945209691235111499073644535370837859815443994256933832857266,0.4719311999986316,0.056137600002736716,0.4719311999986316,0.4719311999986316,0.056137600002736716,0.4719311999986316,7.79040958480185e-16,7.79040958480185e-16,1.029689220410501e-16,1.029689220410501e-16,3.28209784602341e-10,3.28209784602341e-10,0.05613760000273666,1.5848007327230792e-16
227/100,2.27,0x1.228f5c28f5c29p+1,main_grid,True,True,True,30.9174,30.917399999999997,10.820953126866685,10.820953126866685,10.820953126866685,0.4689432867908161371595337521625532166644926990893550743479805271812172247644524866926237618165617563,0.06211342641836772568093249567489356667101460182128985130403894563756555047109502661475247636687648748,0.4689432867908161371595337521625532166644926990893550743479805271812172247644524866926237618165617563,0.4689432867908161,0.0621134264183678,0.4689432867908161,0.4689432867908161,0.0621134264183678,0.4689432867908161,5.007150009039836e-16,5.007150009039836e-16,7.241767508382956e-17,7.241767508382956e-17,3.299521717038312e-10,3.299521717038312e-10,0.0621134264183677,2.4726839570871632e-17
57/25,2.28,0x1.23d70a3d70a3dp+1,main_grid,True,True,True,31.1904,31.190399999999997,10.93967318716416,10.939673187164159,10.939673187164159,0.4658069041595120860362475557704509698023324294758248072312590739594748106270656378692659847634058299,0.06838619168097582792750488845909806039533514104835038553748185208105037874586872426146803047318834024,0.4658069041595120860362475557704509698023324294758248072312590739594748106270656378692659847634058299,0.46580690415951215,0.06838619168097577,0.46580690415951215,0.46580690415951215,0.06838619168097577,0.46580690415951215,3.9572847802956755e-16,3.9572847802956755e-16,5.320707475032747e-17,5.320707475032747e-17,3.3175176775285963e-10,3.3175176775285963e-10,0.06838619168097576,6.708486255814192e-17
229/100,2.29,0x1.251eb851eb852p+1,main_grid,True,True,True,31.4646,31.4646,11.062929728249965,11.062929728249966,11.062929728249966,0.4625241971562930675299890328811520307069840616314117049261170334696121424851527720744190545877449002,0.07495160568741386494002193423769593858603187673717659014776593306077571502969445585116189082451019958,0.4625241971562930675299890328811520307069840616314117049261170334696121424851527720744190545877449002,0.46252419715629306,0.07495160568741391,0.46252419715629306,0.46252419715629306,0.07495160568741391,0.46252419715629306,3.399202650924958e-16,3.399202650924958e-16,4.311234141958009e-17,4.311234141958009e-17,3.3360982739916095e-10,3.3360982739916095e-10,0.07495160568741391,4.311234141958009e-17
23/10,2.3,0x1.2666666666666p+1,main_grid,True,True,True,31.74,31.739999999999995,11.190870685,11.190870684999997,11.190870684999997,0.459097631195619521181161785536260979500363156953055257290733317056464583747444133744808793668944089,0.08180473760876095763767642892747804099927368609388948541853336588707083250511173251038241266211182209,0.459097631195619521181161785536260979500363156953055257290733317056464583747444133744808793668944089,0.4590976311956196,0.08180473760876088,0.4590976311956196,0.4590976311956196,0.08180473760876088,0.4590976311956196,6.311447800499715e-16,6.311447800499715e-16,8.022789052347111e-17,8.022789052347111e-17,3.3552758757686936e-10,3.3552758757686936e-10,0.08180473760876082,1.3573904175472892e-16
231/100,2.31,0x1.27ae147ae147bp+1,main_grid,True,True,True,32.0166,32.016600000000004,11.323646720905365,11.323646720905366,11.323646720905366,0.4555299863726039656849845109445108155271664078813867291974707865064984879159621112312452081837045939,0.08894002725479206863003097811097836894566718423722654160505842698700302416807577753750958363259081221,0.4555299863726039656849845109445108155271664078813867291974707865064984879159621112312452081837045939,0.455529986372604,0.08894002725479211,0.455529986372604,0.455529986372604,0.08894002725479211,0.455529986372604,4.1330138425229454e-16,4.1330138425229454e-16,4.0282764378334737e-17,4.0282764378334737e-17,3.375062662255395e-10,3.375062662255395e-10,0.0889400272547921,2.6404976570520277e-17
58/25,2.32,0x1.28f5c28f5c28fp+1,main_grid,True,True,True,32.2944,32.294399999999996,11.46141125533696,11.461411255336959,11.461411255336959,0.4518243500981776146022183784717213251406158344224441746927798561832096914543972239976591182358501613,0.09635129980364477079556324305655734971876833115511165061444028763358061709120555200468176352829967735,0.4518243500981776146022183784717213251406158344224441746927798561832096914543972239976591182358501613,0.45182435009817773,0.09635129980364478,0.45182435009817756,0.45182435009817773,0.09635129980364478,0.45182435009817756,3.7182237323939357e-16,3.7182237323939357e-16,6.291089807389772e-18,6.291089807389772e-18,3.395470610614861e-10,3.395470610614861e-10,0.09635129980364472,4.922006142386805e-17
233/100,2.33,0x1.2a3d70a3d70a4p+1,main_grid,True,True,True,32.5734,32.5734,11.604320490928885,11.604320490928885,11.604320490928885,0.4479841080882450517150832754307731871081308137925328800558078257376155032227755218857207001659760543,0.1040317838235098965698334491384536257837383724149342398883843485247689935544489562285585996680478915,0.4479841080882450517150832754307731871081308137925328800558078257376155032227755218857207001659760543,0.44798410808824507,0.10403178382350997,0.44798410808824507,0.44798410808824507,0.10403178382350997,0.44798410808824507,3.778648791844225e-16,3.778648791844225e-16,7.465091086985974e-17,7.465091086985974e-17,3.4165114840447676e-10,3.4165114840447676e-10,0.10403178382350996,6.077312306204528e-17
117/50,2.34,0x1.2b851eb851eb8p+1,main_grid,True,True,True,32.8536,32.85359999999999,11.75253344108064,11.75253344108064,11.75253344108064,0.4440129337596866147067888927175224996401913225263559555738748615012362704383255119428554392417089517,0.1119741324806267705864222145649550007196173549472880888522502769975274591233489761142891215165820965,0.4440129337596866147067888927175224996401913225263559555738748615012362704383255119428554392417089517,0.4440129337596866,0.11197413248062668,0.4440129337596866,0.4440129337596866,0.11197413248062668,0.4440129337596866,4.648659120155327e-16,4.648659120155327e-16,8.924567039886853e-17,8.924567039886853e-17,3.438196820645022e-10,3.438196820645022e-10,0.11197413248062661,1.586346094379408e-16
47/20,2.35,0x1.2cccccccccccdp+1,main_grid,True,True,True,33.135,33.135000000000005,11.906211957578125,11.906211957578126,11.906211957578126,0.4399147761018426467162986874975838985301594617548476725117466921749969013747778618008947435242066661,0.1201704477963147065674026250048322029396810764903046549765066156500061972504442763982105129515866679,0.4399147761018426467162986874975838985301594617548476725117466921749969013747778618008947435242066661,0.4399147761018426,0.12017044779631493,0.4399147761018426,0.4399147761018426,0.12017044779631493,0.4399147761018426,1.168558792266496e-15,1.168558792266496e-15,2.2377692758238535e-16,2.2377692758238535e-16,3.460537922930007e-10,3.460537922930007e-10,0.12017044779631486,1.5438798854331304e-16
59/25,2.36,0x1.2e147ae147ae1p+1,main_grid,True,True,True,33.4176,33.4176,12.06552075833344,12.065520758333435,12.065520758333435,0.4356938461071405869570039359493890986845240732322672195614345996477573046245346159095303242833413232,0.1286123077857188260859921281012218026309518535354655608771308007044853907509307681809393514333173536,0.4356938461071405869570039359493890986845240732322672195614345996477573046245346159095303242833413232,0.4356938461071407,0.12861230778571872,0.4356938461071407,0.4356938461071407,0.12861230778571872,0.4356938461071407,8.520125470815888e-16,8.520125470815888e-16,1.0473247373804088e-16,1.0473247373804088e-16,3.483545848025248e-10,3.483545848025248e-10,0.12861230778571875,7.697689812241197e-17
237/100,2.37,0x1.2f5c28f5c28f6p+1,main_grid,True,True,True,33.7014,33.7014,12.230627455243485,12.230627455243486,12.230627455243486,0.4313546018585678623931617908989118989842519437835186204245209730906594367252780317024990831470728507,0.1372907962828642752136764182021762020314961124329627591509580538186811265494439365950018337058542986,0.4313546018585678623931617908989118989842519437835186204245209730906594367252780317024990831470728507,0.4313546018585679,0.1372907962828643,0.4313546018585679,0.4313546018585679,0.1372907962828643,0.4313546018585679,2.9342117151229416e-16,2.9342117151229416e-16,3.281740334041859e-17,3.281740334041859e-17,3.507231398584241e-10,3.507231398584241e-10,0.1372907962828643,3.281740334041859e-17
119/50,2.38,0x1.30a3d70a3d70ap+1,main_grid,True,True,True,33.9864,33.986399999999996,12.40170258216736,12.401702582167356,12.401702582167356,0.4269017323845312101734875209624959484044266429477767617243330598974217215343608133533619823005348491,0.1461965352309375796530249580750081031911467141044464765513338802051565569312783732932760353989303017,0.4269017323845312101734875209624959484044266429477767617243330598974217215343608133533619823005348491,0.4269017323845313,0.14619653523093754,0.4269017323845313,0.4269017323845313,0.14619653523093754,0.4269017323845313,4.509297078849621e-16,4.509297078849621e-16,4.420965092680072e-17,4.420965092680072e-17,3.5316051144566676e-10,3.5316051144566676e-10,0.14619653523093754,4.420965092680072e-17
239/100,2.39,0x1.31eb851eb851fp+1,main_grid,True,True,True,34.2726,34.272600000000004,12.578919623022565,12.578919623022568,12.578919623022568,0.4223401404030795431319057813260365839006981612926616556368810092475899573546649517860816992806813061,0.1553197191938409137361884373479268321986036774146766887262379815048200852906700964278366014386373877,0.4223401404030795431319057813260365839006981612926616556368810092475899573546649517860816992806813061,0.4223401404030795,0.15531971919384094,0.4223401404030795,0.4223401404030795,0.15531971919384094,0.4223401404030795,4.737371849955281e-16,4.737371849955281e-16,2.4539908170858064e-17,2.4539908170858064e-17,3.5566772651345884e-10,3.5566772651345884e-10,0.155319719193841,8.005105940211589e-17
12/5,2.4,0x1.3333333333333p+1,main_grid,True,True,True,34.56,34.559999999999995,12.76245504,12.762455039999995,12.762455039999995,0.4176749240873329650530937345421590609576008347685430905933283507183269967468578835440112939273476963,0.1646501518253340698938125309156818780847983304629138188133432985633460065062842329119774121453046075,0.4176749240873329650530937345421590609576008347685430905933283507183269967468578835440112939273476963,0.41767492408733303,0.164650151825334,0.41767492408733303,0.41767492408733303,0.164650151825334,0.41767492408733303,7.81734250404499e-16,7.81734250404499e-16,7.970842763946865e-17,7.970842763946865e-17,3.5824578429982906e-10,3.5824578429982906e-10,0.16465015182533402,5.195285202383974e-17
241/100,2.41,0x1.347ae147ae148p+1,main_grid,True,True,True,34.8486,34.848600000000005,12.952488301897765,12.95248830189777,12.95248830189777,0.4129113579921159841310253883321851449896133593356564856437946266681595142086405327629471241708147809,0.1741772840157680317379492233356297100207732813286870287124107466636809715827189344741057516583704382,0.4129113579921159841310253883321851449896133593356564856437946266681595142086405327629471241708147809,0.4129113579921159,0.17417728401576812,0.4129113579921159,0.4129113579921159,0.17417728401576812,0.4129113579921159,8.418904108834102e-16,8.418904108834102e-16,9.284300921915765e-17,9.284300921915765e-17,3.6089565573785084e-10,3.6089565573785084e-10,0.1741772840157681,6.508743360352874e-17
121/50,2.42,0x1.35c28f5c28f5cp+1,main_grid,True,True,True,35.1384,35.1384,13.14920191257376,13.149201912573757,13.149201912573757,0.408054873288132868082632944332333446782947260105455454203378566128467973433164375882388352186231214,0.183890253423734263834734111335333106434105479789089091593242867743064053133671248235223295627537572,0.408054873288132868082632944332333446782947260105455454203378566128467973433164375882388352186231214,0.4080548732881329,0.18389025342373422,0.4080548732881329,0.4080548732881329,0.18389025342373422,0.4080548732881329,5.781395655098189e-16,5.781395655098189e-16,4.593785529378007e-17,4.593785529378007e-17,3.6361828294466565e-10,3.6361828294466565e-10,0.18389025342373425,1.8182279678151157e-17
243/100,2.43,0x1.370a3d70a3d71p+1,main_grid,True,True,True,35.4294,35.4294,13.352781439517085,13.352781439517093,13.352781439517093,0.4031110374544774146061608090452302158777847373873154937564375697343391886588281047526213365630144046,0.1937779250910451707876783819095395682444305252253690124871248605313216226823437904947573268739711907,0.4031110374544774146061608090452302158777847373873154937564375697343391886588281047526213365630144046,0.4031110374544773,0.19377792509104538,0.4031110374544773,0.4031110374544773,0.19377792509104538,0.4031110374544773,1.491462462656919e-15,1.491462462656919e-15,2.1242250813267917e-16,2.1242250813267917e-16,3.66414578793965e-10,3.66414578793965e-10,0.19377792509104527,1.0140020567016353e-16
61/25,2.44,0x1.3851eb851eb85p+1,main_grid,True,True,True,35.7216,35.7216,13.56341554253824,13.563415542538241,13.563415542538241,0.3980855335828045695368249500242657491307980456467120204899133895525906919240514695703775214334902667,0.2038289328343908609263500999514685017384039087065759590201732208948186161518970608592449571330194666,0.3980855335828045695368249500242657491307980456467120204899133895525906919240514695703775214334902667,0.3980855335828045,0.2038289328343909,0.3980855335828045,0.3980855335828045,0.2038289328343909,0.3980855335828045,3.715518902615795e-16,3.715518902615795e-16,4.699806551466454e-17,4.699806551466454e-17,3.6928542657208474e-10,3.6928542657208474e-10,0.20382893283439085,8.513085716593286e-18
49/20,2.45,0x1.399999999999ap+1,main_grid,True,True,True,36.015,36.01500000000001,13.781296002578125,13.781296002578133,13.781296002578133,0.3929841394471100733550690255931998462548465431969695561157900434864020621962273855376411094907742359,0.2140317211057798532898619488136003074903069136060608877684199130271958756075452289247177810184515281,0.3929841394471100733550690255931998462548465431969695561157900434864020621962273855376411094907742359,0.3929841394471099,0.21403172110578014,0.3929841394471099,0.3929841394471099,0.21403172110578014,0.3929841394471099,1.7281369134961648e-15,1.7281369134961648e-15,2.8946553065443518e-16,2.8946553065443518e-16,3.722316797173717e-10,3.722316797173717e-10,0.21403172110578014,2.8946553065443518e-16
123/50,2.46,0x1.3ae147ae147aep+1,main_grid,True,True,True,36.3096,36.309599999999996,14.00661775063584,14.006617750635838,14.006617750635838,0.3878127064918047876836112589564495409396841092410700831740880483666078383074726282217972717982863795,0.224374587016390424632777482087100918120631781517859833651823903266784323385054743556405456403427241,0.3878127064918047876836112589564495409396841092410700831740880483666078383074726282217972717982863795,0.3878127064918048,0.2243745870163903,0.3878127064918048,0.3878127064918048,0.2243745870163903,0.3878127064918048,6.237209688120293e-16,6.237209688120293e-16,1.3239493343132708e-16,1.3239493343132708e-16,3.7525416164200283e-10,3.7525416164200283e-10,0.22437458701639038,4.912820658444033e-17
247/100,2.47,0x1.3c28f5c28f5c3p+1,main_grid,True,True,True,36.6054,36.60540000000001,14.239578896815285,14.23957889681529,14.23957889681529,0.3825771388877041618746713612355976344354836448394693255974676718333390642965370568754070398168138196,0.2348457222245916762506572775288047311290327103210613488050646563333218714069258862491859203663723608,0.3825771388877041618746713612355976344354836448394693255974676718333390642965370568754070398168138196,0.38257713888770406,0.23484572222459202,0.38257713888770395,0.38257713888770406,0.23484572222459202,0.38257713888770395,1.7242049747710655e-15,1.7242049747710655e-15,3.421505107700745e-16,3.421505107700745e-16,3.7835366563497546e-10,3.7835366563497546e-10,0.23484572222459194,2.5888378392318774e-16
62/25,2.48,0x1.3d70a3d70a3d7p+1,main_grid,True,True,True,36.9024,36.9024,14.48038075949056,14.480380759490561,14.480380759490561,0.3772833728007828463648514456088176731376886857085147617380294466939018336506602572331110692040142253,0.2454332543984343072702971087823646537246226285829704765239411066121963326986794855337778615919715494,0.3772833728007828463648514456088176731376886857085147617380294466939018336506602572331110692040142253,0.37728337280078283,0.24543325439843433,0.37728337280078283,0.37728337280078283,0.24543325439843433,0.37728337280078283,2.713787194812754e-16,2.713787194812754e-16,2.3397258405300414e-17,2.3397258405300414e-17,3.8153095484455083e-10,3.8153095484455083e-10,0.24543325439843441,1.0666398525218716e-16
249/100,2.49,0x1.3eb851eb851ecp+1,main_grid,True,True,True,37.2006,37.2006,14.729227894590165,14.729227894590174,14.729227894590174,0.3719373560121995414547328381242417074240433972294195958398211191545293887496535711682811376135444403,0.2561252879756009170905343237515165851519132055411608083203577616909412225006928576634377247729111194,0.3719373560121995414547328381242417074240433972294195958398211191545293887496535711682811376135444403,0.3719373560121994,0.25612528797560113,0.3719373560121994,0.3719373560121994,0.25612528797560113,0.3719373560121994,1.5853021497216691e-15,1.5853021497216691e-15,2.1760291423354863e-16,2.1760291423354863e-16,3.8478676233802234e-10,3.8478676233802234e-10,0.256125287975601,1.0658061177103298e-16
5/2,2.5,0x1.4000000000000p+1,main_grid,True,True,True,37.5,37.5,14.986328125,14.986328125,14.986328125,0.3665450280203310308875276945132282027890003909813632216864329466962074807767496416004170467874364655,0.2669099439593379382249446109735435944219992180372735566271341066075850384465007167991659064251270689,0.3665450280203310308875276945132282027890003909813632216864329466962074807767496416004170467874364655,0.366545028020331,0.2669099439593379,0.366545028020331,0.366545028020331,0.2669099439593379,0.366545028020331,2.482701685957749e-16,2.482701685957749e-16,1.2957183872694223e-17,1.2957183872694223e-17,3.8812179123629816e-10,3.8812179123629816e-10,0.2669099439593379,1.2957183872694223e-17
0,0.0,0x0.0p+0,outside_window_zero_input,False,False,False,0.0,0.0,0.0,0.0,0.0,,,,,,,,,,0.0,0.0,,,1e-12,1e-12,,
5,5.0,0x1.4000000000000p+2,outside_window_AC_zero,False,False,True,150.0,150.0,1722.25,1722.25,1722.25,0.0,1.0,0.0,0.0,1.0,0.0,0.0,1.0,0.0,5.082284216461516e-15,5.082284216461516e-15,0.0,0.0,4.151e-09,4.151e-09,1.0,0.0
